,VARIABLE_NAME,CALCULATION,VALUE,STRVALUE,STATUSFLAGS,TIMESTAMP
0,RobotSimForPA/Global/R1_WeldingResistance,0,0.31420000000000003,,2228224,2025-08-11 14:20:01
1,RobotSimForPA/Global/R1_WeldingResistance,0,0.26077,,2228224,2025-08-11 14:20:02
2,RobotSimForPA/Global/R1_WeldingResistance,0,0.26077,,2228224,2025-08-11 14:20:03
3,RobotSimForPA/Global/R1_WeldingResistance,0,0.32115000000000005,,2228224,2025-08-11 14:20:04
4,RobotSimForPA/Global/R1_WeldingResistance,0,0.17377,,2228224,2025-08-11 14:20:05
5,RobotSimForPA/Global/R1_WeldingResistance,0,0.31767,,2228224,2025-08-11 14:20:06
6,RobotSimForPA/Global/R1_WeldingResistance,0,0.19693000000000002,,2228224,2025-08-11 14:20:07
7,RobotSimForPA/Global/R1_WeldingResistance,0,0.24324,,2228224,2025-08-11 14:20:08
8,RobotSimForPA/Global/R1_WeldingResistance,0,0.24324,,2228224,2025-08-11 14:20:09
9,RobotSimForPA/Global/R1_WeldingResistance,0,0.17262000000000002,,2228224,2025-08-11 14:20:10
10,RobotSimForPA/Global/R1_WeldingResistance,0,0.30543000000000003,,2228224,2025-08-11 14:20:11
11,RobotSimForPA/Global/R1_WeldingResistance,0,0.25664000000000003,,2228224,2025-08-11 14:20:12
12,RobotSimForPA/Global/R1_WeldingResistance,0,0.19941,,2228224,2025-08-11 14:20:13
13,RobotSimForPA/Global/R1_WeldingResistance,0,0.0,,2228224,2025-08-11 14:20:14
14,RobotSimForPA/Global/R1_WeldingResistance,0,0.0,,2228224,2025-08-11 14:20:15
15,RobotSimForPA/Global/R1_WeldingResistance,0,0.0,,2228224,2025-08-11 14:20:16
16,RobotSimForPA/Global/R1_WeldingResistance,0,0.0,,2228224,2025-08-11 14:20:17
17,RobotSimForPA/Global/R1_WeldingResistance,0,0.0,,2228224,2025-08-11 14:20:18
18,RobotSimForPA/Global/R1_WeldingResistance,0,0.0,,2228224,2025-08-11 14:20:19
19,RobotSimForPA/Global/R1_WeldingResistance,0,0.0,,2228224,2025-08-11 14:20:20
20,RobotSimForPA/Global/R1_WeldingResistance,0,0.0,,2228224,2025-08-11 14:20:21
21,RobotSimForPA/Global/R1_WeldingResistance,0,0.0,,2228224,2025-08-11 14:20:22
22,RobotSimForPA/Global/R1_WeldingResistance,0,0.0,,2228224,2025-08-11 14:20:23
23,RobotSimForPA/Global/R1_WeldingResistance,0,0.0,,2228224,2025-08-11 14:20:24
24,RobotSimForPA/Global/R1_WeldingResistance,0,0.0,,2228224,2025-08-11 14:20:25
25,RobotSimForPA/Global/R1_WeldingResistance,0,0.0,,2228224,2025-08-11 14:20:26
26,RobotSimForPA/Global/R1_WeldingResistance,0,0.0,,2228224,2025-08-11 14:20:27
27,RobotSimForPA/Global/R1_WeldingResistance,0,0.0,,2228224,2025-08-11 14:20:28
28,RobotSimForPA/Global/R1_WeldingResistance,0,0.0,,2228224,2025-08-11 14:20:29
29,RobotSimForPA/Global/R1_WeldingResistance,0,0.26408000000000004,,2228224,2025-08-11 14:20:30
30,RobotSimForPA/Global/R1_WeldingResistance,0,0.21016,,2228224,2025-08-11 14:20:31
31,RobotSimForPA/Global/R1_WeldingResistance,0,0.21016,,2228224,2025-08-11 14:20:32
32,RobotSimForPA/Global/R1_WeldingResistance,0,0.20685,,2228224,2025-08-11 14:20:33
33,RobotSimForPA/Global/R1_WeldingResistance,0,0.19594,,2228224,2025-08-11 14:20:34
34,RobotSimForPA/Global/R1_WeldingResistance,0,0.17659000000000002,,2228224,2025-08-11 14:20:35
35,RobotSimForPA/Global/R1_WeldingResistance,0,0.23381000000000002,,2228224,2025-08-11 14:20:36
36,RobotSimForPA/Global/R1_WeldingResistance,0,0.18502000000000002,,2228224,2025-08-11 14:20:37
37,RobotSimForPA/Global/R1_WeldingResistance,0,0.18502000000000002,,2228224,2025-08-11 14:20:38
38,RobotSimForPA/Global/R1_WeldingResistance,0,0.31072000000000005,,2228224,2025-08-11 14:20:39
39,RobotSimForPA/Global/R1_WeldingResistance,0,0.21744000000000002,,2228224,2025-08-11 14:20:40
40,RobotSimForPA/Global/R1_WeldingResistance,0,0.27334,,2228224,2025-08-11 14:20:41
41,RobotSimForPA/Global/R1_WeldingResistance,0,0.2406,,2228224,2025-08-11 14:20:42
42,RobotSimForPA/Global/R1_WeldingResistance,0,0.20785,,2228224,2025-08-11 14:20:43
43,RobotSimForPA/Global/R1_WeldingResistance,0,0.20785,,2228224,2025-08-11 14:20:44
44,RobotSimForPA/Global/R1_WeldingResistance,0,0.23762000000000003,,2228224,2025-08-11 14:20:45
45,RobotSimForPA/Global/R1_WeldingResistance,0,0.24142000000000002,,2228224,2025-08-11 14:20:46
46,RobotSimForPA/Global/R1_WeldingResistance,0,0.0,,2228224,2025-08-11 14:20:47
47,RobotSimForPA/Global/R1_WeldingResistance,0,0.0,,2228224,2025-08-11 14:20:48
48,RobotSimForPA/Global/R1_WeldingResistance,0,0.0,,2228224,2025-08-11 14:20:49
49,RobotSimForPA/Global/R1_WeldingResistance,0,0.0,,2228224,2025-08-11 14:20:50
50,RobotSimForPA/Global/R1_WeldingResistance,0,0.0,,2228224,2025-08-11 14:20:51
51,RobotSimForPA/Global/R1_WeldingResistance,0,0.0,,2228224,2025-08-11 14:20:52
52,RobotSimForPA/Global/R1_WeldingResistance,0,0.0,,2228224,2025-08-11 14:20:53
53,RobotSimForPA/Global/R1_WeldingResistance,0,0.0,,2228224,2025-08-11 14:20:54
54,RobotSimForPA/Global/R1_WeldingResistance,0,0.0,,2228224,2025-08-11 14:20:55
55,RobotSimForPA/Global/R1_WeldingResistance,0,0.0,,2228224,2025-08-11 14:20:56
56,RobotSimForPA/Global/R1_WeldingResistance,0,0.0,,2228224,2025-08-11 14:20:57
57,RobotSimForPA/Global/R1_WeldingResistance,0,0.0,,2228224,2025-08-11 14:20:58
58,RobotSimForPA/Global/R1_WeldingResistance,0,0.0,,2228224,2025-08-11 14:20:59
59,RobotSimForPA/Global/R1_WeldingResistance,0,0.0,,2228224,2025-08-11 14:21:00
60,RobotSimForPA/Global/R1_WeldingResistance,0,0.0,,2228224,2025-08-11 14:21:01
61,RobotSimForPA/Global/R1_WeldingResistance,0,0.0,,2228224,2025-08-11 14:21:02
62,RobotSimForPA/Global/R1_WeldingResistance,0,0.30725,,2228224,2025-08-11 14:21:03
63,RobotSimForPA/Global/R1_WeldingResistance,0,0.21529,,2228224,2025-08-11 14:21:04
64,RobotSimForPA/Global/R1_WeldingResistance,0,0.2525,,2228224,2025-08-11 14:21:05
65,RobotSimForPA/Global/R1_WeldingResistance,0,0.29435,,2228224,2025-08-11 14:21:06
66,RobotSimForPA/Global/R1_WeldingResistance,0,0.29435,,2228224,2025-08-11 14:21:07
67,RobotSimForPA/Global/R1_WeldingResistance,0,0.2659,,2228224,2025-08-11 14:21:08
68,RobotSimForPA/Global/R1_WeldingResistance,0,0.27368000000000003,,2228224,2025-08-11 14:21:09
69,RobotSimForPA/Global/R1_WeldingResistance,0,0.27285000000000004,,2228224,2025-08-11 14:21:10
70,RobotSimForPA/Global/R1_WeldingResistance,0,0.26077,,2228224,2025-08-11 14:21:11
71,RobotSimForPA/Global/R1_WeldingResistance,0,0.31271000000000004,,2228224,2025-08-11 14:21:12
72,RobotSimForPA/Global/R1_WeldingResistance,0,0.31271000000000004,,2228224,2025-08-11 14:21:13
73,RobotSimForPA/Global/R1_WeldingResistance,0,0.18056000000000003,,2228224,2025-08-11 14:21:14
74,RobotSimForPA/Global/R1_WeldingResistance,0,0.29005000000000003,,2228224,2025-08-11 14:21:15
75,RobotSimForPA/Global/R1_WeldingResistance,0,0.27649,,2228224,2025-08-11 14:21:16
76,RobotSimForPA/Global/R1_WeldingResistance,0,0.0,,2228224,2025-08-11 14:21:17
77,RobotSimForPA/Global/R1_WeldingResistance,0,0.0,,2228224,2025-08-11 14:21:18
78,RobotSimForPA/Global/R1_WeldingResistance,0,0.0,,2228224,2025-08-11 14:21:19
79,RobotSimForPA/Global/R1_WeldingResistance,0,0.0,,2228224,2025-08-11 14:21:20
80,RobotSimForPA/Global/R1_WeldingResistance,0,0.0,,2228224,2025-08-11 14:21:21
81,RobotSimForPA/Global/R1_WeldingResistance,0,0.0,,2228224,2025-08-11 14:21:22
82,RobotSimForPA/Global/R1_WeldingResistance,0,0.0,,2228224,2025-08-11 14:21:23
83,RobotSimForPA/Global/R1_WeldingResistance,0,0.0,,2228224,2025-08-11 14:21:24
84,RobotSimForPA/Global/R1_WeldingResistance,0,0.0,,2228224,2025-08-11 14:21:25
85,RobotSimForPA/Global/R1_WeldingResistance,0,0.0,,2228224,2025-08-11 14:21:26
86,RobotSimForPA/Global/R1_WeldingResistance,0,0.0,,2228224,2025-08-11 14:21:27
87,RobotSimForPA/Global/R1_WeldingResistance,0,0.0,,2228224,2025-08-11 14:21:28
88,RobotSimForPA/Global/R1_WeldingResistance,0,0.0,,2228224,2025-08-11 14:21:29
89,RobotSimForPA/Global/R1_WeldingResistance,0,0.0,,2228224,2025-08-11 14:21:30
90,RobotSimForPA/Global/R1_WeldingResistance,0,0.0,,2228224,2025-08-11 14:21:31
91,RobotSimForPA/Global/R1_WeldingResistance,0,0.0,,2228224,2025-08-11 14:21:32
92,RobotSimForPA/Global/R1_WeldingResistance,0,0.19494,,2228224,2025-08-11 14:21:33
93,RobotSimForPA/Global/R1_WeldingResistance,0,0.27037,,2228224,2025-08-11 14:21:34
94,RobotSimForPA/Global/R1_WeldingResistance,0,0.22455000000000003,,2228224,2025-08-11 14:21:35
95,RobotSimForPA/Global/R1_WeldingResistance,0,0.22455000000000003,,2228224,2025-08-11 14:21:36
96,RobotSimForPA/Global/R1_WeldingResistance,0,0.30874,,2228224,2025-08-11 14:21:37
97,RobotSimForPA/Global/R1_WeldingResistance,0,0.2358,,2228224,2025-08-11 14:21:38
98,RobotSimForPA/Global/R1_WeldingResistance,0,0.2315,,2228224,2025-08-11 14:21:39
99,RobotSimForPA/Global/R1_WeldingResistance,0,0.21595000000000003,,2228224,2025-08-11 14:21:40
100,RobotSimForPA/Global/R1_WeldingResistance,0,0.27599,,2228224,2025-08-11 14:21:41
101,RobotSimForPA/Global/R1_WeldingResistance,0,0.27599,,2228224,2025-08-11 14:21:42
102,RobotSimForPA/Global/R1_WeldingResistance,0,0.28393,,2228224,2025-08-11 14:21:43
103,RobotSimForPA/Global/R1_WeldingResistance,0,0.22852000000000003,,2228224,2025-08-11 14:21:44
104,RobotSimForPA/Global/R1_WeldingResistance,0,0.32247000000000003,,2228224,2025-08-11 14:21:45
105,RobotSimForPA/Global/R1_WeldingResistance,0,0.16617,,2228224,2025-08-11 14:21:46
106,RobotSimForPA/Global/R1_WeldingResistance,0,0.19246000000000002,,2228224,2025-08-11 14:21:47
107,RobotSimForPA/Global/R1_WeldingResistance,0,0.0,,2228224,2025-08-11 14:21:48
108,RobotSimForPA/Global/R1_WeldingResistance,0,0.0,,2228224,2025-08-11 14:21:49
109,RobotSimForPA/Global/R1_WeldingResistance,0,0.0,,2228224,2025-08-11 14:21:50
110,RobotSimForPA/Global/R1_WeldingResistance,0,0.0,,2228224,2025-08-11 14:21:51
111,RobotSimForPA/Global/R1_WeldingResistance,0,0.0,,2228224,2025-08-11 14:21:52
112,RobotSimForPA/Global/R1_WeldingResistance,0,0.0,,2228224,2025-08-11 14:21:53
113,RobotSimForPA/Global/R1_WeldingResistance,0,0.0,,2228224,2025-08-11 14:21:54
114,RobotSimForPA/Global/R1_WeldingResistance,0,0.0,,2228224,2025-08-11 14:21:55
115,RobotSimForPA/Global/R1_WeldingResistance,0,0.0,,2228224,2025-08-11 14:21:56
116,RobotSimForPA/Global/R1_WeldingResistance,0,0.0,,2228224,2025-08-11 14:21:57
117,RobotSimForPA/Global/R1_WeldingResistance,0,0.0,,2228224,2025-08-11 14:21:58
118,RobotSimForPA/Global/R1_WeldingResistance,0,0.0,,2228224,2025-08-11 14:21:59
119,RobotSimForPA/Global/R1_WeldingResistance,0,0.0,,2228224,2025-08-11 14:22:00
120,RobotSimForPA/Global/R1_WeldingResistance,0,0.0,,2228224,2025-08-11 14:22:01
121,RobotSimForPA/Global/R1_WeldingResistance,0,0.0,,2228224,2025-08-11 14:22:02
122,RobotSimForPA/Global/R1_WeldingResistance,0,0.0,,2228224,2025-08-11 14:22:03
123,RobotSimForPA/Global/R1_WeldingResistance,0,0.22984000000000002,,2228224,2025-08-11 14:22:04
124,RobotSimForPA/Global/R1_WeldingResistance,0,0.22984000000000002,,2228224,2025-08-11 14:22:05
125,RobotSimForPA/Global/R1_WeldingResistance,0,0.18452000000000002,,2228224,2025-08-11 14:22:06
126,RobotSimForPA/Global/R1_WeldingResistance,0,0.19296000000000002,,2228224,2025-08-11 14:22:07
127,RobotSimForPA/Global/R1_WeldingResistance,0,0.27368000000000003,,2228224,2025-08-11 14:22:08
128,RobotSimForPA/Global/R1_WeldingResistance,0,0.18271,,2228224,2025-08-11 14:22:09
129,RobotSimForPA/Global/R1_WeldingResistance,0,0.21000000000000002,,2228224,2025-08-11 14:22:10
130,RobotSimForPA/Global/R1_WeldingResistance,0,0.21000000000000002,,2228224,2025-08-11 14:22:11
131,RobotSimForPA/Global/R1_WeldingResistance,0,0.26441000000000003,,2228224,2025-08-11 14:22:12
132,RobotSimForPA/Global/R1_WeldingResistance,0,0.32925000000000004,,2228224,2025-08-11 14:22:13
133,RobotSimForPA/Global/R1_WeldingResistance,0,0.32511,,2228224,2025-08-11 14:22:14
134,RobotSimForPA/Global/R1_WeldingResistance,0,0.18006000000000003,,2228224,2025-08-11 14:22:15
135,RobotSimForPA/Global/R1_WeldingResistance,0,0.31552,,2228224,2025-08-11 14:22:16
136,RobotSimForPA/Global/R1_WeldingResistance,0,0.31552,,2228224,2025-08-11 14:22:17
137,RobotSimForPA/Global/R1_WeldingResistance,0,0.29369,,2228224,2025-08-11 14:22:18
138,RobotSimForPA/Global/R1_WeldingResistance,0,0.29501000000000005,,2228224,2025-08-11 14:22:19
139,RobotSimForPA/Global/R1_WeldingResistance,0,0.21347000000000002,,2228224,2025-08-11 14:22:20
140,RobotSimForPA/Global/R1_WeldingResistance,0,0.0,,2228224,2025-08-11 14:22:21
141,RobotSimForPA/Global/R1_WeldingResistance,0,0.0,,2228224,2025-08-11 14:22:22
142,RobotSimForPA/Global/R1_WeldingResistance,0,0.0,,2228224,2025-08-11 14:22:23
143,RobotSimForPA/Global/R1_WeldingResistance,0,0.0,,2228224,2025-08-11 14:22:24
144,RobotSimForPA/Global/R1_WeldingResistance,0,0.0,,2228224,2025-08-11 14:22:25
145,RobotSimForPA/Global/R1_WeldingResistance,0,0.0,,2228224,2025-08-11 14:22:26
146,RobotSimForPA/Global/R1_WeldingResistance,0,0.0,,2228224,2025-08-11 14:22:27
147,RobotSimForPA/Global/R1_WeldingResistance,0,0.0,,2228224,2025-08-11 14:22:28
148,RobotSimForPA/Global/R1_WeldingResistance,0,0.0,,2228224,2025-08-11 14:22:29
149,RobotSimForPA/Global/R1_WeldingResistance,0,0.0,,2228224,2025-08-11 14:22:30
150,RobotSimForPA/Global/R1_WeldingResistance,0,0.0,,2228224,2025-08-11 14:22:31
151,RobotSimForPA/Global/R1_WeldingResistance,0,0.0,,2228224,2025-08-11 14:22:32
152,RobotSimForPA/Global/R1_WeldingResistance,0,0.0,,2228224,2025-08-11 14:22:33
153,RobotSimForPA/Global/R1_WeldingResistance,0,0.0,,2228224,2025-08-11 14:22:34
154,RobotSimForPA/Global/R1_WeldingResistance,0,0.0,,2228224,2025-08-11 14:22:35
155,RobotSimForPA/Global/R1_WeldingResistance,0,0.0,,2228224,2025-08-11 14:22:36
156,RobotSimForPA/Global/R1_WeldingResistance,0,0.24804,,2228224,2025-08-11 14:22:37
157,RobotSimForPA/Global/R1_WeldingResistance,0,0.28625,,2228224,2025-08-11 14:22:38
158,RobotSimForPA/Global/R1_WeldingResistance,0,0.27086000000000005,,2228224,2025-08-11 14:22:39
159,RobotSimForPA/Global/R1_WeldingResistance,0,0.27086000000000005,,2228224,2025-08-11 14:22:40
160,RobotSimForPA/Global/R1_WeldingResistance,0,0.21132,,2228224,2025-08-11 14:22:41
161,RobotSimForPA/Global/R1_WeldingResistance,0,0.26574000000000003,,2228224,2025-08-11 14:22:42
162,RobotSimForPA/Global/R1_WeldingResistance,0,0.20106000000000002,,2228224,2025-08-11 14:22:43
163,RobotSimForPA/Global/R1_WeldingResistance,0,0.20917000000000002,,2228224,2025-08-11 14:22:44
164,RobotSimForPA/Global/R1_WeldingResistance,0,0.27748,,2228224,2025-08-11 14:22:45
165,RobotSimForPA/Global/R1_WeldingResistance,0,0.27748,,2228224,2025-08-11 14:22:46
166,RobotSimForPA/Global/R1_WeldingResistance,0,0.16782000000000002,,2228224,2025-08-11 14:22:47
167,RobotSimForPA/Global/R1_WeldingResistance,0,0.18883000000000003,,2228224,2025-08-11 14:22:48
168,RobotSimForPA/Global/R1_WeldingResistance,0,0.30957,,2228224,2025-08-11 14:22:49
169,RobotSimForPA/Global/R1_WeldingResistance,0,0.24605000000000002,,2228224,2025-08-11 14:22:50
170,RobotSimForPA/Global/R1_WeldingResistance,0,0.18800000000000003,,2228224,2025-08-11 14:22:51
171,RobotSimForPA/Global/R1_WeldingResistance,0,0.0,,2228224,2025-08-11 14:22:52
172,RobotSimForPA/Global/R1_WeldingResistance,0,0.0,,2228224,2025-08-11 14:22:53
173,RobotSimForPA/Global/R1_WeldingResistance,0,0.0,,2228224,2025-08-11 14:22:54
174,RobotSimForPA/Global/R1_WeldingResistance,0,0.0,,2228224,2025-08-11 14:22:55
175,RobotSimForPA/Global/R1_WeldingResistance,0,0.0,,2228224,2025-08-11 14:22:56
176,RobotSimForPA/Global/R1_WeldingResistance,0,0.0,,2228224,2025-08-11 14:22:57
177,RobotSimForPA/Global/R1_WeldingResistance,0,0.0,,2228224,2025-08-11 14:22:58
178,RobotSimForPA/Global/R1_WeldingResistance,0,0.0,,2228224,2025-08-11 14:22:59
179,RobotSimForPA/Global/R1_WeldingResistance,0,0.0,,2228224,2025-08-11 14:23:00
180,RobotSimForPA/Global/R1_WeldingResistance,0,0.0,,2228224,2025-08-11 14:23:01
181,RobotSimForPA/Global/R1_WeldingResistance,0,0.0,,2228224,2025-08-11 14:23:02
182,RobotSimForPA/Global/R1_WeldingResistance,0,0.0,,2228224,2025-08-11 14:23:03
183,RobotSimForPA/Global/R1_WeldingResistance,0,0.0,,2228224,2025-08-11 14:23:04
184,RobotSimForPA/Global/R1_WeldingResistance,0,0.0,,2228224,2025-08-11 14:23:05
185,RobotSimForPA/Global/R1_WeldingResistance,0,0.0,,2228224,2025-08-11 14:23:06
186,RobotSimForPA/Global/R1_WeldingResistance,0,0.0,,2228224,2025-08-11 14:23:07
187,RobotSimForPA/Global/R1_WeldingResistance,0,0.25151,,2228224,2025-08-11 14:23:08
188,RobotSimForPA/Global/R1_WeldingResistance,0,0.25151,,2228224,2025-08-11 14:23:09
189,RobotSimForPA/Global/R1_WeldingResistance,0,0.25565000000000004,,2228224,2025-08-11 14:23:10
190,RobotSimForPA/Global/R1_WeldingResistance,0,0.27798,,2228224,2025-08-11 14:23:11
191,RobotSimForPA/Global/R1_WeldingResistance,0,0.30510000000000004,,2228224,2025-08-11 14:23:12
192,RobotSimForPA/Global/R1_WeldingResistance,0,0.30163,,2228224,2025-08-11 14:23:13
193,RobotSimForPA/Global/R1_WeldingResistance,0,0.23861000000000002,,2228224,2025-08-11 14:23:14
194,RobotSimForPA/Global/R1_WeldingResistance,0,0.23861000000000002,,2228224,2025-08-11 14:23:15
195,RobotSimForPA/Global/R1_WeldingResistance,0,0.31751,,2228224,2025-08-11 14:23:16
196,RobotSimForPA/Global/R1_WeldingResistance,0,0.21148000000000003,,2228224,2025-08-11 14:23:17
197,RobotSimForPA/Global/R1_WeldingResistance,0,0.26276000000000005,,2228224,2025-08-11 14:23:18
198,RobotSimForPA/Global/R1_WeldingResistance,0,0.23613,,2228224,2025-08-11 14:23:19
199,RobotSimForPA/Global/R1_WeldingResistance,0,0.25697000000000003,,2228224,2025-08-11 14:23:20
200,RobotSimForPA/Global/R1_WeldingResistance,0,0.25697000000000003,,2228224,2025-08-11 14:23:21
201,RobotSimForPA/Global/R1_WeldingResistance,0,0.30676000000000003,,2228224,2025-08-11 14:23:22
202,RobotSimForPA/Global/R1_WeldingResistance,0,0.0,,2228224,2025-08-11 14:23:23
203,RobotSimForPA/Global/R1_WeldingResistance,0,0.0,,2228224,2025-08-11 14:23:24
204,RobotSimForPA/Global/R1_WeldingResistance,0,0.0,,2228224,2025-08-11 14:23:25
205,RobotSimForPA/Global/R1_WeldingResistance,0,0.0,,2228224,2025-08-11 14:23:26
206,RobotSimForPA/Global/R1_WeldingResistance,0,0.0,,2228224,2025-08-11 14:23:27
207,RobotSimForPA/Global/R1_WeldingResistance,0,0.0,,2228224,2025-08-11 14:23:28
208,RobotSimForPA/Global/R1_WeldingResistance,0,0.0,,2228224,2025-08-11 14:23:29
209,RobotSimForPA/Global/R1_WeldingResistance,0,0.0,,2228224,2025-08-11 14:23:30
210,RobotSimForPA/Global/R1_WeldingResistance,0,0.0,,2228224,2025-08-11 14:23:31
211,RobotSimForPA/Global/R1_WeldingResistance,0,0.0,,2228224,2025-08-11 14:23:32
212,RobotSimForPA/Global/R1_WeldingResistance,0,0.0,,2228224,2025-08-11 14:23:33
213,RobotSimForPA/Global/R1_WeldingResistance,0,0.0,,2228224,2025-08-11 14:23:34
214,RobotSimForPA/Global/R1_WeldingResistance,0,0.0,,2228224,2025-08-11 14:23:35
215,RobotSimForPA/Global/R1_WeldingResistance,0,0.0,,2228224,2025-08-11 14:23:36
216,RobotSimForPA/Global/R1_WeldingResistance,0,0.0,,2228224,2025-08-11 14:23:37
217,RobotSimForPA/Global/R1_WeldingResistance,0,0.1698,,2228224,2025-08-11 14:23:38
218,RobotSimForPA/Global/R1_WeldingResistance,0,0.20967000000000002,,2228224,2025-08-11 14:23:39
219,RobotSimForPA/Global/R1_WeldingResistance,0,0.28939000000000004,,2228224,2025-08-11 14:23:40
220,RobotSimForPA/Global/R1_WeldingResistance,0,0.27814,,2228224,2025-08-11 14:23:41
221,RobotSimForPA/Global/R1_WeldingResistance,0,0.25730000000000003,,2228224,2025-08-11 14:23:42
222,RobotSimForPA/Global/R1_WeldingResistance,0,0.20173000000000002,,2228224,2025-08-11 14:23:43
223,RobotSimForPA/Global/R1_WeldingResistance,0,0.20173000000000002,,2228224,2025-08-11 14:23:44
224,RobotSimForPA/Global/R1_WeldingResistance,0,0.22885000000000003,,2228224,2025-08-11 14:23:45
225,RobotSimForPA/Global/R1_WeldingResistance,0,0.30626000000000003,,2228224,2025-08-11 14:23:46
226,RobotSimForPA/Global/R1_WeldingResistance,0,0.26706,,2228224,2025-08-11 14:23:47
227,RobotSimForPA/Global/R1_WeldingResistance,0,0.22538000000000002,,2228224,2025-08-11 14:23:48
228,RobotSimForPA/Global/R1_WeldingResistance,0,0.28674000000000005,,2228224,2025-08-11 14:23:49
229,RobotSimForPA/Global/R1_WeldingResistance,0,0.28674000000000005,,2228224,2025-08-11 14:23:50
230,RobotSimForPA/Global/R1_WeldingResistance,0,0.31536000000000003,,2228224,2025-08-11 14:23:51
231,RobotSimForPA/Global/R1_WeldingResistance,0,0.20470000000000002,,2228224,2025-08-11 14:23:52
232,RobotSimForPA/Global/R1_WeldingResistance,0,0.0,,2228224,2025-08-11 14:23:53
233,RobotSimForPA/Global/R1_WeldingResistance,0,0.0,,2228224,2025-08-11 14:23:54
234,RobotSimForPA/Global/R1_WeldingResistance,0,0.0,,2228224,2025-08-11 14:23:55
235,RobotSimForPA/Global/R1_WeldingResistance,0,0.0,,2228224,2025-08-11 14:23:56
236,RobotSimForPA/Global/R1_WeldingResistance,0,0.0,,2228224,2025-08-11 14:23:57
237,RobotSimForPA/Global/R1_WeldingResistance,0,0.0,,2228224,2025-08-11 14:23:58
238,RobotSimForPA/Global/R1_WeldingResistance,0,0.0,,2228224,2025-08-11 14:23:59
239,RobotSimForPA/Global/R1_WeldingResistance,0,0.0,,2228224,2025-08-11 14:24:00
240,RobotSimForPA/Global/R1_WeldingResistance,0,0.0,,2228224,2025-08-11 14:24:01
241,RobotSimForPA/Global/R1_WeldingResistance,0,0.0,,2228224,2025-08-11 14:24:02
242,RobotSimForPA/Global/R1_WeldingResistance,0,0.0,,2228224,2025-08-11 14:24:03
243,RobotSimForPA/Global/R1_WeldingResistance,0,0.0,,2228224,2025-08-11 14:24:04
244,RobotSimForPA/Global/R1_WeldingResistance,0,0.0,,2228224,2025-08-11 14:24:05
245,RobotSimForPA/Global/R1_WeldingResistance,0,0.0,,2228224,2025-08-11 14:24:06
246,RobotSimForPA/Global/R1_WeldingResistance,0,0.0,,2228224,2025-08-11 14:24:07
247,RobotSimForPA/Global/R1_WeldingResistance,0,0.26061,,2228224,2025-08-11 14:24:08
248,RobotSimForPA/Global/R1_WeldingResistance,0,0.20007000000000003,,2228224,2025-08-11 14:24:09
249,RobotSimForPA/Global/R1_WeldingResistance,0,0.29303,,2228224,2025-08-11 14:24:10
250,RobotSimForPA/Global/R1_WeldingResistance,0,0.31784,,2228224,2025-08-11 14:24:11
251,RobotSimForPA/Global/R1_WeldingResistance,0,0.30891,,2228224,2025-08-11 14:24:12
252,RobotSimForPA/Global/R1_WeldingResistance,0,0.30494000000000004,,2228224,2025-08-11 14:24:13
253,RobotSimForPA/Global/R1_WeldingResistance,0,0.30494000000000004,,2228224,2025-08-11 14:24:14
254,RobotSimForPA/Global/R1_WeldingResistance,0,0.20338,,2228224,2025-08-11 14:24:15
255,RobotSimForPA/Global/R1_WeldingResistance,0,0.22472000000000003,,2228224,2025-08-11 14:24:16
256,RobotSimForPA/Global/R1_WeldingResistance,0,0.25680000000000003,,2228224,2025-08-11 14:24:17
257,RobotSimForPA/Global/R1_WeldingResistance,0,0.18849000000000002,,2228224,2025-08-11 14:24:18
258,RobotSimForPA/Global/R1_WeldingResistance,0,0.18849000000000002,,2228224,2025-08-11 14:24:19
259,RobotSimForPA/Global/R1_WeldingResistance,0,0.22009,,2228224,2025-08-11 14:24:20
260,RobotSimForPA/Global/R1_WeldingResistance,0,0.23348000000000002,,2228224,2025-08-11 14:24:21
261,RobotSimForPA/Global/R1_WeldingResistance,0,0.16881000000000002,,2228224,2025-08-11 14:24:22
262,RobotSimForPA/Global/R1_WeldingResistance,0,0.28029000000000004,,2228224,2025-08-11 14:24:23
263,RobotSimForPA/Global/R1_WeldingResistance,0,0.0,,2228224,2025-08-11 14:24:24
264,RobotSimForPA/Global/R1_WeldingResistance,0,0.0,,2228224,2025-08-11 14:24:25
265,RobotSimForPA/Global/R1_WeldingResistance,0,0.0,,2228224,2025-08-11 14:24:26
266,RobotSimForPA/Global/R1_WeldingResistance,0,0.0,,2228224,2025-08-11 14:24:27
267,RobotSimForPA/Global/R1_WeldingResistance,0,0.0,,2228224,2025-08-11 14:24:28
268,RobotSimForPA/Global/R1_WeldingResistance,0,0.0,,2228224,2025-08-11 14:24:29
269,RobotSimForPA/Global/R1_WeldingResistance,0,0.0,,2228224,2025-08-11 14:24:30
270,RobotSimForPA/Global/R1_WeldingResistance,0,0.0,,2228224,2025-08-11 14:24:31
271,RobotSimForPA/Global/R1_WeldingResistance,0,0.0,,2228224,2025-08-11 14:24:32
272,RobotSimForPA/Global/R1_WeldingResistance,0,0.0,,2228224,2025-08-11 14:24:33
273,RobotSimForPA/Global/R1_WeldingResistance,0,0.0,,2228224,2025-08-11 14:24:34
274,RobotSimForPA/Global/R1_WeldingResistance,0,0.0,,2228224,2025-08-11 14:24:35
275,RobotSimForPA/Global/R1_WeldingResistance,0,0.0,,2228224,2025-08-11 14:24:36
276,RobotSimForPA/Global/R1_WeldingResistance,0,0.0,,2228224,2025-08-11 14:24:37
277,RobotSimForPA/Global/R1_WeldingResistance,0,0.0,,2228224,2025-08-11 14:24:38
278,RobotSimForPA/Global/R1_WeldingResistance,0,0.0,,2228224,2025-08-11 14:24:39
279,RobotSimForPA/Global/R1_WeldingResistance,0,0.19627000000000003,,2228224,2025-08-11 14:24:40
280,RobotSimForPA/Global/R1_WeldingResistance,0,0.17195000000000002,,2228224,2025-08-11 14:24:41
281,RobotSimForPA/Global/R1_WeldingResistance,0,0.29055000000000003,,2228224,2025-08-11 14:24:42
282,RobotSimForPA/Global/R1_WeldingResistance,0,0.29055000000000003,,2228224,2025-08-11 14:24:43
283,RobotSimForPA/Global/R1_WeldingResistance,0,0.22802000000000003,,2228224,2025-08-11 14:24:44
284,RobotSimForPA/Global/R1_WeldingResistance,0,0.21496,,2228224,2025-08-11 14:24:45
285,RobotSimForPA/Global/R1_WeldingResistance,0,0.26987,,2228224,2025-08-11 14:24:46
286,RobotSimForPA/Global/R1_WeldingResistance,0,0.25333,,2228224,2025-08-11 14:24:47
287,RobotSimForPA/Global/R1_WeldingResistance,0,0.25333,,2228224,2025-08-11 14:24:48
288,RobotSimForPA/Global/R1_WeldingResistance,0,0.20884000000000003,,2228224,2025-08-11 14:24:49
289,RobotSimForPA/Global/R1_WeldingResistance,0,0.30014,,2228224,2025-08-11 14:24:50
290,RobotSimForPA/Global/R1_WeldingResistance,0,0.19561,,2228224,2025-08-11 14:24:51
291,RobotSimForPA/Global/R1_WeldingResistance,0,0.19279000000000002,,2228224,2025-08-11 14:24:52
292,RobotSimForPA/Global/R1_WeldingResistance,0,0.21000000000000002,,2228224,2025-08-11 14:24:53
293,RobotSimForPA/Global/R1_WeldingResistance,0,0.21000000000000002,,2228224,2025-08-11 14:24:54
294,RobotSimForPA/Global/R1_WeldingResistance,0,0.18899000000000002,,2228224,2025-08-11 14:24:55
295,RobotSimForPA/Global/R1_WeldingResistance,0,0.0,,2228224,2025-08-11 14:24:56
296,RobotSimForPA/Global/R1_WeldingResistance,0,0.0,,2228224,2025-08-11 14:24:57
297,RobotSimForPA/Global/R1_WeldingResistance,0,0.0,,2228224,2025-08-11 14:24:58
298,RobotSimForPA/Global/R1_WeldingResistance,0,0.0,,2228224,2025-08-11 14:24:59
299,RobotSimForPA/Global/R1_WeldingResistance,0,0.0,,2228224,2025-08-11 14:25:00
300,RobotSimForPA/Global/R1_WeldingResistance,0,0.0,,2228224,2025-08-11 14:25:01
301,RobotSimForPA/Global/R1_WeldingResistance,0,0.0,,2228224,2025-08-11 14:25:02
302,RobotSimForPA/Global/R1_WeldingResistance,0,0.0,,2228224,2025-08-11 14:25:03
303,RobotSimForPA/Global/R1_WeldingResistance,0,0.0,,2228224,2025-08-11 14:25:04
304,RobotSimForPA/Global/R1_WeldingResistance,0,0.0,,2228224,2025-08-11 14:25:05
305,RobotSimForPA/Global/R1_WeldingResistance,0,0.0,,2228224,2025-08-11 14:25:06
306,RobotSimForPA/Global/R1_WeldingResistance,0,0.0,,2228224,2025-08-11 14:25:07
307,RobotSimForPA/Global/R1_WeldingResistance,0,0.0,,2228224,2025-08-11 14:25:08
308,RobotSimForPA/Global/R1_WeldingResistance,0,0.0,,2228224,2025-08-11 14:25:09
309,RobotSimForPA/Global/R1_WeldingResistance,0,0.0,,2228224,2025-08-11 14:25:10
310,RobotSimForPA/Global/R1_WeldingResistance,0,0.0,,2228224,2025-08-11 14:25:11
311,RobotSimForPA/Global/R1_WeldingResistance,0,0.25416,,2228224,2025-08-11 14:25:12
312,RobotSimForPA/Global/R1_WeldingResistance,0,0.25416,,2228224,2025-08-11 14:25:13
313,RobotSimForPA/Global/R1_WeldingResistance,0,0.28988,,2228224,2025-08-11 14:25:14
314,RobotSimForPA/Global/R1_WeldingResistance,0,0.16964,,2228224,2025-08-11 14:25:15
315,RobotSimForPA/Global/R1_WeldingResistance,0,0.25565000000000004,,2228224,2025-08-11 14:25:16
316,RobotSimForPA/Global/R1_WeldingResistance,0,0.18039000000000002,,2228224,2025-08-11 14:25:17
317,RobotSimForPA/Global/R1_WeldingResistance,0,0.18039000000000002,,2228224,2025-08-11 14:25:18
318,RobotSimForPA/Global/R1_WeldingResistance,0,0.18717,,2228224,2025-08-11 14:25:19
319,RobotSimForPA/Global/R1_WeldingResistance,0,0.18105000000000002,,2228224,2025-08-11 14:25:20
320,RobotSimForPA/Global/R1_WeldingResistance,0,0.30676000000000003,,2228224,2025-08-11 14:25:21
321,RobotSimForPA/Global/R1_WeldingResistance,0,0.26607000000000003,,2228224,2025-08-11 14:25:22
322,RobotSimForPA/Global/R1_WeldingResistance,0,0.26607000000000003,,2228224,2025-08-11 14:25:23
323,RobotSimForPA/Global/R1_WeldingResistance,0,0.29088,,2228224,2025-08-11 14:25:24
324,RobotSimForPA/Global/R1_WeldingResistance,0,0.32296,,2228224,2025-08-11 14:25:25
325,RobotSimForPA/Global/R1_WeldingResistance,0,0.31469,,2228224,2025-08-11 14:25:26
326,RobotSimForPA/Global/R1_WeldingResistance,0,0.0,,2228224,2025-08-11 14:25:27
327,RobotSimForPA/Global/R1_WeldingResistance,0,0.0,,2228224,2025-08-11 14:25:28
328,RobotSimForPA/Global/R1_WeldingResistance,0,0.0,,2228224,2025-08-11 14:25:29
329,RobotSimForPA/Global/R1_WeldingResistance,0,0.0,,2228224,2025-08-11 14:25:30
330,RobotSimForPA/Global/R1_WeldingResistance,0,0.0,,2228224,2025-08-11 14:25:31
331,RobotSimForPA/Global/R1_WeldingResistance,0,0.0,,2228224,2025-08-11 14:25:32
332,RobotSimForPA/Global/R1_WeldingResistance,0,0.0,,2228224,2025-08-11 14:25:33
333,RobotSimForPA/Global/R1_WeldingResistance,0,0.0,,2228224,2025-08-11 14:25:34
334,RobotSimForPA/Global/R1_WeldingResistance,0,0.0,,2228224,2025-08-11 14:25:35
335,RobotSimForPA/Global/R1_WeldingResistance,0,0.0,,2228224,2025-08-11 14:25:36
336,RobotSimForPA/Global/R1_WeldingResistance,0,0.0,,2228224,2025-08-11 14:25:37
337,RobotSimForPA/Global/R1_WeldingResistance,0,0.0,,2228224,2025-08-11 14:25:38
338,RobotSimForPA/Global/R1_WeldingResistance,0,0.0,,2228224,2025-08-11 14:25:39
339,RobotSimForPA/Global/R1_WeldingResistance,0,0.0,,2228224,2025-08-11 14:25:40
340,RobotSimForPA/Global/R1_WeldingResistance,0,0.0,,2228224,2025-08-11 14:25:41
341,RobotSimForPA/Global/R1_WeldingResistance,0,0.0,,2228224,2025-08-11 14:25:42
342,RobotSimForPA/Global/R1_WeldingResistance,0,0.31122000000000005,,2228224,2025-08-11 14:25:43
343,RobotSimForPA/Global/R1_WeldingResistance,0,0.32561,,2228224,2025-08-11 14:25:44
344,RobotSimForPA/Global/R1_WeldingResistance,0,0.25598000000000004,,2228224,2025-08-11 14:25:45
345,RobotSimForPA/Global/R1_WeldingResistance,0,0.25598000000000004,,2228224,2025-08-11 14:25:46
346,RobotSimForPA/Global/R1_WeldingResistance,0,0.29948,,2228224,2025-08-11 14:25:47
347,RobotSimForPA/Global/R1_WeldingResistance,0,0.1698,,2228224,2025-08-11 14:25:48
348,RobotSimForPA/Global/R1_WeldingResistance,0,0.17576000000000003,,2228224,2025-08-11 14:25:49
349,RobotSimForPA/Global/R1_WeldingResistance,0,0.22621000000000002,,2228224,2025-08-11 14:25:50
350,RobotSimForPA/Global/R1_WeldingResistance,0,0.3003,,2228224,2025-08-11 14:25:51
351,RobotSimForPA/Global/R1_WeldingResistance,0,0.3003,,2228224,2025-08-11 14:25:52
352,RobotSimForPA/Global/R1_WeldingResistance,0,0.22273,,2228224,2025-08-11 14:25:53
353,RobotSimForPA/Global/R1_WeldingResistance,0,0.23795000000000002,,2228224,2025-08-11 14:25:54
354,RobotSimForPA/Global/R1_WeldingResistance,0,0.19031,,2228224,2025-08-11 14:25:55
355,RobotSimForPA/Global/R1_WeldingResistance,0,0.26144,,2228224,2025-08-11 14:25:56
356,RobotSimForPA/Global/R1_WeldingResistance,0,0.22852000000000003,,2228224,2025-08-11 14:25:57
357,RobotSimForPA/Global/R1_WeldingResistance,0,0.16865000000000002,,2228224,2025-08-11 14:25:58
358,RobotSimForPA/Global/R1_WeldingResistance,0,0.0,,2228224,2025-08-11 14:25:59
359,RobotSimForPA/Global/R1_WeldingResistance,0,0.0,,2228224,2025-08-11 14:26:00
360,RobotSimForPA/Global/R1_WeldingResistance,0,0.0,,2228224,2025-08-11 14:26:01
361,RobotSimForPA/Global/R1_WeldingResistance,0,0.0,,2228224,2025-08-11 14:26:02
362,RobotSimForPA/Global/R1_WeldingResistance,0,0.0,,2228224,2025-08-11 14:26:03
363,RobotSimForPA/Global/R1_WeldingResistance,0,0.0,,2228224,2025-08-11 14:26:04
364,RobotSimForPA/Global/R1_WeldingResistance,0,0.0,,2228224,2025-08-11 14:26:05
365,RobotSimForPA/Global/R1_WeldingResistance,0,0.0,,2228224,2025-08-11 14:26:06
366,RobotSimForPA/Global/R1_WeldingResistance,0,0.0,,2228224,2025-08-11 14:26:07
367,RobotSimForPA/Global/R1_WeldingResistance,0,0.0,,2228224,2025-08-11 14:26:08
368,RobotSimForPA/Global/R1_WeldingResistance,0,0.0,,2228224,2025-08-11 14:26:09
369,RobotSimForPA/Global/R1_WeldingResistance,0,0.0,,2228224,2025-08-11 14:26:10
370,RobotSimForPA/Global/R1_WeldingResistance,0,0.0,,2228224,2025-08-11 14:26:11
371,RobotSimForPA/Global/R1_WeldingResistance,0,0.0,,2228224,2025-08-11 14:26:12
372,RobotSimForPA/Global/R1_WeldingResistance,0,0.0,,2228224,2025-08-11 14:26:13
373,RobotSimForPA/Global/R1_WeldingResistance,0,0.0,,2228224,2025-08-11 14:26:14
374,RobotSimForPA/Global/R1_WeldingResistance,0,0.23166000000000003,,2228224,2025-08-11 14:26:15
375,RobotSimForPA/Global/R1_WeldingResistance,0,0.23166000000000003,,2228224,2025-08-11 14:26:16
376,RobotSimForPA/Global/R1_WeldingResistance,0,0.22075000000000003,,2228224,2025-08-11 14:26:17
377,RobotSimForPA/Global/R1_WeldingResistance,0,0.2353,,2228224,2025-08-11 14:26:18
378,RobotSimForPA/Global/R1_WeldingResistance,0,0.30841,,2228224,2025-08-11 14:26:19
379,RobotSimForPA/Global/R1_WeldingResistance,0,0.30212,,2228224,2025-08-11 14:26:20
380,RobotSimForPA/Global/R1_WeldingResistance,0,0.30212,,2228224,2025-08-11 14:26:21
381,RobotSimForPA/Global/R1_WeldingResistance,0,0.26855,,2228224,2025-08-11 14:26:22
382,RobotSimForPA/Global/R1_WeldingResistance,0,0.22224000000000002,,2228224,2025-08-11 14:26:23
383,RobotSimForPA/Global/R1_WeldingResistance,0,0.27748,,2228224,2025-08-11 14:26:24
384,RobotSimForPA/Global/R1_WeldingResistance,0,0.28591,,2228224,2025-08-11 14:26:25
385,RobotSimForPA/Global/R1_WeldingResistance,0,0.19776000000000002,,2228224,2025-08-11 14:26:26
386,RobotSimForPA/Global/R1_WeldingResistance,0,0.19776000000000002,,2228224,2025-08-11 14:26:27
387,RobotSimForPA/Global/R1_WeldingResistance,0,0.25449,,2228224,2025-08-11 14:26:28
388,RobotSimForPA/Global/R1_WeldingResistance,0,0.0,,2228224,2025-08-11 14:26:29
389,RobotSimForPA/Global/R1_WeldingResistance,0,0.0,,2228224,2025-08-11 14:26:30
390,RobotSimForPA/Global/R1_WeldingResistance,0,0.0,,2228224,2025-08-11 14:26:31
391,RobotSimForPA/Global/R1_WeldingResistance,0,0.0,,2228224,2025-08-11 14:26:32
392,RobotSimForPA/Global/R1_WeldingResistance,0,0.0,,2228224,2025-08-11 14:26:33
393,RobotSimForPA/Global/R1_WeldingResistance,0,0.0,,2228224,2025-08-11 14:26:34
394,RobotSimForPA/Global/R1_WeldingResistance,0,0.0,,2228224,2025-08-11 14:26:35
395,RobotSimForPA/Global/R1_WeldingResistance,0,0.0,,2228224,2025-08-11 14:26:36
396,RobotSimForPA/Global/R1_WeldingResistance,0,0.0,,2228224,2025-08-11 14:26:37
397,RobotSimForPA/Global/R1_WeldingResistance,0,0.0,,2228224,2025-08-11 14:26:38
398,RobotSimForPA/Global/R1_WeldingResistance,0,0.0,,2228224,2025-08-11 14:26:39
399,RobotSimForPA/Global/R1_WeldingResistance,0,0.0,,2228224,2025-08-11 14:26:40
400,RobotSimForPA/Global/R1_WeldingResistance,0,0.0,,2228224,2025-08-11 14:26:41
401,RobotSimForPA/Global/R1_WeldingResistance,0,0.0,,2228224,2025-08-11 14:26:42
402,RobotSimForPA/Global/R1_WeldingResistance,0,0.0,,2228224,2025-08-11 14:26:43
403,RobotSimForPA/Global/R1_WeldingResistance,0,0.0,,2228224,2025-08-11 14:26:44
404,RobotSimForPA/Global/R1_WeldingResistance,0,0.28955000000000003,,2228224,2025-08-11 14:26:45
405,RobotSimForPA/Global/R1_WeldingResistance,0,0.19676000000000002,,2228224,2025-08-11 14:26:46
406,RobotSimForPA/Global/R1_WeldingResistance,0,0.18171,,2228224,2025-08-11 14:26:47
407,RobotSimForPA/Global/R1_WeldingResistance,0,0.31354000000000004,,2228224,2025-08-11 14:26:48
408,RobotSimForPA/Global/R1_WeldingResistance,0,0.21413000000000001,,2228224,2025-08-11 14:26:49
409,RobotSimForPA/Global/R1_WeldingResistance,0,0.25052,,2228224,2025-08-11 14:26:50
410,RobotSimForPA/Global/R1_WeldingResistance,0,0.25052,,2228224,2025-08-11 14:26:51
411,RobotSimForPA/Global/R1_WeldingResistance,0,0.26359000000000005,,2228224,2025-08-11 14:26:52
412,RobotSimForPA/Global/R1_WeldingResistance,0,0.31172000000000005,,2228224,2025-08-11 14:26:53
413,RobotSimForPA/Global/R1_WeldingResistance,0,0.2917,,2228224,2025-08-11 14:26:54
414,RobotSimForPA/Global/R1_WeldingResistance,0,0.31304000000000004,,2228224,2025-08-11 14:26:55
415,RobotSimForPA/Global/R1_WeldingResistance,0,0.23629000000000003,,2228224,2025-08-11 14:26:56
416,RobotSimForPA/Global/R1_WeldingResistance,0,0.23629000000000003,,2228224,2025-08-11 14:26:57
417,RobotSimForPA/Global/R1_WeldingResistance,0,0.25499,,2228224,2025-08-11 14:26:58
418,RobotSimForPA/Global/R1_WeldingResistance,0,0.29468,,2228224,2025-08-11 14:26:59
419,RobotSimForPA/Global/R1_WeldingResistance,0,0.29071,,2228224,2025-08-11 14:27:00
420,RobotSimForPA/Global/R1_WeldingResistance,0,0.0,,2228224,2025-08-11 14:27:01
421,RobotSimForPA/Global/R1_WeldingResistance,0,0.0,,2228224,2025-08-11 14:27:02
422,RobotSimForPA/Global/R1_WeldingResistance,0,0.0,,2228224,2025-08-11 14:27:03
423,RobotSimForPA/Global/R1_WeldingResistance,0,0.0,,2228224,2025-08-11 14:27:04
424,RobotSimForPA/Global/R1_WeldingResistance,0,0.0,,2228224,2025-08-11 14:27:05
425,RobotSimForPA/Global/R1_WeldingResistance,0,0.0,,2228224,2025-08-11 14:27:06
426,RobotSimForPA/Global/R1_WeldingResistance,0,0.0,,2228224,2025-08-11 14:27:07
427,RobotSimForPA/Global/R1_WeldingResistance,0,0.0,,2228224,2025-08-11 14:27:08
428,RobotSimForPA/Global/R1_WeldingResistance,0,0.0,,2228224,2025-08-11 14:27:09
429,RobotSimForPA/Global/R1_WeldingResistance,0,0.0,,2228224,2025-08-11 14:27:10
430,RobotSimForPA/Global/R1_WeldingResistance,0,0.0,,2228224,2025-08-11 14:27:11
431,RobotSimForPA/Global/R1_WeldingResistance,0,0.0,,2228224,2025-08-11 14:27:12
432,RobotSimForPA/Global/R1_WeldingResistance,0,0.0,,2228224,2025-08-11 14:27:13
433,RobotSimForPA/Global/R1_WeldingResistance,0,0.0,,2228224,2025-08-11 14:27:14
434,RobotSimForPA/Global/R1_WeldingResistance,0,0.0,,2228224,2025-08-11 14:27:15
435,RobotSimForPA/Global/R1_WeldingResistance,0,0.0,,2228224,2025-08-11 14:27:16
436,RobotSimForPA/Global/R1_WeldingResistance,0,0.18419000000000002,,2228224,2025-08-11 14:27:17
437,RobotSimForPA/Global/R1_WeldingResistance,0,0.26028,,2228224,2025-08-11 14:27:18
438,RobotSimForPA/Global/R1_WeldingResistance,0,0.18883000000000003,,2228224,2025-08-11 14:27:19
439,RobotSimForPA/Global/R1_WeldingResistance,0,0.18883000000000003,,2228224,2025-08-11 14:27:20
440,RobotSimForPA/Global/R1_WeldingResistance,0,0.22257000000000002,,2228224,2025-08-11 14:27:21
441,RobotSimForPA/Global/R1_WeldingResistance,0,0.26044,,2228224,2025-08-11 14:27:22
442,RobotSimForPA/Global/R1_WeldingResistance,0,0.20933000000000002,,2228224,2025-08-11 14:27:23
443,RobotSimForPA/Global/R1_WeldingResistance,0,0.29898,,2228224,2025-08-11 14:27:24
444,RobotSimForPA/Global/R1_WeldingResistance,0,0.21082,,2228224,2025-08-11 14:27:25
445,RobotSimForPA/Global/R1_WeldingResistance,0,0.21082,,2228224,2025-08-11 14:27:26
446,RobotSimForPA/Global/R1_WeldingResistance,0,0.26689,,2228224,2025-08-11 14:27:27
447,RobotSimForPA/Global/R1_WeldingResistance,0,0.19048,,2228224,2025-08-11 14:27:28
448,RobotSimForPA/Global/R1_WeldingResistance,0,0.23944000000000001,,2228224,2025-08-11 14:27:29
449,RobotSimForPA/Global/R1_WeldingResistance,0,0.21463000000000002,,2228224,2025-08-11 14:27:30
450,RobotSimForPA/Global/R1_WeldingResistance,0,0.26623,,2228224,2025-08-11 14:27:31
451,RobotSimForPA/Global/R1_WeldingResistance,0,0.26623,,2228224,2025-08-11 14:27:32
452,RobotSimForPA/Global/R1_WeldingResistance,0,0.30857,,2228224,2025-08-11 14:27:33
453,RobotSimForPA/Global/R1_WeldingResistance,0,0.0,,2228224,2025-08-11 14:27:34
454,RobotSimForPA/Global/R1_WeldingResistance,0,0.0,,2228224,2025-08-11 14:27:35
455,RobotSimForPA/Global/R1_WeldingResistance,0,0.0,,2228224,2025-08-11 14:27:36
456,RobotSimForPA/Global/R1_WeldingResistance,0,0.0,,2228224,2025-08-11 14:27:37
457,RobotSimForPA/Global/R1_WeldingResistance,0,0.0,,2228224,2025-08-11 14:27:38
458,RobotSimForPA/Global/R1_WeldingResistance,0,0.0,,2228224,2025-08-11 14:27:39
459,RobotSimForPA/Global/R1_WeldingResistance,0,0.0,,2228224,2025-08-11 14:27:40
460,RobotSimForPA/Global/R1_WeldingResistance,0,0.0,,2228224,2025-08-11 14:27:41
461,RobotSimForPA/Global/R1_WeldingResistance,0,0.0,,2228224,2025-08-11 14:27:42
462,RobotSimForPA/Global/R1_WeldingResistance,0,0.0,,2228224,2025-08-11 14:27:43
463,RobotSimForPA/Global/R1_WeldingResistance,0,0.0,,2228224,2025-08-11 14:27:44
464,RobotSimForPA/Global/R1_WeldingResistance,0,0.0,,2228224,2025-08-11 14:27:45
465,RobotSimForPA/Global/R1_WeldingResistance,0,0.0,,2228224,2025-08-11 14:27:46
466,RobotSimForPA/Global/R1_WeldingResistance,0,0.0,,2228224,2025-08-11 14:27:47
467,RobotSimForPA/Global/R1_WeldingResistance,0,0.0,,2228224,2025-08-11 14:27:48
468,RobotSimForPA/Global/R1_WeldingResistance,0,0.0,,2228224,2025-08-11 14:27:49
469,RobotSimForPA/Global/R1_WeldingResistance,0,0.23944000000000001,,2228224,2025-08-11 14:27:50
470,RobotSimForPA/Global/R1_WeldingResistance,0,0.17493,,2228224,2025-08-11 14:27:51
471,RobotSimForPA/Global/R1_WeldingResistance,0,0.2659,,2228224,2025-08-11 14:27:52
472,RobotSimForPA/Global/R1_WeldingResistance,0,0.2267,,2228224,2025-08-11 14:27:53
473,RobotSimForPA/Global/R1_WeldingResistance,0,0.2267,,2228224,2025-08-11 14:27:54
474,RobotSimForPA/Global/R1_WeldingResistance,0,0.21579,,2228224,2025-08-11 14:27:55
475,RobotSimForPA/Global/R1_WeldingResistance,0,0.30494000000000004,,2228224,2025-08-11 14:27:56
476,RobotSimForPA/Global/R1_WeldingResistance,0,0.23729000000000003,,2228224,2025-08-11 14:27:57
477,RobotSimForPA/Global/R1_WeldingResistance,0,0.17923000000000003,,2228224,2025-08-11 14:27:58
478,RobotSimForPA/Global/R1_WeldingResistance,0,0.23745000000000002,,2228224,2025-08-11 14:27:59
479,RobotSimForPA/Global/R1_WeldingResistance,0,0.31503000000000003,,2228224,2025-08-11 14:28:00
480,RobotSimForPA/Global/R1_WeldingResistance,0,0.31503000000000003,,2228224,2025-08-11 14:28:01
481,RobotSimForPA/Global/R1_WeldingResistance,0,0.28128000000000003,,2228224,2025-08-11 14:28:02
482,RobotSimForPA/Global/R1_WeldingResistance,0,0.23464000000000002,,2228224,2025-08-11 14:28:03
483,RobotSimForPA/Global/R1_WeldingResistance,0,0.25118,,2228224,2025-08-11 14:28:04
484,RobotSimForPA/Global/R1_WeldingResistance,0,0.0,,2228224,2025-08-11 14:28:05
485,RobotSimForPA/Global/R1_WeldingResistance,0,0.0,,2228224,2025-08-11 14:28:06
486,RobotSimForPA/Global/R1_WeldingResistance,0,0.0,,2228224,2025-08-11 14:28:07
487,RobotSimForPA/Global/R1_WeldingResistance,0,0.0,,2228224,2025-08-11 14:28:08
488,RobotSimForPA/Global/R1_WeldingResistance,0,0.0,,2228224,2025-08-11 14:28:09
489,RobotSimForPA/Global/R1_WeldingResistance,0,0.0,,2228224,2025-08-11 14:28:10
490,RobotSimForPA/Global/R1_WeldingResistance,0,0.0,,2228224,2025-08-11 14:28:11
491,RobotSimForPA/Global/R1_WeldingResistance,0,0.0,,2228224,2025-08-11 14:28:12
492,RobotSimForPA/Global/R1_WeldingResistance,0,0.0,,2228224,2025-08-11 14:28:13
493,RobotSimForPA/Global/R1_WeldingResistance,0,0.0,,2228224,2025-08-11 14:28:14
494,RobotSimForPA/Global/R1_WeldingResistance,0,0.0,,2228224,2025-08-11 14:28:15
495,RobotSimForPA/Global/R1_WeldingResistance,0,0.0,,2228224,2025-08-11 14:28:16
496,RobotSimForPA/Global/R1_WeldingResistance,0,0.0,,2228224,2025-08-11 14:28:17
497,RobotSimForPA/Global/R1_WeldingResistance,0,0.0,,2228224,2025-08-11 14:28:18
498,RobotSimForPA/Global/R1_WeldingResistance,0,0.0,,2228224,2025-08-11 14:28:19
499,RobotSimForPA/Global/R1_WeldingResistance,0,0.0,,2228224,2025-08-11 14:28:20
500,RobotSimForPA/Global/R1_WeldingResistance,0,0.20355,,2228224,2025-08-11 14:28:21
501,RobotSimForPA/Global/R1_WeldingResistance,0,0.27417,,2228224,2025-08-11 14:28:22
502,RobotSimForPA/Global/R1_WeldingResistance,0,0.27417,,2228224,2025-08-11 14:28:23
503,RobotSimForPA/Global/R1_WeldingResistance,0,0.26805,,2228224,2025-08-11 14:28:24
504,RobotSimForPA/Global/R1_WeldingResistance,0,0.24556000000000003,,2228224,2025-08-11 14:28:25
505,RobotSimForPA/Global/R1_WeldingResistance,0,0.22587000000000002,,2228224,2025-08-11 14:28:26
506,RobotSimForPA/Global/R1_WeldingResistance,0,0.25267,,2228224,2025-08-11 14:28:27
507,RobotSimForPA/Global/R1_WeldingResistance,0,0.17063,,2228224,2025-08-11 14:28:28
508,RobotSimForPA/Global/R1_WeldingResistance,0,0.17063,,2228224,2025-08-11 14:28:29
509,RobotSimForPA/Global/R1_WeldingResistance,0,0.27599,,2228224,2025-08-11 14:28:30
510,RobotSimForPA/Global/R1_WeldingResistance,0,0.29038,,2228224,2025-08-11 14:28:31
511,RobotSimForPA/Global/R1_WeldingResistance,0,0.26772,,2228224,2025-08-11 14:28:32
512,RobotSimForPA/Global/R1_WeldingResistance,0,0.25995,,2228224,2025-08-11 14:28:33
513,RobotSimForPA/Global/R1_WeldingResistance,0,0.31321000000000004,,2228224,2025-08-11 14:28:34
514,RobotSimForPA/Global/R1_WeldingResistance,0,0.31321000000000004,,2228224,2025-08-11 14:28:35
515,RobotSimForPA/Global/R1_WeldingResistance,0,0.0,,2228224,2025-08-11 14:28:36
516,RobotSimForPA/Global/R1_WeldingResistance,0,0.0,,2228224,2025-08-11 14:28:37
517,RobotSimForPA/Global/R1_WeldingResistance,0,0.0,,2228224,2025-08-11 14:28:38
518,RobotSimForPA/Global/R1_WeldingResistance,0,0.0,,2228224,2025-08-11 14:28:39
519,RobotSimForPA/Global/R1_WeldingResistance,0,0.0,,2228224,2025-08-11 14:28:40
520,RobotSimForPA/Global/R1_WeldingResistance,0,0.0,,2228224,2025-08-11 14:28:41
521,RobotSimForPA/Global/R1_WeldingResistance,0,0.0,,2228224,2025-08-11 14:28:42
522,RobotSimForPA/Global/R1_WeldingResistance,0,0.0,,2228224,2025-08-11 14:28:43
523,RobotSimForPA/Global/R1_WeldingResistance,0,0.0,,2228224,2025-08-11 14:28:44
524,RobotSimForPA/Global/R1_WeldingResistance,0,0.0,,2228224,2025-08-11 14:28:45
525,RobotSimForPA/Global/R1_WeldingResistance,0,0.0,,2228224,2025-08-11 14:28:46
526,RobotSimForPA/Global/R1_WeldingResistance,0,0.0,,2228224,2025-08-11 14:28:47
527,RobotSimForPA/Global/R1_WeldingResistance,0,0.0,,2228224,2025-08-11 14:28:48
528,RobotSimForPA/Global/R1_WeldingResistance,0,0.0,,2228224,2025-08-11 14:28:49
529,RobotSimForPA/Global/R1_WeldingResistance,0,0.0,,2228224,2025-08-11 14:28:50
530,RobotSimForPA/Global/R1_WeldingResistance,0,0.0,,2228224,2025-08-11 14:28:51
531,RobotSimForPA/Global/R1_WeldingResistance,0,0.27698,,2228224,2025-08-11 14:28:52
532,RobotSimForPA/Global/R1_WeldingResistance,0,0.19064,,2228224,2025-08-11 14:28:53
533,RobotSimForPA/Global/R1_WeldingResistance,0,0.33074000000000003,,2228224,2025-08-11 14:28:54
534,RobotSimForPA/Global/R1_WeldingResistance,0,0.32214000000000004,,2228224,2025-08-11 14:28:55
535,RobotSimForPA/Global/R1_WeldingResistance,0,0.26838,,2228224,2025-08-11 14:28:56
536,RobotSimForPA/Global/R1_WeldingResistance,0,0.17923000000000003,,2228224,2025-08-11 14:28:57
537,RobotSimForPA/Global/R1_WeldingResistance,0,0.27086000000000005,,2228224,2025-08-11 14:28:58
538,RobotSimForPA/Global/R1_WeldingResistance,0,0.27086000000000005,,2228224,2025-08-11 14:28:59
539,RobotSimForPA/Global/R1_WeldingResistance,0,0.17708000000000002,,2228224,2025-08-11 14:29:00
540,RobotSimForPA/Global/R1_WeldingResistance,0,0.28029000000000004,,2228224,2025-08-11 14:29:01
541,RobotSimForPA/Global/R1_WeldingResistance,0,0.24423000000000003,,2228224,2025-08-11 14:29:02
542,RobotSimForPA/Global/R1_WeldingResistance,0,0.17162000000000002,,2228224,2025-08-11 14:29:03
543,RobotSimForPA/Global/R1_WeldingResistance,0,0.17162000000000002,,2228224,2025-08-11 14:29:04
544,RobotSimForPA/Global/R1_WeldingResistance,0,0.29667000000000004,,2228224,2025-08-11 14:29:05
545,RobotSimForPA/Global/R1_WeldingResistance,0,0.27946000000000004,,2228224,2025-08-11 14:29:06
546,RobotSimForPA/Global/R1_WeldingResistance,0,0.3309,,2228224,2025-08-11 14:29:07
547,RobotSimForPA/Global/R1_WeldingResistance,0,0.0,,2228224,2025-08-11 14:29:08
548,RobotSimForPA/Global/R1_WeldingResistance,0,0.0,,2228224,2025-08-11 14:29:09
549,RobotSimForPA/Global/R1_WeldingResistance,0,0.0,,2228224,2025-08-11 14:29:10
550,RobotSimForPA/Global/R1_WeldingResistance,0,0.0,,2228224,2025-08-11 14:29:11
551,RobotSimForPA/Global/R1_WeldingResistance,0,0.0,,2228224,2025-08-11 14:29:12
552,RobotSimForPA/Global/R1_WeldingResistance,0,0.0,,2228224,2025-08-11 14:29:13
553,RobotSimForPA/Global/R1_WeldingResistance,0,0.0,,2228224,2025-08-11 14:29:14
554,RobotSimForPA/Global/R1_WeldingResistance,0,0.0,,2228224,2025-08-11 14:29:15
555,RobotSimForPA/Global/R1_WeldingResistance,0,0.0,,2228224,2025-08-11 14:29:16
556,RobotSimForPA/Global/R1_WeldingResistance,0,0.0,,2228224,2025-08-11 14:29:17
557,RobotSimForPA/Global/R1_WeldingResistance,0,0.0,,2228224,2025-08-11 14:29:18
558,RobotSimForPA/Global/R1_WeldingResistance,0,0.0,,2228224,2025-08-11 14:29:19
559,RobotSimForPA/Global/R1_WeldingResistance,0,0.0,,2228224,2025-08-11 14:29:20
560,RobotSimForPA/Global/R1_WeldingResistance,0,0.0,,2228224,2025-08-11 14:29:21
561,RobotSimForPA/Global/R1_WeldingResistance,0,0.0,,2228224,2025-08-11 14:29:22
562,RobotSimForPA/Global/R1_WeldingResistance,0,0.0,,2228224,2025-08-11 14:29:23
563,RobotSimForPA/Global/R1_WeldingResistance,0,0.19048,,2228224,2025-08-11 14:29:24
564,RobotSimForPA/Global/R1_WeldingResistance,0,0.27053000000000005,,2228224,2025-08-11 14:29:25
565,RobotSimForPA/Global/R1_WeldingResistance,0,0.27053000000000005,,2228224,2025-08-11 14:29:26
566,RobotSimForPA/Global/R1_WeldingResistance,0,0.30411000000000005,,2228224,2025-08-11 14:29:27
567,RobotSimForPA/Global/R1_WeldingResistance,0,0.30411000000000005,,2228224,2025-08-11 14:29:28
568,RobotSimForPA/Global/R1_WeldingResistance,0,0.31188000000000005,,2228224,2025-08-11 14:29:29
569,RobotSimForPA/Global/R1_WeldingResistance,0,0.31188000000000005,,2228224,2025-08-11 14:29:30
570,RobotSimForPA/Global/R1_WeldingResistance,0,0.19246000000000002,,2228224,2025-08-11 14:29:31
571,RobotSimForPA/Global/R1_WeldingResistance,0,0.24969000000000002,,2228224,2025-08-11 14:29:32
572,RobotSimForPA/Global/R1_WeldingResistance,0,0.24969000000000002,,2228224,2025-08-11 14:29:33
573,RobotSimForPA/Global/R1_WeldingResistance,0,0.32627,,2228224,2025-08-11 14:29:34
574,RobotSimForPA/Global/R1_WeldingResistance,0,0.26326,,2228224,2025-08-11 14:29:35
575,RobotSimForPA/Global/R1_WeldingResistance,0,0.26805,,2228224,2025-08-11 14:29:36
576,RobotSimForPA/Global/R1_WeldingResistance,0,0.18982000000000002,,2228224,2025-08-11 14:29:37
577,RobotSimForPA/Global/R1_WeldingResistance,0,0.23977,,2228224,2025-08-11 14:29:38
578,RobotSimForPA/Global/R1_WeldingResistance,0,0.0,,2228224,2025-08-11 14:29:39
579,RobotSimForPA/Global/R1_WeldingResistance,0,0.0,,2228224,2025-08-11 14:29:40
580,RobotSimForPA/Global/R1_WeldingResistance,0,0.0,,2228224,2025-08-11 14:29:41
581,RobotSimForPA/Global/R1_WeldingResistance,0,0.0,,2228224,2025-08-11 14:29:42
582,RobotSimForPA/Global/R1_WeldingResistance,0,0.0,,2228224,2025-08-11 14:29:43
583,RobotSimForPA/Global/R1_WeldingResistance,0,0.0,,2228224,2025-08-11 14:29:44
584,RobotSimForPA/Global/R1_WeldingResistance,0,0.0,,2228224,2025-08-11 14:29:45
585,RobotSimForPA/Global/R1_WeldingResistance,0,0.0,,2228224,2025-08-11 14:29:46
586,RobotSimForPA/Global/R1_WeldingResistance,0,0.0,,2228224,2025-08-11 14:29:47
587,RobotSimForPA/Global/R1_WeldingResistance,0,0.0,,2228224,2025-08-11 14:29:48
588,RobotSimForPA/Global/R1_WeldingResistance,0,0.0,,2228224,2025-08-11 14:29:49
589,RobotSimForPA/Global/R1_WeldingResistance,0,0.0,,2228224,2025-08-11 14:29:50
590,RobotSimForPA/Global/R1_WeldingResistance,0,0.0,,2228224,2025-08-11 14:29:51
591,RobotSimForPA/Global/R1_WeldingResistance,0,0.0,,2228224,2025-08-11 14:29:52
592,RobotSimForPA/Global/R1_WeldingResistance,0,0.0,,2228224,2025-08-11 14:29:53
593,RobotSimForPA/Global/R1_WeldingResistance,0,0.0,,2228224,2025-08-11 14:29:54
594,RobotSimForPA/Global/R1_WeldingResistance,0,0.32908000000000004,,2228224,2025-08-11 14:29:55
595,RobotSimForPA/Global/R1_WeldingResistance,0,0.32908000000000004,,2228224,2025-08-11 14:29:56
596,RobotSimForPA/Global/R1_WeldingResistance,0,0.17725000000000002,,2228224,2025-08-11 14:29:57
597,RobotSimForPA/Global/R1_WeldingResistance,0,0.25201,,2228224,2025-08-11 14:29:58
598,RobotSimForPA/Global/R1_WeldingResistance,0,0.18916000000000002,,2228224,2025-08-11 14:29:59
599,RobotSimForPA/Global/R1_WeldingResistance,0,0.19131,,2228224,2025-08-11 14:30:00
600,RobotSimForPA/Global/R1_WeldingResistance,0,0.30064,,2228224,2025-08-11 14:30:01
601,RobotSimForPA/Global/R1_WeldingResistance,0,0.30064,,2228224,2025-08-11 14:30:02
602,RobotSimForPA/Global/R1_WeldingResistance,0,0.18949000000000002,,2228224,2025-08-11 14:30:03
603,RobotSimForPA/Global/R1_WeldingResistance,0,0.19081,,2228224,2025-08-11 14:30:04
604,RobotSimForPA/Global/R1_WeldingResistance,0,0.30246,,2228224,2025-08-11 14:30:05
605,RobotSimForPA/Global/R1_WeldingResistance,0,0.21380000000000002,,2228224,2025-08-11 14:30:06
606,RobotSimForPA/Global/R1_WeldingResistance,0,0.29815,,2228224,2025-08-11 14:30:07
607,RobotSimForPA/Global/R1_WeldingResistance,0,0.29815,,2228224,2025-08-11 14:30:08
608,RobotSimForPA/Global/R1_WeldingResistance,0,0.25978,,2228224,2025-08-11 14:30:09
609,RobotSimForPA/Global/R1_WeldingResistance,0,0.30626000000000003,,2228224,2025-08-11 14:30:10
610,RobotSimForPA/Global/R1_WeldingResistance,0,0.20470000000000002,,2228224,2025-08-11 14:30:11
611,RobotSimForPA/Global/R1_WeldingResistance,0,0.0,,2228224,2025-08-11 14:30:12
612,RobotSimForPA/Global/R1_WeldingResistance,0,0.0,,2228224,2025-08-11 14:30:13
613,RobotSimForPA/Global/R1_WeldingResistance,0,0.0,,2228224,2025-08-11 14:30:14
614,RobotSimForPA/Global/R1_WeldingResistance,0,0.0,,2228224,2025-08-11 14:30:15
615,RobotSimForPA/Global/R1_WeldingResistance,0,0.0,,2228224,2025-08-11 14:30:16
616,RobotSimForPA/Global/R1_WeldingResistance,0,0.0,,2228224,2025-08-11 14:30:17
617,RobotSimForPA/Global/R1_WeldingResistance,0,0.0,,2228224,2025-08-11 14:30:18
618,RobotSimForPA/Global/R1_WeldingResistance,0,0.0,,2228224,2025-08-11 14:30:19
619,RobotSimForPA/Global/R1_WeldingResistance,0,0.0,,2228224,2025-08-11 14:30:20
620,RobotSimForPA/Global/R1_WeldingResistance,0,0.0,,2228224,2025-08-11 14:30:21
621,RobotSimForPA/Global/R1_WeldingResistance,0,0.0,,2228224,2025-08-11 14:30:22
622,RobotSimForPA/Global/R1_WeldingResistance,0,0.0,,2228224,2025-08-11 14:30:23
623,RobotSimForPA/Global/R1_WeldingResistance,0,0.0,,2228224,2025-08-11 14:30:24
624,RobotSimForPA/Global/R1_WeldingResistance,0,0.0,,2228224,2025-08-11 14:30:25
625,RobotSimForPA/Global/R1_WeldingResistance,0,0.0,,2228224,2025-08-11 14:30:26
626,RobotSimForPA/Global/R1_WeldingResistance,0,0.26507000000000003,,2228224,2025-08-11 14:30:27
627,RobotSimForPA/Global/R1_WeldingResistance,0,0.17063,,2228224,2025-08-11 14:30:28
628,RobotSimForPA/Global/R1_WeldingResistance,0,0.32379,,2228224,2025-08-11 14:30:29
629,RobotSimForPA/Global/R1_WeldingResistance,0,0.25829,,2228224,2025-08-11 14:30:30
630,RobotSimForPA/Global/R1_WeldingResistance,0,0.24754,,2228224,2025-08-11 14:30:31
631,RobotSimForPA/Global/R1_WeldingResistance,0,0.24754,,2228224,2025-08-11 14:30:32
632,RobotSimForPA/Global/R1_WeldingResistance,0,0.18750000000000003,,2228224,2025-08-11 14:30:33
633,RobotSimForPA/Global/R1_WeldingResistance,0,0.26855,,2228224,2025-08-11 14:30:34
634,RobotSimForPA/Global/R1_WeldingResistance,0,0.23795000000000002,,2228224,2025-08-11 14:30:35
635,RobotSimForPA/Global/R1_WeldingResistance,0,0.19577000000000003,,2228224,2025-08-11 14:30:36
636,RobotSimForPA/Global/R1_WeldingResistance,0,0.19577000000000003,,2228224,2025-08-11 14:30:37
637,RobotSimForPA/Global/R1_WeldingResistance,0,0.27996000000000004,,2228224,2025-08-11 14:30:38
638,RobotSimForPA/Global/R1_WeldingResistance,0,0.20123000000000002,,2228224,2025-08-11 14:30:39
639,RobotSimForPA/Global/R1_WeldingResistance,0,0.21198000000000003,,2228224,2025-08-11 14:30:40
640,RobotSimForPA/Global/R1_WeldingResistance,0,0.21529,,2228224,2025-08-11 14:30:41
641,RobotSimForPA/Global/R1_WeldingResistance,0,0.31999000000000005,,2228224,2025-08-11 14:30:42
642,RobotSimForPA/Global/R1_WeldingResistance,0,0.0,,2228224,2025-08-11 14:30:43
643,RobotSimForPA/Global/R1_WeldingResistance,0,0.0,,2228224,2025-08-11 14:30:44
644,RobotSimForPA/Global/R1_WeldingResistance,0,0.0,,2228224,2025-08-11 14:30:45
645,RobotSimForPA/Global/R1_WeldingResistance,0,0.0,,2228224,2025-08-11 14:30:46
646,RobotSimForPA/Global/R1_WeldingResistance,0,0.0,,2228224,2025-08-11 14:30:47
647,RobotSimForPA/Global/R1_WeldingResistance,0,0.0,,2228224,2025-08-11 14:30:48
648,RobotSimForPA/Global/R1_WeldingResistance,0,0.0,,2228224,2025-08-11 14:30:49
649,RobotSimForPA/Global/R1_WeldingResistance,0,0.0,,2228224,2025-08-11 14:30:50
650,RobotSimForPA/Global/R1_WeldingResistance,0,0.0,,2228224,2025-08-11 14:30:51
651,RobotSimForPA/Global/R1_WeldingResistance,0,0.0,,2228224,2025-08-11 14:30:52
652,RobotSimForPA/Global/R1_WeldingResistance,0,0.0,,2228224,2025-08-11 14:30:53
653,RobotSimForPA/Global/R1_WeldingResistance,0,0.0,,2228224,2025-08-11 14:30:54
654,RobotSimForPA/Global/R1_WeldingResistance,0,0.0,,2228224,2025-08-11 14:30:55
655,RobotSimForPA/Global/R1_WeldingResistance,0,0.0,,2228224,2025-08-11 14:30:56
656,RobotSimForPA/Global/R1_WeldingResistance,0,0.0,,2228224,2025-08-11 14:30:57
657,RobotSimForPA/Global/R1_WeldingResistance,0,0.0,,2228224,2025-08-11 14:30:58
658,RobotSimForPA/Global/R1_WeldingResistance,0,0.24473000000000003,,2228224,2025-08-11 14:30:59
659,RobotSimForPA/Global/R1_WeldingResistance,0,0.24473000000000003,,2228224,2025-08-11 14:31:00
660,RobotSimForPA/Global/R1_WeldingResistance,0,0.23497,,2228224,2025-08-11 14:31:01
661,RobotSimForPA/Global/R1_WeldingResistance,0,0.20570000000000002,,2228224,2025-08-11 14:31:02
662,RobotSimForPA/Global/R1_WeldingResistance,0,0.17377,,2228224,2025-08-11 14:31:03
663,RobotSimForPA/Global/R1_WeldingResistance,0,0.31519,,2228224,2025-08-11 14:31:04
664,RobotSimForPA/Global/R1_WeldingResistance,0,0.21678000000000003,,2228224,2025-08-11 14:31:05
665,RobotSimForPA/Global/R1_WeldingResistance,0,0.21678000000000003,,2228224,2025-08-11 14:31:06
666,RobotSimForPA/Global/R1_WeldingResistance,0,0.32892000000000005,,2228224,2025-08-11 14:31:07
667,RobotSimForPA/Global/R1_WeldingResistance,0,0.32975000000000004,,2228224,2025-08-11 14:31:08
668,RobotSimForPA/Global/R1_WeldingResistance,0,0.24506000000000003,,2228224,2025-08-11 14:31:09
669,RobotSimForPA/Global/R1_WeldingResistance,0,0.20421000000000003,,2228224,2025-08-11 14:31:10
670,RobotSimForPA/Global/R1_WeldingResistance,0,0.22091000000000002,,2228224,2025-08-11 14:31:11
671,RobotSimForPA/Global/R1_WeldingResistance,0,0.22091000000000002,,2228224,2025-08-11 14:31:12
672,RobotSimForPA/Global/R1_WeldingResistance,0,0.19428,,2228224,2025-08-11 14:31:13
673,RobotSimForPA/Global/R1_WeldingResistance,0,0.0,,2228224,2025-08-11 14:31:14
674,RobotSimForPA/Global/R1_WeldingResistance,0,0.0,,2228224,2025-08-11 14:31:15
675,RobotSimForPA/Global/R1_WeldingResistance,0,0.0,,2228224,2025-08-11 14:31:16
676,RobotSimForPA/Global/R1_WeldingResistance,0,0.0,,2228224,2025-08-11 14:31:17
677,RobotSimForPA/Global/R1_WeldingResistance,0,0.0,,2228224,2025-08-11 14:31:18
678,RobotSimForPA/Global/R1_WeldingResistance,0,0.0,,2228224,2025-08-11 14:31:19
679,RobotSimForPA/Global/R1_WeldingResistance,0,0.0,,2228224,2025-08-11 14:31:20
680,RobotSimForPA/Global/R1_WeldingResistance,0,0.0,,2228224,2025-08-11 14:31:21
681,RobotSimForPA/Global/R1_WeldingResistance,0,0.0,,2228224,2025-08-11 14:31:22
682,RobotSimForPA/Global/R1_WeldingResistance,0,0.0,,2228224,2025-08-11 14:31:23
683,RobotSimForPA/Global/R1_WeldingResistance,0,0.0,,2228224,2025-08-11 14:31:24
684,RobotSimForPA/Global/R1_WeldingResistance,0,0.0,,2228224,2025-08-11 14:31:25
685,RobotSimForPA/Global/R1_WeldingResistance,0,0.0,,2228224,2025-08-11 14:31:26
686,RobotSimForPA/Global/R1_WeldingResistance,0,0.0,,2228224,2025-08-11 14:31:27
687,RobotSimForPA/Global/R1_WeldingResistance,0,0.0,,2228224,2025-08-11 14:31:28
688,RobotSimForPA/Global/R1_WeldingResistance,0,0.0,,2228224,2025-08-11 14:31:29
689,RobotSimForPA/Global/R1_WeldingResistance,0,0.21264000000000002,,2228224,2025-08-11 14:31:30
690,RobotSimForPA/Global/R1_WeldingResistance,0,0.23183,,2228224,2025-08-11 14:31:31
691,RobotSimForPA/Global/R1_WeldingResistance,0,0.31205000000000005,,2228224,2025-08-11 14:31:32
692,RobotSimForPA/Global/R1_WeldingResistance,0,0.17774,,2228224,2025-08-11 14:31:33
693,RobotSimForPA/Global/R1_WeldingResistance,0,0.19958,,2228224,2025-08-11 14:31:34
694,RobotSimForPA/Global/R1_WeldingResistance,0,0.19958,,2228224,2025-08-11 14:31:35
695,RobotSimForPA/Global/R1_WeldingResistance,0,0.22753,,2228224,2025-08-11 14:31:36
696,RobotSimForPA/Global/R1_WeldingResistance,0,0.30113,,2228224,2025-08-11 14:31:37
697,RobotSimForPA/Global/R1_WeldingResistance,0,0.1784,,2228224,2025-08-11 14:31:38
698,RobotSimForPA/Global/R1_WeldingResistance,0,0.18849000000000002,,2228224,2025-08-11 14:31:39
699,RobotSimForPA/Global/R1_WeldingResistance,0,0.31684,,2228224,2025-08-11 14:31:40
700,RobotSimForPA/Global/R1_WeldingResistance,0,0.31833,,2228224,2025-08-11 14:31:41
701,RobotSimForPA/Global/R1_WeldingResistance,0,0.31833,,2228224,2025-08-11 14:31:42
702,RobotSimForPA/Global/R1_WeldingResistance,0,0.19031,,2228224,2025-08-11 14:31:43
703,RobotSimForPA/Global/R1_WeldingResistance,0,0.21893,,2228224,2025-08-11 14:31:44
704,RobotSimForPA/Global/R1_WeldingResistance,0,0.19577000000000003,,2228224,2025-08-11 14:31:45
705,RobotSimForPA/Global/R1_WeldingResistance,0,0.0,,2228224,2025-08-11 14:31:46
706,RobotSimForPA/Global/R1_WeldingResistance,0,0.0,,2228224,2025-08-11 14:31:47
707,RobotSimForPA/Global/R1_WeldingResistance,0,0.0,,2228224,2025-08-11 14:31:48
708,RobotSimForPA/Global/R1_WeldingResistance,0,0.0,,2228224,2025-08-11 14:31:49
709,RobotSimForPA/Global/R1_WeldingResistance,0,0.0,,2228224,2025-08-11 14:31:50
710,RobotSimForPA/Global/R1_WeldingResistance,0,0.0,,2228224,2025-08-11 14:31:51
711,RobotSimForPA/Global/R1_WeldingResistance,0,0.0,,2228224,2025-08-11 14:31:52
712,RobotSimForPA/Global/R1_WeldingResistance,0,0.0,,2228224,2025-08-11 14:31:53
713,RobotSimForPA/Global/R1_WeldingResistance,0,0.0,,2228224,2025-08-11 14:31:54
714,RobotSimForPA/Global/R1_WeldingResistance,0,0.0,,2228224,2025-08-11 14:31:55
715,RobotSimForPA/Global/R1_WeldingResistance,0,0.0,,2228224,2025-08-11 14:31:56
716,RobotSimForPA/Global/R1_WeldingResistance,0,0.0,,2228224,2025-08-11 14:31:57
717,RobotSimForPA/Global/R1_WeldingResistance,0,0.0,,2228224,2025-08-11 14:31:58
718,RobotSimForPA/Global/R1_WeldingResistance,0,0.0,,2228224,2025-08-11 14:31:59
719,RobotSimForPA/Global/R1_WeldingResistance,0,0.0,,2228224,2025-08-11 14:32:00
720,RobotSimForPA/Global/R1_WeldingResistance,0,0.0,,2228224,2025-08-11 14:32:01
721,RobotSimForPA/Global/R1_WeldingResistance,0,0.19643000000000002,,2228224,2025-08-11 14:32:02
722,RobotSimForPA/Global/R1_WeldingResistance,0,0.21645000000000003,,2228224,2025-08-11 14:32:03
723,RobotSimForPA/Global/R1_WeldingResistance,0,0.29584000000000005,,2228224,2025-08-11 14:32:04
724,RobotSimForPA/Global/R1_WeldingResistance,0,0.29584000000000005,,2228224,2025-08-11 14:32:05
725,RobotSimForPA/Global/R1_WeldingResistance,0,0.24341000000000002,,2228224,2025-08-11 14:32:06
726,RobotSimForPA/Global/R1_WeldingResistance,0,0.2927,,2228224,2025-08-11 14:32:07
727,RobotSimForPA/Global/R1_WeldingResistance,0,0.27219000000000004,,2228224,2025-08-11 14:32:08
728,RobotSimForPA/Global/R1_WeldingResistance,0,0.31139,,2228224,2025-08-11 14:32:09
729,RobotSimForPA/Global/R1_WeldingResistance,0,0.20520000000000002,,2228224,2025-08-11 14:32:10
730,RobotSimForPA/Global/R1_WeldingResistance,0,0.20520000000000002,,2228224,2025-08-11 14:32:11
731,RobotSimForPA/Global/R1_WeldingResistance,0,0.21926,,2228224,2025-08-11 14:32:12
732,RobotSimForPA/Global/R1_WeldingResistance,0,0.28062000000000004,,2228224,2025-08-11 14:32:13
733,RobotSimForPA/Global/R1_WeldingResistance,0,0.21843,,2228224,2025-08-11 14:32:14
734,RobotSimForPA/Global/R1_WeldingResistance,0,0.17427,,2228224,2025-08-11 14:32:15
735,RobotSimForPA/Global/R1_WeldingResistance,0,0.17427,,2228224,2025-08-11 14:32:16
736,RobotSimForPA/Global/R1_WeldingResistance,0,0.25780000000000003,,2228224,2025-08-11 14:32:17
737,RobotSimForPA/Global/R1_WeldingResistance,0,0.18965,,2228224,2025-08-11 14:32:18
738,RobotSimForPA/Global/R1_WeldingResistance,0,0.0,,2228224,2025-08-11 14:32:19
739,RobotSimForPA/Global/R1_WeldingResistance,0,0.0,,2228224,2025-08-11 14:32:20
740,RobotSimForPA/Global/R1_WeldingResistance,0,0.0,,2228224,2025-08-11 14:32:21
741,RobotSimForPA/Global/R1_WeldingResistance,0,0.0,,2228224,2025-08-11 14:32:22
742,RobotSimForPA/Global/R1_WeldingResistance,0,0.0,,2228224,2025-08-11 14:32:23
743,RobotSimForPA/Global/R1_WeldingResistance,0,0.0,,2228224,2025-08-11 14:32:24
744,RobotSimForPA/Global/R1_WeldingResistance,0,0.0,,2228224,2025-08-11 14:32:25
745,RobotSimForPA/Global/R1_WeldingResistance,0,0.0,,2228224,2025-08-11 14:32:26
746,RobotSimForPA/Global/R1_WeldingResistance,0,0.0,,2228224,2025-08-11 14:32:27
747,RobotSimForPA/Global/R1_WeldingResistance,0,0.0,,2228224,2025-08-11 14:32:28
748,RobotSimForPA/Global/R1_WeldingResistance,0,0.0,,2228224,2025-08-11 14:32:29
749,RobotSimForPA/Global/R1_WeldingResistance,0,0.0,,2228224,2025-08-11 14:32:30
750,RobotSimForPA/Global/R1_WeldingResistance,0,0.0,,2228224,2025-08-11 14:32:31
751,RobotSimForPA/Global/R1_WeldingResistance,0,0.0,,2228224,2025-08-11 14:32:32
752,RobotSimForPA/Global/R1_WeldingResistance,0,0.0,,2228224,2025-08-11 14:32:33
753,RobotSimForPA/Global/R1_WeldingResistance,0,0.32263000000000003,,2228224,2025-08-11 14:32:34
754,RobotSimForPA/Global/R1_WeldingResistance,0,0.27434000000000003,,2228224,2025-08-11 14:32:35
755,RobotSimForPA/Global/R1_WeldingResistance,0,0.23944000000000001,,2228224,2025-08-11 14:32:36
756,RobotSimForPA/Global/R1_WeldingResistance,0,0.30411000000000005,,2228224,2025-08-11 14:32:37
757,RobotSimForPA/Global/R1_WeldingResistance,0,0.25019,,2228224,2025-08-11 14:32:38
758,RobotSimForPA/Global/R1_WeldingResistance,0,0.20933000000000002,,2228224,2025-08-11 14:32:39
759,RobotSimForPA/Global/R1_WeldingResistance,0,0.20933000000000002,,2228224,2025-08-11 14:32:40
760,RobotSimForPA/Global/R1_WeldingResistance,0,0.19693000000000002,,2228224,2025-08-11 14:32:41
761,RobotSimForPA/Global/R1_WeldingResistance,0,0.26574000000000003,,2228224,2025-08-11 14:32:42
762,RobotSimForPA/Global/R1_WeldingResistance,0,0.24357,,2228224,2025-08-11 14:32:43
763,RobotSimForPA/Global/R1_WeldingResistance,0,0.18866000000000002,,2228224,2025-08-11 14:32:44
764,RobotSimForPA/Global/R1_WeldingResistance,0,0.25499,,2228224,2025-08-11 14:32:45
765,RobotSimForPA/Global/R1_WeldingResistance,0,0.25499,,2228224,2025-08-11 14:32:46
766,RobotSimForPA/Global/R1_WeldingResistance,0,0.22852000000000003,,2228224,2025-08-11 14:32:47
767,RobotSimForPA/Global/R1_WeldingResistance,0,0.0,,2228224,2025-08-11 14:32:48
768,RobotSimForPA/Global/R1_WeldingResistance,0,0.0,,2228224,2025-08-11 14:32:49
769,RobotSimForPA/Global/R1_WeldingResistance,0,0.0,,2228224,2025-08-11 14:32:50
770,RobotSimForPA/Global/R1_WeldingResistance,0,0.0,,2228224,2025-08-11 14:32:51
771,RobotSimForPA/Global/R1_WeldingResistance,0,0.0,,2228224,2025-08-11 14:32:52
772,RobotSimForPA/Global/R1_WeldingResistance,0,0.0,,2228224,2025-08-11 14:32:53
773,RobotSimForPA/Global/R1_WeldingResistance,0,0.0,,2228224,2025-08-11 14:32:54
774,RobotSimForPA/Global/R1_WeldingResistance,0,0.0,,2228224,2025-08-11 14:32:55
775,RobotSimForPA/Global/R1_WeldingResistance,0,0.0,,2228224,2025-08-11 14:32:56
776,RobotSimForPA/Global/R1_WeldingResistance,0,0.0,,2228224,2025-08-11 14:32:57
777,RobotSimForPA/Global/R1_WeldingResistance,0,0.0,,2228224,2025-08-11 14:32:58
778,RobotSimForPA/Global/R1_WeldingResistance,0,0.0,,2228224,2025-08-11 14:32:59
779,RobotSimForPA/Global/R1_WeldingResistance,0,0.0,,2228224,2025-08-11 14:33:00
780,RobotSimForPA/Global/R1_WeldingResistance,0,0.0,,2228224,2025-08-11 14:33:01
781,RobotSimForPA/Global/R1_WeldingResistance,0,0.0,,2228224,2025-08-11 14:33:02
782,RobotSimForPA/Global/R1_WeldingResistance,0,0.0,,2228224,2025-08-11 14:33:03
783,RobotSimForPA/Global/R1_WeldingResistance,0,0.2315,,2228224,2025-08-11 14:33:04
784,RobotSimForPA/Global/R1_WeldingResistance,0,0.25102,,2228224,2025-08-11 14:33:05
785,RobotSimForPA/Global/R1_WeldingResistance,0,0.29882000000000003,,2228224,2025-08-11 14:33:06
786,RobotSimForPA/Global/R1_WeldingResistance,0,0.21364000000000002,,2228224,2025-08-11 14:33:07
787,RobotSimForPA/Global/R1_WeldingResistance,0,0.18916000000000002,,2228224,2025-08-11 14:33:08
788,RobotSimForPA/Global/R1_WeldingResistance,0,0.18916000000000002,,2228224,2025-08-11 14:33:09
789,RobotSimForPA/Global/R1_WeldingResistance,0,0.25118,,2228224,2025-08-11 14:33:10
790,RobotSimForPA/Global/R1_WeldingResistance,0,0.25813,,2228224,2025-08-11 14:33:11
791,RobotSimForPA/Global/R1_WeldingResistance,0,0.29882000000000003,,2228224,2025-08-11 14:33:12
792,RobotSimForPA/Global/R1_WeldingResistance,0,0.26789,,2228224,2025-08-11 14:33:13
793,RobotSimForPA/Global/R1_WeldingResistance,0,0.17245000000000002,,2228224,2025-08-11 14:33:14
794,RobotSimForPA/Global/R1_WeldingResistance,0,0.17245000000000002,,2228224,2025-08-11 14:33:15
795,RobotSimForPA/Global/R1_WeldingResistance,0,0.22769000000000003,,2228224,2025-08-11 14:33:16
796,RobotSimForPA/Global/R1_WeldingResistance,0,0.28591,,2228224,2025-08-11 14:33:17
797,RobotSimForPA/Global/R1_WeldingResistance,0,0.0,,2228224,2025-08-11 14:33:18
798,RobotSimForPA/Global/R1_WeldingResistance,0,0.0,,2228224,2025-08-11 14:33:19
799,RobotSimForPA/Global/R1_WeldingResistance,0,0.0,,2228224,2025-08-11 14:33:20
800,RobotSimForPA/Global/R1_WeldingResistance,0,0.0,,2228224,2025-08-11 14:33:21
801,RobotSimForPA/Global/R1_WeldingResistance,0,0.0,,2228224,2025-08-11 14:33:22
802,RobotSimForPA/Global/R1_WeldingResistance,0,0.0,,2228224,2025-08-11 14:33:23
803,RobotSimForPA/Global/R1_WeldingResistance,0,0.0,,2228224,2025-08-11 14:33:24
804,RobotSimForPA/Global/R1_WeldingResistance,0,0.0,,2228224,2025-08-11 14:33:25
805,RobotSimForPA/Global/R1_WeldingResistance,0,0.0,,2228224,2025-08-11 14:33:26
806,RobotSimForPA/Global/R1_WeldingResistance,0,0.0,,2228224,2025-08-11 14:33:27
807,RobotSimForPA/Global/R1_WeldingResistance,0,0.0,,2228224,2025-08-11 14:33:28
808,RobotSimForPA/Global/R1_WeldingResistance,0,0.0,,2228224,2025-08-11 14:33:29
809,RobotSimForPA/Global/R1_WeldingResistance,0,0.0,,2228224,2025-08-11 14:33:30
810,RobotSimForPA/Global/R1_WeldingResistance,0,0.0,,2228224,2025-08-11 14:33:31
811,RobotSimForPA/Global/R1_WeldingResistance,0,0.0,,2228224,2025-08-11 14:33:32
812,RobotSimForPA/Global/R1_WeldingResistance,0,0.0,,2228224,2025-08-11 14:33:33
813,RobotSimForPA/Global/R1_WeldingResistance,0,0.26822,,2228224,2025-08-11 14:33:34
814,RobotSimForPA/Global/R1_WeldingResistance,0,0.24308000000000002,,2228224,2025-08-11 14:33:35
815,RobotSimForPA/Global/R1_WeldingResistance,0,0.22968000000000002,,2228224,2025-08-11 14:33:36
816,RobotSimForPA/Global/R1_WeldingResistance,0,0.30047,,2228224,2025-08-11 14:33:37
817,RobotSimForPA/Global/R1_WeldingResistance,0,0.30047,,2228224,2025-08-11 14:33:38
818,RobotSimForPA/Global/R1_WeldingResistance,0,0.22108000000000003,,2228224,2025-08-11 14:33:39
819,RobotSimForPA/Global/R1_WeldingResistance,0,0.23911000000000002,,2228224,2025-08-11 14:33:40
820,RobotSimForPA/Global/R1_WeldingResistance,0,0.28972000000000003,,2228224,2025-08-11 14:33:41
821,RobotSimForPA/Global/R1_WeldingResistance,0,0.24969000000000002,,2228224,2025-08-11 14:33:42
822,RobotSimForPA/Global/R1_WeldingResistance,0,0.17675000000000002,,2228224,2025-08-11 14:33:43
823,RobotSimForPA/Global/R1_WeldingResistance,0,0.17675000000000002,,2228224,2025-08-11 14:33:44
824,RobotSimForPA/Global/R1_WeldingResistance,0,0.22124000000000002,,2228224,2025-08-11 14:33:45
825,RobotSimForPA/Global/R1_WeldingResistance,0,0.17394,,2228224,2025-08-11 14:33:46
826,RobotSimForPA/Global/R1_WeldingResistance,0,0.20685,,2228224,2025-08-11 14:33:47
827,RobotSimForPA/Global/R1_WeldingResistance,0,0.21512,,2228224,2025-08-11 14:33:48
828,RobotSimForPA/Global/R1_WeldingResistance,0,0.32197000000000003,,2228224,2025-08-11 14:33:49
829,RobotSimForPA/Global/R1_WeldingResistance,0,0.0,,2228224,2025-08-11 14:33:50
830,RobotSimForPA/Global/R1_WeldingResistance,0,0.0,,2228224,2025-08-11 14:33:51
831,RobotSimForPA/Global/R1_WeldingResistance,0,0.0,,2228224,2025-08-11 14:33:52
832,RobotSimForPA/Global/R1_WeldingResistance,0,0.0,,2228224,2025-08-11 14:33:53
833,RobotSimForPA/Global/R1_WeldingResistance,0,0.0,,2228224,2025-08-11 14:33:54
834,RobotSimForPA/Global/R1_WeldingResistance,0,0.0,,2228224,2025-08-11 14:33:55
835,RobotSimForPA/Global/R1_WeldingResistance,0,0.0,,2228224,2025-08-11 14:33:56
836,RobotSimForPA/Global/R1_WeldingResistance,0,0.0,,2228224,2025-08-11 14:33:57
837,RobotSimForPA/Global/R1_WeldingResistance,0,0.0,,2228224,2025-08-11 14:33:58
838,RobotSimForPA/Global/R1_WeldingResistance,0,0.0,,2228224,2025-08-11 14:33:59
839,RobotSimForPA/Global/R1_WeldingResistance,0,0.0,,2228224,2025-08-11 14:34:00
840,RobotSimForPA/Global/R1_WeldingResistance,0,0.0,,2228224,2025-08-11 14:34:01
841,RobotSimForPA/Global/R1_WeldingResistance,0,0.0,,2228224,2025-08-11 14:34:02
842,RobotSimForPA/Global/R1_WeldingResistance,0,0.0,,2228224,2025-08-11 14:34:03
843,RobotSimForPA/Global/R1_WeldingResistance,0,0.0,,2228224,2025-08-11 14:34:04
844,RobotSimForPA/Global/R1_WeldingResistance,0,0.0,,2228224,2025-08-11 14:34:05
845,RobotSimForPA/Global/R1_WeldingResistance,0,0.0,,2228224,2025-08-11 14:34:06
846,RobotSimForPA/Global/R1_WeldingResistance,0,0.31684,,2228224,2025-08-11 14:34:07
847,RobotSimForPA/Global/R1_WeldingResistance,0,0.27913000000000004,,2228224,2025-08-11 14:34:08
848,RobotSimForPA/Global/R1_WeldingResistance,0,0.2841,,2228224,2025-08-11 14:34:09
849,RobotSimForPA/Global/R1_WeldingResistance,0,0.20967000000000002,,2228224,2025-08-11 14:34:10
850,RobotSimForPA/Global/R1_WeldingResistance,0,0.20933000000000002,,2228224,2025-08-11 14:34:11
851,RobotSimForPA/Global/R1_WeldingResistance,0,0.22654000000000002,,2228224,2025-08-11 14:34:12
852,RobotSimForPA/Global/R1_WeldingResistance,0,0.29137,,2228224,2025-08-11 14:34:13
853,RobotSimForPA/Global/R1_WeldingResistance,0,0.29137,,2228224,2025-08-11 14:34:14
854,RobotSimForPA/Global/R1_WeldingResistance,0,0.27103000000000005,,2228224,2025-08-11 14:34:15
855,RobotSimForPA/Global/R1_WeldingResistance,0,0.27103000000000005,,2228224,2025-08-11 14:34:16
856,RobotSimForPA/Global/R1_WeldingResistance,0,0.30461000000000005,,2228224,2025-08-11 14:34:17
857,RobotSimForPA/Global/R1_WeldingResistance,0,0.17394,,2228224,2025-08-11 14:34:18
858,RobotSimForPA/Global/R1_WeldingResistance,0,0.17394,,2228224,2025-08-11 14:34:19
859,RobotSimForPA/Global/R1_WeldingResistance,0,0.31337000000000004,,2228224,2025-08-11 14:34:20
860,RobotSimForPA/Global/R1_WeldingResistance,0,0.17195000000000002,,2228224,2025-08-11 14:34:21
861,RobotSimForPA/Global/R1_WeldingResistance,0,0.21760000000000002,,2228224,2025-08-11 14:34:22
862,RobotSimForPA/Global/R1_WeldingResistance,0,0.0,,2228224,2025-08-11 14:34:23
863,RobotSimForPA/Global/R1_WeldingResistance,0,0.0,,2228224,2025-08-11 14:34:24
864,RobotSimForPA/Global/R1_WeldingResistance,0,0.0,,2228224,2025-08-11 14:34:25
865,RobotSimForPA/Global/R1_WeldingResistance,0,0.0,,2228224,2025-08-11 14:34:26
866,RobotSimForPA/Global/R1_WeldingResistance,0,0.0,,2228224,2025-08-11 14:34:27
867,RobotSimForPA/Global/R1_WeldingResistance,0,0.0,,2228224,2025-08-11 14:34:28
868,RobotSimForPA/Global/R1_WeldingResistance,0,0.0,,2228224,2025-08-11 14:34:29
869,RobotSimForPA/Global/R1_WeldingResistance,0,0.0,,2228224,2025-08-11 14:34:30
870,RobotSimForPA/Global/R1_WeldingResistance,0,0.0,,2228224,2025-08-11 14:34:31
871,RobotSimForPA/Global/R1_WeldingResistance,0,0.0,,2228224,2025-08-11 14:34:32
872,RobotSimForPA/Global/R1_WeldingResistance,0,0.0,,2228224,2025-08-11 14:34:33
873,RobotSimForPA/Global/R1_WeldingResistance,0,0.0,,2228224,2025-08-11 14:34:34
874,RobotSimForPA/Global/R1_WeldingResistance,0,0.0,,2228224,2025-08-11 14:34:35
875,RobotSimForPA/Global/R1_WeldingResistance,0,0.0,,2228224,2025-08-11 14:34:36
876,RobotSimForPA/Global/R1_WeldingResistance,0,0.0,,2228224,2025-08-11 14:34:37
877,RobotSimForPA/Global/R1_WeldingResistance,0,0.0,,2228224,2025-08-11 14:34:38
878,RobotSimForPA/Global/R1_WeldingResistance,0,0.18800000000000003,,2228224,2025-08-11 14:34:39
879,RobotSimForPA/Global/R1_WeldingResistance,0,0.18634,,2228224,2025-08-11 14:34:40
880,RobotSimForPA/Global/R1_WeldingResistance,0,0.32462,,2228224,2025-08-11 14:34:41
881,RobotSimForPA/Global/R1_WeldingResistance,0,0.24887,,2228224,2025-08-11 14:34:42
882,RobotSimForPA/Global/R1_WeldingResistance,0,0.24887,,2228224,2025-08-11 14:34:43
883,RobotSimForPA/Global/R1_WeldingResistance,0,0.28376,,2228224,2025-08-11 14:34:44
884,RobotSimForPA/Global/R1_WeldingResistance,0,0.21297000000000002,,2228224,2025-08-11 14:34:45
885,RobotSimForPA/Global/R1_WeldingResistance,0,0.30163,,2228224,2025-08-11 14:34:46
886,RobotSimForPA/Global/R1_WeldingResistance,0,0.31288000000000005,,2228224,2025-08-11 14:34:47
887,RobotSimForPA/Global/R1_WeldingResistance,0,0.31288000000000005,,2228224,2025-08-11 14:34:48
888,RobotSimForPA/Global/R1_WeldingResistance,0,0.32164000000000004,,2228224,2025-08-11 14:34:49
889,RobotSimForPA/Global/R1_WeldingResistance,0,0.29154,,2228224,2025-08-11 14:34:50
890,RobotSimForPA/Global/R1_WeldingResistance,0,0.28128000000000003,,2228224,2025-08-11 14:34:51
891,RobotSimForPA/Global/R1_WeldingResistance,0,0.26739,,2228224,2025-08-11 14:34:52
892,RobotSimForPA/Global/R1_WeldingResistance,0,0.20421000000000003,,2228224,2025-08-11 14:34:53
893,RobotSimForPA/Global/R1_WeldingResistance,0,0.18816000000000002,,2228224,2025-08-11 14:34:54
894,RobotSimForPA/Global/R1_WeldingResistance,0,0.0,,2228224,2025-08-11 14:34:55
895,RobotSimForPA/Global/R1_WeldingResistance,0,0.0,,2228224,2025-08-11 14:34:56
896,RobotSimForPA/Global/R1_WeldingResistance,0,0.0,,2228224,2025-08-11 14:34:57
897,RobotSimForPA/Global/R1_WeldingResistance,0,0.0,,2228224,2025-08-11 14:34:58
898,RobotSimForPA/Global/R1_WeldingResistance,0,0.0,,2228224,2025-08-11 14:34:59
899,RobotSimForPA/Global/R1_WeldingResistance,0,0.0,,2228224,2025-08-11 14:35:00
900,RobotSimForPA/Global/R1_WeldingResistance,0,0.0,,2228224,2025-08-11 14:35:01
901,RobotSimForPA/Global/R1_WeldingResistance,0,0.0,,2228224,2025-08-11 14:35:02
902,RobotSimForPA/Global/R1_WeldingResistance,0,0.0,,2228224,2025-08-11 14:35:03
903,RobotSimForPA/Global/R1_WeldingResistance,0,0.0,,2228224,2025-08-11 14:35:04
904,RobotSimForPA/Global/R1_WeldingResistance,0,0.0,,2228224,2025-08-11 14:35:05
905,RobotSimForPA/Global/R1_WeldingResistance,0,0.0,,2228224,2025-08-11 14:35:06
906,RobotSimForPA/Global/R1_WeldingResistance,0,0.0,,2228224,2025-08-11 14:35:07
907,RobotSimForPA/Global/R1_WeldingResistance,0,0.0,,2228224,2025-08-11 14:35:08
908,RobotSimForPA/Global/R1_WeldingResistance,0,0.0,,2228224,2025-08-11 14:35:09
909,RobotSimForPA/Global/R1_WeldingResistance,0,0.0,,2228224,2025-08-11 14:35:10
910,RobotSimForPA/Global/R1_WeldingResistance,0,0.30758,,2228224,2025-08-11 14:35:11
911,RobotSimForPA/Global/R1_WeldingResistance,0,0.30758,,2228224,2025-08-11 14:35:12
912,RobotSimForPA/Global/R1_WeldingResistance,0,0.3094,,2228224,2025-08-11 14:35:13
913,RobotSimForPA/Global/R1_WeldingResistance,0,0.26507000000000003,,2228224,2025-08-11 14:35:14
914,RobotSimForPA/Global/R1_WeldingResistance,0,0.30692,,2228224,2025-08-11 14:35:15
915,RobotSimForPA/Global/R1_WeldingResistance,0,0.32247000000000003,,2228224,2025-08-11 14:35:16
916,RobotSimForPA/Global/R1_WeldingResistance,0,0.27483,,2228224,2025-08-11 14:35:17
917,RobotSimForPA/Global/R1_WeldingResistance,0,0.27483,,2228224,2025-08-11 14:35:18
918,RobotSimForPA/Global/R1_WeldingResistance,0,0.3008,,2228224,2025-08-11 14:35:19
919,RobotSimForPA/Global/R1_WeldingResistance,0,0.18089000000000002,,2228224,2025-08-11 14:35:20
920,RobotSimForPA/Global/R1_WeldingResistance,0,0.18684,,2228224,2025-08-11 14:35:21
921,RobotSimForPA/Global/R1_WeldingResistance,0,0.17262000000000002,,2228224,2025-08-11 14:35:22
922,RobotSimForPA/Global/R1_WeldingResistance,0,0.21760000000000002,,2228224,2025-08-11 14:35:23
923,RobotSimForPA/Global/R1_WeldingResistance,0,0.21760000000000002,,2228224,2025-08-11 14:35:24
924,RobotSimForPA/Global/R1_WeldingResistance,0,0.30659000000000003,,2228224,2025-08-11 14:35:25
925,RobotSimForPA/Global/R1_WeldingResistance,0,0.20090000000000002,,2228224,2025-08-11 14:35:26
926,RobotSimForPA/Global/R1_WeldingResistance,0,0.0,,2228224,2025-08-11 14:35:27
927,RobotSimForPA/Global/R1_WeldingResistance,0,0.0,,2228224,2025-08-11 14:35:28
928,RobotSimForPA/Global/R1_WeldingResistance,0,0.0,,2228224,2025-08-11 14:35:29
929,RobotSimForPA/Global/R1_WeldingResistance,0,0.0,,2228224,2025-08-11 14:35:30
930,RobotSimForPA/Global/R1_WeldingResistance,0,0.0,,2228224,2025-08-11 14:35:31
931,RobotSimForPA/Global/R1_WeldingResistance,0,0.0,,2228224,2025-08-11 14:35:32
932,RobotSimForPA/Global/R1_WeldingResistance,0,0.0,,2228224,2025-08-11 14:35:33
933,RobotSimForPA/Global/R1_WeldingResistance,0,0.0,,2228224,2025-08-11 14:35:34
934,RobotSimForPA/Global/R1_WeldingResistance,0,0.0,,2228224,2025-08-11 14:35:35
935,RobotSimForPA/Global/R1_WeldingResistance,0,0.0,,2228224,2025-08-11 14:35:36
936,RobotSimForPA/Global/R1_WeldingResistance,0,0.0,,2228224,2025-08-11 14:35:37
937,RobotSimForPA/Global/R1_WeldingResistance,0,0.0,,2228224,2025-08-11 14:35:38
938,RobotSimForPA/Global/R1_WeldingResistance,0,0.0,,2228224,2025-08-11 14:35:39
939,RobotSimForPA/Global/R1_WeldingResistance,0,0.0,,2228224,2025-08-11 14:35:40
940,RobotSimForPA/Global/R1_WeldingResistance,0,0.0,,2228224,2025-08-11 14:35:41
941,RobotSimForPA/Global/R1_WeldingResistance,0,0.0,,2228224,2025-08-11 14:35:42
942,RobotSimForPA/Global/R1_WeldingResistance,0,0.23365000000000002,,2228224,2025-08-11 14:35:43
943,RobotSimForPA/Global/R1_WeldingResistance,0,0.30692,,2228224,2025-08-11 14:35:44
944,RobotSimForPA/Global/R1_WeldingResistance,0,0.29931,,2228224,2025-08-11 14:35:45
945,RobotSimForPA/Global/R1_WeldingResistance,0,0.23894,,2228224,2025-08-11 14:35:46
946,RobotSimForPA/Global/R1_WeldingResistance,0,0.23894,,2228224,2025-08-11 14:35:47
947,RobotSimForPA/Global/R1_WeldingResistance,0,0.25383,,2228224,2025-08-11 14:35:48
948,RobotSimForPA/Global/R1_WeldingResistance,0,0.20239000000000001,,2228224,2025-08-11 14:35:49
949,RobotSimForPA/Global/R1_WeldingResistance,0,0.28062000000000004,,2228224,2025-08-11 14:35:50
950,RobotSimForPA/Global/R1_WeldingResistance,0,0.24672000000000002,,2228224,2025-08-11 14:35:51
951,RobotSimForPA/Global/R1_WeldingResistance,0,0.24672000000000002,,2228224,2025-08-11 14:35:52
952,RobotSimForPA/Global/R1_WeldingResistance,0,0.25019,,2228224,2025-08-11 14:35:53
953,RobotSimForPA/Global/R1_WeldingResistance,0,0.18965,,2228224,2025-08-11 14:35:54
954,RobotSimForPA/Global/R1_WeldingResistance,0,0.25879,,2228224,2025-08-11 14:35:55
955,RobotSimForPA/Global/R1_WeldingResistance,0,0.26193,,2228224,2025-08-11 14:35:56
956,RobotSimForPA/Global/R1_WeldingResistance,0,0.27549,,2228224,2025-08-11 14:35:57
957,RobotSimForPA/Global/R1_WeldingResistance,0,0.27549,,2228224,2025-08-11 14:35:58
958,RobotSimForPA/Global/R1_WeldingResistance,0,0.0,,2228224,2025-08-11 14:35:59
959,RobotSimForPA/Global/R1_WeldingResistance,0,0.0,,2228224,2025-08-11 14:36:00
960,RobotSimForPA/Global/R1_WeldingResistance,0,0.0,,2228224,2025-08-11 14:36:01
961,RobotSimForPA/Global/R1_WeldingResistance,0,0.0,,2228224,2025-08-11 14:36:02
962,RobotSimForPA/Global/R1_WeldingResistance,0,0.0,,2228224,2025-08-11 14:36:03
963,RobotSimForPA/Global/R1_WeldingResistance,0,0.0,,2228224,2025-08-11 14:36:04
964,RobotSimForPA/Global/R1_WeldingResistance,0,0.0,,2228224,2025-08-11 14:36:05
965,RobotSimForPA/Global/R1_WeldingResistance,0,0.0,,2228224,2025-08-11 14:36:06
966,RobotSimForPA/Global/R1_WeldingResistance,0,0.0,,2228224,2025-08-11 14:36:07
967,RobotSimForPA/Global/R1_WeldingResistance,0,0.0,,2228224,2025-08-11 14:36:08
968,RobotSimForPA/Global/R1_WeldingResistance,0,0.0,,2228224,2025-08-11 14:36:09
969,RobotSimForPA/Global/R1_WeldingResistance,0,0.0,,2228224,2025-08-11 14:36:10
970,RobotSimForPA/Global/R1_WeldingResistance,0,0.0,,2228224,2025-08-11 14:36:11
971,RobotSimForPA/Global/R1_WeldingResistance,0,0.0,,2228224,2025-08-11 14:36:12
972,RobotSimForPA/Global/R1_WeldingResistance,0,0.0,,2228224,2025-08-11 14:36:13
973,RobotSimForPA/Global/R1_WeldingResistance,0,0.0,,2228224,2025-08-11 14:36:14
974,RobotSimForPA/Global/R1_WeldingResistance,0,0.22687000000000002,,2228224,2025-08-11 14:36:15
975,RobotSimForPA/Global/R1_WeldingResistance,0,0.22687000000000002,,2228224,2025-08-11 14:36:16
976,RobotSimForPA/Global/R1_WeldingResistance,0,0.31668,,2228224,2025-08-11 14:36:17
977,RobotSimForPA/Global/R1_WeldingResistance,0,0.18155000000000002,,2228224,2025-08-11 14:36:18
978,RobotSimForPA/Global/R1_WeldingResistance,0,0.22637000000000002,,2228224,2025-08-11 14:36:19
979,RobotSimForPA/Global/R1_WeldingResistance,0,0.32528,,2228224,2025-08-11 14:36:20
980,RobotSimForPA/Global/R1_WeldingResistance,0,0.23828000000000002,,2228224,2025-08-11 14:36:21
981,RobotSimForPA/Global/R1_WeldingResistance,0,0.23828000000000002,,2228224,2025-08-11 14:36:22
982,RobotSimForPA/Global/R1_WeldingResistance,0,0.20933000000000002,,2228224,2025-08-11 14:36:23
983,RobotSimForPA/Global/R1_WeldingResistance,0,0.19379000000000002,,2228224,2025-08-11 14:36:24
984,RobotSimForPA/Global/R1_WeldingResistance,0,0.25598000000000004,,2228224,2025-08-11 14:36:25
985,RobotSimForPA/Global/R1_WeldingResistance,0,0.23563,,2228224,2025-08-11 14:36:26
986,RobotSimForPA/Global/R1_WeldingResistance,0,0.2535,,2228224,2025-08-11 14:36:27
987,RobotSimForPA/Global/R1_WeldingResistance,0,0.2535,,2228224,2025-08-11 14:36:28
988,RobotSimForPA/Global/R1_WeldingResistance,0,0.17526000000000003,,2228224,2025-08-11 14:36:29
989,RobotSimForPA/Global/R1_WeldingResistance,0,0.1751,,2228224,2025-08-11 14:36:30
990,RobotSimForPA/Global/R1_WeldingResistance,0,0.24258000000000002,,2228224,2025-08-11 14:36:31
991,RobotSimForPA/Global/R1_WeldingResistance,0,0.0,,2228224,2025-08-11 14:36:32
992,RobotSimForPA/Global/R1_WeldingResistance,0,0.0,,2228224,2025-08-11 14:36:33
993,RobotSimForPA/Global/R1_WeldingResistance,0,0.0,,2228224,2025-08-11 14:36:34
994,RobotSimForPA/Global/R1_WeldingResistance,0,0.0,,2228224,2025-08-11 14:36:35
995,RobotSimForPA/Global/R1_WeldingResistance,0,0.0,,2228224,2025-08-11 14:36:36
996,RobotSimForPA/Global/R1_WeldingResistance,0,0.0,,2228224,2025-08-11 14:36:37
997,RobotSimForPA/Global/R1_WeldingResistance,0,0.0,,2228224,2025-08-11 14:36:38
998,RobotSimForPA/Global/R1_WeldingResistance,0,0.0,,2228224,2025-08-11 14:36:39
999,RobotSimForPA/Global/R1_WeldingResistance,0,0.0,,2228224,2025-08-11 14:36:40
1000,RobotSimForPA/Global/R1_WeldingResistance,0,0.0,,2228224,2025-08-11 14:36:41
1001,RobotSimForPA/Global/R1_WeldingResistance,0,0.0,,2228224,2025-08-11 14:36:42
1002,RobotSimForPA/Global/R1_WeldingResistance,0,0.0,,2228224,2025-08-11 14:36:43
1003,RobotSimForPA/Global/R1_WeldingResistance,0,0.0,,2228224,2025-08-11 14:36:44
1004,RobotSimForPA/Global/R1_WeldingResistance,0,0.0,,2228224,2025-08-11 14:36:45
1005,RobotSimForPA/Global/R1_WeldingResistance,0,0.0,,2228224,2025-08-11 14:36:46
1006,RobotSimForPA/Global/R1_WeldingResistance,0,0.0,,2228224,2025-08-11 14:36:47
1007,RobotSimForPA/Global/R1_WeldingResistance,0,0.17229000000000003,,2228224,2025-08-11 14:36:48
1008,RobotSimForPA/Global/R1_WeldingResistance,0,0.27086000000000005,,2228224,2025-08-11 14:36:49
1009,RobotSimForPA/Global/R1_WeldingResistance,0,0.32280000000000003,,2228224,2025-08-11 14:36:50
1010,RobotSimForPA/Global/R1_WeldingResistance,0,0.32280000000000003,,2228224,2025-08-11 14:36:51
1011,RobotSimForPA/Global/R1_WeldingResistance,0,0.17874,,2228224,2025-08-11 14:36:52
1012,RobotSimForPA/Global/R1_WeldingResistance,0,0.23927,,2228224,2025-08-11 14:36:53
1013,RobotSimForPA/Global/R1_WeldingResistance,0,0.26954,,2228224,2025-08-11 14:36:54
1014,RobotSimForPA/Global/R1_WeldingResistance,0,0.28178000000000003,,2228224,2025-08-11 14:36:55
1015,RobotSimForPA/Global/R1_WeldingResistance,0,0.28178000000000003,,2228224,2025-08-11 14:36:56
1016,RobotSimForPA/Global/R1_WeldingResistance,0,0.26541000000000003,,2228224,2025-08-11 14:36:57
1017,RobotSimForPA/Global/R1_WeldingResistance,0,0.27285000000000004,,2228224,2025-08-11 14:36:58
1018,RobotSimForPA/Global/R1_WeldingResistance,0,0.27748,,2228224,2025-08-11 14:36:59
1019,RobotSimForPA/Global/R1_WeldingResistance,0,0.22025000000000003,,2228224,2025-08-11 14:37:00
1020,RobotSimForPA/Global/R1_WeldingResistance,0,0.26127,,2228224,2025-08-11 14:37:01
1021,RobotSimForPA/Global/R1_WeldingResistance,0,0.26127,,2228224,2025-08-11 14:37:02
1022,RobotSimForPA/Global/R1_WeldingResistance,0,0.23762000000000003,,2228224,2025-08-11 14:37:03
1023,RobotSimForPA/Global/R1_WeldingResistance,0,0.0,,2228224,2025-08-11 14:37:04
1024,RobotSimForPA/Global/R1_WeldingResistance,0,0.0,,2228224,2025-08-11 14:37:05
1025,RobotSimForPA/Global/R1_WeldingResistance,0,0.0,,2228224,2025-08-11 14:37:06
1026,RobotSimForPA/Global/R1_WeldingResistance,0,0.0,,2228224,2025-08-11 14:37:07
1027,RobotSimForPA/Global/R1_WeldingResistance,0,0.0,,2228224,2025-08-11 14:37:08
1028,RobotSimForPA/Global/R1_WeldingResistance,0,0.0,,2228224,2025-08-11 14:37:09
1029,RobotSimForPA/Global/R1_WeldingResistance,0,0.0,,2228224,2025-08-11 14:37:10
1030,RobotSimForPA/Global/R1_WeldingResistance,0,0.0,,2228224,2025-08-11 14:37:11
1031,RobotSimForPA/Global/R1_WeldingResistance,0,0.0,,2228224,2025-08-11 14:37:12
1032,RobotSimForPA/Global/R1_WeldingResistance,0,0.0,,2228224,2025-08-11 14:37:13
1033,RobotSimForPA/Global/R1_WeldingResistance,0,0.0,,2228224,2025-08-11 14:37:14
1034,RobotSimForPA/Global/R1_WeldingResistance,0,0.0,,2228224,2025-08-11 14:37:15
1035,RobotSimForPA/Global/R1_WeldingResistance,0,0.0,,2228224,2025-08-11 14:37:16
1036,RobotSimForPA/Global/R1_WeldingResistance,0,0.0,,2228224,2025-08-11 14:37:17
1037,RobotSimForPA/Global/R1_WeldingResistance,0,0.0,,2228224,2025-08-11 14:37:18
1038,RobotSimForPA/Global/R1_WeldingResistance,0,0.0,,2228224,2025-08-11 14:37:19
1039,RobotSimForPA/Global/R1_WeldingResistance,0,0.23696000000000003,,2228224,2025-08-11 14:37:20
1040,RobotSimForPA/Global/R1_WeldingResistance,0,0.27136000000000005,,2228224,2025-08-11 14:37:21
1041,RobotSimForPA/Global/R1_WeldingResistance,0,0.22108000000000003,,2228224,2025-08-11 14:37:22
1042,RobotSimForPA/Global/R1_WeldingResistance,0,0.30394000000000004,,2228224,2025-08-11 14:37:23
1043,RobotSimForPA/Global/R1_WeldingResistance,0,0.32561,,2228224,2025-08-11 14:37:24
1044,RobotSimForPA/Global/R1_WeldingResistance,0,0.32561,,2228224,2025-08-11 14:37:25
1045,RobotSimForPA/Global/R1_WeldingResistance,0,0.23183,,2228224,2025-08-11 14:37:26
1046,RobotSimForPA/Global/R1_WeldingResistance,0,0.20255,,2228224,2025-08-11 14:37:27
1047,RobotSimForPA/Global/R1_WeldingResistance,0,0.31337000000000004,,2228224,2025-08-11 14:37:28
1048,RobotSimForPA/Global/R1_WeldingResistance,0,0.17774,,2228224,2025-08-11 14:37:29
1049,RobotSimForPA/Global/R1_WeldingResistance,0,0.18204,,2228224,2025-08-11 14:37:30
1050,RobotSimForPA/Global/R1_WeldingResistance,0,0.18204,,2228224,2025-08-11 14:37:31
1051,RobotSimForPA/Global/R1_WeldingResistance,0,0.20851000000000003,,2228224,2025-08-11 14:37:32
1052,RobotSimForPA/Global/R1_WeldingResistance,0,0.30808,,2228224,2025-08-11 14:37:33
1053,RobotSimForPA/Global/R1_WeldingResistance,0,0.20057000000000003,,2228224,2025-08-11 14:37:34
1054,RobotSimForPA/Global/R1_WeldingResistance,0,0.0,,2228224,2025-08-11 14:37:35
1055,RobotSimForPA/Global/R1_WeldingResistance,0,0.0,,2228224,2025-08-11 14:37:36
1056,RobotSimForPA/Global/R1_WeldingResistance,0,0.0,,2228224,2025-08-11 14:37:37
1057,RobotSimForPA/Global/R1_WeldingResistance,0,0.0,,2228224,2025-08-11 14:37:38
1058,RobotSimForPA/Global/R1_WeldingResistance,0,0.0,,2228224,2025-08-11 14:37:39
1059,RobotSimForPA/Global/R1_WeldingResistance,0,0.0,,2228224,2025-08-11 14:37:40
1060,RobotSimForPA/Global/R1_WeldingResistance,0,0.0,,2228224,2025-08-11 14:37:41
1061,RobotSimForPA/Global/R1_WeldingResistance,0,0.0,,2228224,2025-08-11 14:37:42
1062,RobotSimForPA/Global/R1_WeldingResistance,0,0.0,,2228224,2025-08-11 14:37:43
1063,RobotSimForPA/Global/R1_WeldingResistance,0,0.0,,2228224,2025-08-11 14:37:44
1064,RobotSimForPA/Global/R1_WeldingResistance,0,0.0,,2228224,2025-08-11 14:37:45
1065,RobotSimForPA/Global/R1_WeldingResistance,0,0.0,,2228224,2025-08-11 14:37:46
1066,RobotSimForPA/Global/R1_WeldingResistance,0,0.0,,2228224,2025-08-11 14:37:47
1067,RobotSimForPA/Global/R1_WeldingResistance,0,0.0,,2228224,2025-08-11 14:37:48
1068,RobotSimForPA/Global/R1_WeldingResistance,0,0.0,,2228224,2025-08-11 14:37:49
1069,RobotSimForPA/Global/R1_WeldingResistance,0,0.0,,2228224,2025-08-11 14:37:50
1070,RobotSimForPA/Global/R1_WeldingResistance,0,0.29997,,2228224,2025-08-11 14:37:51
1071,RobotSimForPA/Global/R1_WeldingResistance,0,0.3008,,2228224,2025-08-11 14:37:52
1072,RobotSimForPA/Global/R1_WeldingResistance,0,0.28625,,2228224,2025-08-11 14:37:53
1073,RobotSimForPA/Global/R1_WeldingResistance,0,0.28625,,2228224,2025-08-11 14:37:54
1074,RobotSimForPA/Global/R1_WeldingResistance,0,0.17526000000000003,,2228224,2025-08-11 14:37:55
1075,RobotSimForPA/Global/R1_WeldingResistance,0,0.19693000000000002,,2228224,2025-08-11 14:37:56
1076,RobotSimForPA/Global/R1_WeldingResistance,0,0.30808,,2228224,2025-08-11 14:37:57
1077,RobotSimForPA/Global/R1_WeldingResistance,0,0.17278000000000002,,2228224,2025-08-11 14:37:58
1078,RobotSimForPA/Global/R1_WeldingResistance,0,0.22009,,2228224,2025-08-11 14:37:59
1079,RobotSimForPA/Global/R1_WeldingResistance,0,0.22009,,2228224,2025-08-11 14:38:00
1080,RobotSimForPA/Global/R1_WeldingResistance,0,0.26276000000000005,,2228224,2025-08-11 14:38:01
1081,RobotSimForPA/Global/R1_WeldingResistance,0,0.30361000000000005,,2228224,2025-08-11 14:38:02
1082,RobotSimForPA/Global/R1_WeldingResistance,0,0.30891,,2228224,2025-08-11 14:38:03
1083,RobotSimForPA/Global/R1_WeldingResistance,0,0.318,,2228224,2025-08-11 14:38:04
1084,RobotSimForPA/Global/R1_WeldingResistance,0,0.24804,,2228224,2025-08-11 14:38:05
1085,RobotSimForPA/Global/R1_WeldingResistance,0,0.0,,2228224,2025-08-11 14:38:06
1086,RobotSimForPA/Global/R1_WeldingResistance,0,0.0,,2228224,2025-08-11 14:38:07
1087,RobotSimForPA/Global/R1_WeldingResistance,0,0.0,,2228224,2025-08-11 14:38:08
1088,RobotSimForPA/Global/R1_WeldingResistance,0,0.0,,2228224,2025-08-11 14:38:09
1089,RobotSimForPA/Global/R1_WeldingResistance,0,0.0,,2228224,2025-08-11 14:38:10
1090,RobotSimForPA/Global/R1_WeldingResistance,0,0.0,,2228224,2025-08-11 14:38:11
1091,RobotSimForPA/Global/R1_WeldingResistance,0,0.0,,2228224,2025-08-11 14:38:12
1092,RobotSimForPA/Global/R1_WeldingResistance,0,0.0,,2228224,2025-08-11 14:38:13
1093,RobotSimForPA/Global/R1_WeldingResistance,0,0.0,,2228224,2025-08-11 14:38:14
1094,RobotSimForPA/Global/R1_WeldingResistance,0,0.0,,2228224,2025-08-11 14:38:15
1095,RobotSimForPA/Global/R1_WeldingResistance,0,0.0,,2228224,2025-08-11 14:38:16
1096,RobotSimForPA/Global/R1_WeldingResistance,0,0.0,,2228224,2025-08-11 14:38:17
1097,RobotSimForPA/Global/R1_WeldingResistance,0,0.0,,2228224,2025-08-11 14:38:18
1098,RobotSimForPA/Global/R1_WeldingResistance,0,0.0,,2228224,2025-08-11 14:38:19
1099,RobotSimForPA/Global/R1_WeldingResistance,0,0.0,,2228224,2025-08-11 14:38:20
1100,RobotSimForPA/Global/R1_WeldingResistance,0,0.0,,2228224,2025-08-11 14:38:21
1101,RobotSimForPA/Global/R1_WeldingResistance,0,0.2707,,2228224,2025-08-11 14:38:22
1102,RobotSimForPA/Global/R1_WeldingResistance,0,0.2707,,2228224,2025-08-11 14:38:23
1103,RobotSimForPA/Global/R1_WeldingResistance,0,0.25499,,2228224,2025-08-11 14:38:24
1104,RobotSimForPA/Global/R1_WeldingResistance,0,0.19131,,2228224,2025-08-11 14:38:25
1105,RobotSimForPA/Global/R1_WeldingResistance,0,0.29154,,2228224,2025-08-11 14:38:26
1106,RobotSimForPA/Global/R1_WeldingResistance,0,0.20156000000000002,,2228224,2025-08-11 14:38:27
1107,RobotSimForPA/Global/R1_WeldingResistance,0,0.23778000000000002,,2228224,2025-08-11 14:38:28
1108,RobotSimForPA/Global/R1_WeldingResistance,0,0.23778000000000002,,2228224,2025-08-11 14:38:29
1109,RobotSimForPA/Global/R1_WeldingResistance,0,0.30692,,2228224,2025-08-11 14:38:30
1110,RobotSimForPA/Global/R1_WeldingResistance,0,0.24638000000000002,,2228224,2025-08-11 14:38:31
1111,RobotSimForPA/Global/R1_WeldingResistance,0,0.19958,,2228224,2025-08-11 14:38:32
1112,RobotSimForPA/Global/R1_WeldingResistance,0,0.19858,,2228224,2025-08-11 14:38:33
1113,RobotSimForPA/Global/R1_WeldingResistance,0,0.20305,,2228224,2025-08-11 14:38:34
1114,RobotSimForPA/Global/R1_WeldingResistance,0,0.20305,,2228224,2025-08-11 14:38:35
1115,RobotSimForPA/Global/R1_WeldingResistance,0,0.0,,2228224,2025-08-11 14:38:36
1116,RobotSimForPA/Global/R1_WeldingResistance,0,0.0,,2228224,2025-08-11 14:38:37
1117,RobotSimForPA/Global/R1_WeldingResistance,0,0.0,,2228224,2025-08-11 14:38:38
1118,RobotSimForPA/Global/R1_WeldingResistance,0,0.0,,2228224,2025-08-11 14:38:39
1119,RobotSimForPA/Global/R1_WeldingResistance,0,0.0,,2228224,2025-08-11 14:38:40
1120,RobotSimForPA/Global/R1_WeldingResistance,0,0.0,,2228224,2025-08-11 14:38:41
1121,RobotSimForPA/Global/R1_WeldingResistance,0,0.0,,2228224,2025-08-11 14:38:42
1122,RobotSimForPA/Global/R1_WeldingResistance,0,0.0,,2228224,2025-08-11 14:38:43
1123,RobotSimForPA/Global/R1_WeldingResistance,0,0.0,,2228224,2025-08-11 14:38:44
1124,RobotSimForPA/Global/R1_WeldingResistance,0,0.0,,2228224,2025-08-11 14:38:45
1125,RobotSimForPA/Global/R1_WeldingResistance,0,0.0,,2228224,2025-08-11 14:38:46
1126,RobotSimForPA/Global/R1_WeldingResistance,0,0.0,,2228224,2025-08-11 14:38:47
1127,RobotSimForPA/Global/R1_WeldingResistance,0,0.0,,2228224,2025-08-11 14:38:48
1128,RobotSimForPA/Global/R1_WeldingResistance,0,0.0,,2228224,2025-08-11 14:38:49
1129,RobotSimForPA/Global/R1_WeldingResistance,0,0.0,,2228224,2025-08-11 14:38:50
1130,RobotSimForPA/Global/R1_WeldingResistance,0,0.0,,2228224,2025-08-11 14:38:51
1131,RobotSimForPA/Global/R1_WeldingResistance,0,0.0,,2228224,2025-08-11 14:38:52
1132,RobotSimForPA/Global/R1_WeldingResistance,0,0.28856000000000004,,2228224,2025-08-11 14:38:53
1133,RobotSimForPA/Global/R1_WeldingResistance,0,0.21049,,2228224,2025-08-11 14:38:54
1134,RobotSimForPA/Global/R1_WeldingResistance,0,0.31370000000000003,,2228224,2025-08-11 14:38:55
1135,RobotSimForPA/Global/R1_WeldingResistance,0,0.27781,,2228224,2025-08-11 14:38:56
1136,RobotSimForPA/Global/R1_WeldingResistance,0,0.18436000000000002,,2228224,2025-08-11 14:38:57
1137,RobotSimForPA/Global/R1_WeldingResistance,0,0.18436000000000002,,2228224,2025-08-11 14:38:58
1138,RobotSimForPA/Global/R1_WeldingResistance,0,0.29981,,2228224,2025-08-11 14:38:59
1139,RobotSimForPA/Global/R1_WeldingResistance,0,0.28112000000000004,,2228224,2025-08-11 14:39:00
1140,RobotSimForPA/Global/R1_WeldingResistance,0,0.30808,,2228224,2025-08-11 14:39:01
1141,RobotSimForPA/Global/R1_WeldingResistance,0,0.28922000000000003,,2228224,2025-08-11 14:39:02
1142,RobotSimForPA/Global/R1_WeldingResistance,0,0.22406,,2228224,2025-08-11 14:39:03
1143,RobotSimForPA/Global/R1_WeldingResistance,0,0.22406,,2228224,2025-08-11 14:39:04
1144,RobotSimForPA/Global/R1_WeldingResistance,0,0.24523000000000003,,2228224,2025-08-11 14:39:05
1145,RobotSimForPA/Global/R1_WeldingResistance,0,0.28641,,2228224,2025-08-11 14:39:06
1146,RobotSimForPA/Global/R1_WeldingResistance,0,0.18337,,2228224,2025-08-11 14:39:07
1147,RobotSimForPA/Global/R1_WeldingResistance,0,0.0,,2228224,2025-08-11 14:39:08
1148,RobotSimForPA/Global/R1_WeldingResistance,0,0.0,,2228224,2025-08-11 14:39:09
1149,RobotSimForPA/Global/R1_WeldingResistance,0,0.0,,2228224,2025-08-11 14:39:10
1150,RobotSimForPA/Global/R1_WeldingResistance,0,0.0,,2228224,2025-08-11 14:39:11
1151,RobotSimForPA/Global/R1_WeldingResistance,0,0.0,,2228224,2025-08-11 14:39:12
1152,RobotSimForPA/Global/R1_WeldingResistance,0,0.0,,2228224,2025-08-11 14:39:13
1153,RobotSimForPA/Global/R1_WeldingResistance,0,0.0,,2228224,2025-08-11 14:39:14
1154,RobotSimForPA/Global/R1_WeldingResistance,0,0.0,,2228224,2025-08-11 14:39:15
1155,RobotSimForPA/Global/R1_WeldingResistance,0,0.0,,2228224,2025-08-11 14:39:16
1156,RobotSimForPA/Global/R1_WeldingResistance,0,0.0,,2228224,2025-08-11 14:39:17
1157,RobotSimForPA/Global/R1_WeldingResistance,0,0.0,,2228224,2025-08-11 14:39:18
1158,RobotSimForPA/Global/R1_WeldingResistance,0,0.0,,2228224,2025-08-11 14:39:19
1159,RobotSimForPA/Global/R1_WeldingResistance,0,0.0,,2228224,2025-08-11 14:39:20
1160,RobotSimForPA/Global/R1_WeldingResistance,0,0.0,,2228224,2025-08-11 14:39:21
1161,RobotSimForPA/Global/R1_WeldingResistance,0,0.0,,2228224,2025-08-11 14:39:22
1162,RobotSimForPA/Global/R1_WeldingResistance,0,0.0,,2228224,2025-08-11 14:39:23
1163,RobotSimForPA/Global/R1_WeldingResistance,0,0.32164000000000004,,2228224,2025-08-11 14:39:24
1164,RobotSimForPA/Global/R1_WeldingResistance,0,0.25532000000000005,,2228224,2025-08-11 14:39:25
1165,RobotSimForPA/Global/R1_WeldingResistance,0,0.17013,,2228224,2025-08-11 14:39:26
1166,RobotSimForPA/Global/R1_WeldingResistance,0,0.17013,,2228224,2025-08-11 14:39:27
1167,RobotSimForPA/Global/R1_WeldingResistance,0,0.19809000000000002,,2228224,2025-08-11 14:39:28
1168,RobotSimForPA/Global/R1_WeldingResistance,0,0.19362000000000001,,2228224,2025-08-11 14:39:29
1169,RobotSimForPA/Global/R1_WeldingResistance,0,0.23613,,2228224,2025-08-11 14:39:30
1170,RobotSimForPA/Global/R1_WeldingResistance,0,0.20884000000000003,,2228224,2025-08-11 14:39:31
1171,RobotSimForPA/Global/R1_WeldingResistance,0,0.32793,,2228224,2025-08-11 14:39:32
1172,RobotSimForPA/Global/R1_WeldingResistance,0,0.17675000000000002,,2228224,2025-08-11 14:39:33
1173,RobotSimForPA/Global/R1_WeldingResistance,0,0.17675000000000002,,2228224,2025-08-11 14:39:34
1174,RobotSimForPA/Global/R1_WeldingResistance,0,0.25796,,2228224,2025-08-11 14:39:35
1175,RobotSimForPA/Global/R1_WeldingResistance,0,0.23381000000000002,,2228224,2025-08-11 14:39:36
1176,RobotSimForPA/Global/R1_WeldingResistance,0,0.24506000000000003,,2228224,2025-08-11 14:39:37
1177,RobotSimForPA/Global/R1_WeldingResistance,0,0.31023,,2228224,2025-08-11 14:39:38
1178,RobotSimForPA/Global/R1_WeldingResistance,0,0.0,,2228224,2025-08-11 14:39:39
1179,RobotSimForPA/Global/R1_WeldingResistance,0,0.0,,2228224,2025-08-11 14:39:40
1180,RobotSimForPA/Global/R1_WeldingResistance,0,0.0,,2228224,2025-08-11 14:39:41
1181,RobotSimForPA/Global/R1_WeldingResistance,0,0.0,,2228224,2025-08-11 14:39:42
1182,RobotSimForPA/Global/R1_WeldingResistance,0,0.0,,2228224,2025-08-11 14:39:43
1183,RobotSimForPA/Global/R1_WeldingResistance,0,0.0,,2228224,2025-08-11 14:39:44
1184,RobotSimForPA/Global/R1_WeldingResistance,0,0.0,,2228224,2025-08-11 14:39:45
1185,RobotSimForPA/Global/R1_WeldingResistance,0,0.0,,2228224,2025-08-11 14:39:46
1186,RobotSimForPA/Global/R1_WeldingResistance,0,0.0,,2228224,2025-08-11 14:39:47
1187,RobotSimForPA/Global/R1_WeldingResistance,0,0.0,,2228224,2025-08-11 14:39:48
1188,RobotSimForPA/Global/R1_WeldingResistance,0,0.0,,2228224,2025-08-11 14:39:49
1189,RobotSimForPA/Global/R1_WeldingResistance,0,0.0,,2228224,2025-08-11 14:39:50
1190,RobotSimForPA/Global/R1_WeldingResistance,0,0.0,,2228224,2025-08-11 14:39:51
1191,RobotSimForPA/Global/R1_WeldingResistance,0,0.0,,2228224,2025-08-11 14:39:52
1192,RobotSimForPA/Global/R1_WeldingResistance,0,0.0,,2228224,2025-08-11 14:39:53
1193,RobotSimForPA/Global/R1_WeldingResistance,0,0.0,,2228224,2025-08-11 14:39:54
1194,RobotSimForPA/Global/R1_WeldingResistance,0,0.25598000000000004,,2228224,2025-08-11 14:39:55
1195,RobotSimForPA/Global/R1_WeldingResistance,0,0.25647000000000003,,2228224,2025-08-11 14:39:56
1196,RobotSimForPA/Global/R1_WeldingResistance,0,0.25647000000000003,,2228224,2025-08-11 14:39:57
1197,RobotSimForPA/Global/R1_WeldingResistance,0,0.18982000000000002,,2228224,2025-08-11 14:39:58
1198,RobotSimForPA/Global/R1_WeldingResistance,0,0.20487000000000002,,2228224,2025-08-11 14:39:59
1199,RobotSimForPA/Global/R1_WeldingResistance,0,0.27268000000000003,,2228224,2025-08-11 14:40:00
1200,RobotSimForPA/Global/R1_WeldingResistance,0,0.31503000000000003,,2228224,2025-08-11 14:40:01
1201,RobotSimForPA/Global/R1_WeldingResistance,0,0.32495,,2228224,2025-08-11 14:40:02
1202,RobotSimForPA/Global/R1_WeldingResistance,0,0.32495,,2228224,2025-08-11 14:40:03
1203,RobotSimForPA/Global/R1_WeldingResistance,0,0.27781,,2228224,2025-08-11 14:40:04
1204,RobotSimForPA/Global/R1_WeldingResistance,0,0.17576000000000003,,2228224,2025-08-11 14:40:05
1205,RobotSimForPA/Global/R1_WeldingResistance,0,0.27434000000000003,,2228224,2025-08-11 14:40:06
1206,RobotSimForPA/Global/R1_WeldingResistance,0,0.30246,,2228224,2025-08-11 14:40:07
1207,RobotSimForPA/Global/R1_WeldingResistance,0,0.23481000000000002,,2228224,2025-08-11 14:40:08
1208,RobotSimForPA/Global/R1_WeldingResistance,0,0.23481000000000002,,2228224,2025-08-11 14:40:09
1209,RobotSimForPA/Global/R1_WeldingResistance,0,0.0,,2228224,2025-08-11 14:40:10
1210,RobotSimForPA/Global/R1_WeldingResistance,0,0.0,,2228224,2025-08-11 14:40:11
1211,RobotSimForPA/Global/R1_WeldingResistance,0,0.0,,2228224,2025-08-11 14:40:12
1212,RobotSimForPA/Global/R1_WeldingResistance,0,0.0,,2228224,2025-08-11 14:40:13
1213,RobotSimForPA/Global/R1_WeldingResistance,0,0.0,,2228224,2025-08-11 14:40:14
1214,RobotSimForPA/Global/R1_WeldingResistance,0,0.0,,2228224,2025-08-11 14:40:15
1215,RobotSimForPA/Global/R1_WeldingResistance,0,0.0,,2228224,2025-08-11 14:40:16
1216,RobotSimForPA/Global/R1_WeldingResistance,0,0.0,,2228224,2025-08-11 14:40:17
1217,RobotSimForPA/Global/R1_WeldingResistance,0,0.0,,2228224,2025-08-11 14:40:18
1218,RobotSimForPA/Global/R1_WeldingResistance,0,0.0,,2228224,2025-08-11 14:40:19
1219,RobotSimForPA/Global/R1_WeldingResistance,0,0.0,,2228224,2025-08-11 14:40:20
1220,RobotSimForPA/Global/R1_WeldingResistance,0,0.0,,2228224,2025-08-11 14:40:21
1221,RobotSimForPA/Global/R1_WeldingResistance,0,0.0,,2228224,2025-08-11 14:40:22
1222,RobotSimForPA/Global/R1_WeldingResistance,0,0.0,,2228224,2025-08-11 14:40:23
1223,RobotSimForPA/Global/R1_WeldingResistance,0,0.0,,2228224,2025-08-11 14:40:24
1224,RobotSimForPA/Global/R1_WeldingResistance,0,0.0,,2228224,2025-08-11 14:40:25
1225,RobotSimForPA/Global/R1_WeldingResistance,0,0.2922,,2228224,2025-08-11 14:40:26
1226,RobotSimForPA/Global/R1_WeldingResistance,0,0.24638000000000002,,2228224,2025-08-11 14:40:27
1227,RobotSimForPA/Global/R1_WeldingResistance,0,0.31916,,2228224,2025-08-11 14:40:28
1228,RobotSimForPA/Global/R1_WeldingResistance,0,0.17907,,2228224,2025-08-11 14:40:29
1229,RobotSimForPA/Global/R1_WeldingResistance,0,0.22687000000000002,,2228224,2025-08-11 14:40:30
1230,RobotSimForPA/Global/R1_WeldingResistance,0,0.26011,,2228224,2025-08-11 14:40:31
1231,RobotSimForPA/Global/R1_WeldingResistance,0,0.26011,,2228224,2025-08-11 14:40:32
1232,RobotSimForPA/Global/R1_WeldingResistance,0,0.30593000000000004,,2228224,2025-08-11 14:40:33
1233,RobotSimForPA/Global/R1_WeldingResistance,0,0.30461000000000005,,2228224,2025-08-11 14:40:34
1234,RobotSimForPA/Global/R1_WeldingResistance,0,0.20702,,2228224,2025-08-11 14:40:35
1235,RobotSimForPA/Global/R1_WeldingResistance,0,0.26921,,2228224,2025-08-11 14:40:36
1236,RobotSimForPA/Global/R1_WeldingResistance,0,0.18138,,2228224,2025-08-11 14:40:37
1237,RobotSimForPA/Global/R1_WeldingResistance,0,0.18138,,2228224,2025-08-11 14:40:38
1238,RobotSimForPA/Global/R1_WeldingResistance,0,0.30543000000000003,,2228224,2025-08-11 14:40:39
1239,RobotSimForPA/Global/R1_WeldingResistance,0,0.24043000000000003,,2228224,2025-08-11 14:40:40
1240,RobotSimForPA/Global/R1_WeldingResistance,0,0.24523000000000003,,2228224,2025-08-11 14:40:41
1241,RobotSimForPA/Global/R1_WeldingResistance,0,0.0,,2228224,2025-08-11 14:40:42
1242,RobotSimForPA/Global/R1_WeldingResistance,0,0.0,,2228224,2025-08-11 14:40:43
1243,RobotSimForPA/Global/R1_WeldingResistance,0,0.0,,2228224,2025-08-11 14:40:44
1244,RobotSimForPA/Global/R1_WeldingResistance,0,0.0,,2228224,2025-08-11 14:40:45
1245,RobotSimForPA/Global/R1_WeldingResistance,0,0.0,,2228224,2025-08-11 14:40:46
1246,RobotSimForPA/Global/R1_WeldingResistance,0,0.0,,2228224,2025-08-11 14:40:47
1247,RobotSimForPA/Global/R1_WeldingResistance,0,0.0,,2228224,2025-08-11 14:40:48
1248,RobotSimForPA/Global/R1_WeldingResistance,0,0.0,,2228224,2025-08-11 14:40:49
1249,RobotSimForPA/Global/R1_WeldingResistance,0,0.0,,2228224,2025-08-11 14:40:50
1250,RobotSimForPA/Global/R1_WeldingResistance,0,0.0,,2228224,2025-08-11 14:40:51
1251,RobotSimForPA/Global/R1_WeldingResistance,0,0.0,,2228224,2025-08-11 14:40:52
1252,RobotSimForPA/Global/R1_WeldingResistance,0,0.0,,2228224,2025-08-11 14:40:53
1253,RobotSimForPA/Global/R1_WeldingResistance,0,0.0,,2228224,2025-08-11 14:40:54
1254,RobotSimForPA/Global/R1_WeldingResistance,0,0.0,,2228224,2025-08-11 14:40:55
1255,RobotSimForPA/Global/R1_WeldingResistance,0,0.0,,2228224,2025-08-11 14:40:56
1256,RobotSimForPA/Global/R1_WeldingResistance,0,0.0,,2228224,2025-08-11 14:40:57
1257,RobotSimForPA/Global/R1_WeldingResistance,0,0.20140000000000002,,2228224,2025-08-11 14:40:58
1258,RobotSimForPA/Global/R1_WeldingResistance,0,0.18502000000000002,,2228224,2025-08-11 14:40:59
1259,RobotSimForPA/Global/R1_WeldingResistance,0,0.32925000000000004,,2228224,2025-08-11 14:41:00
1260,RobotSimForPA/Global/R1_WeldingResistance,0,0.32925000000000004,,2228224,2025-08-11 14:41:01
1261,RobotSimForPA/Global/R1_WeldingResistance,0,0.21810000000000002,,2228224,2025-08-11 14:41:02
1262,RobotSimForPA/Global/R1_WeldingResistance,0,0.1751,,2228224,2025-08-11 14:41:03
1263,RobotSimForPA/Global/R1_WeldingResistance,0,0.23299000000000003,,2228224,2025-08-11 14:41:04
1264,RobotSimForPA/Global/R1_WeldingResistance,0,0.19991,,2228224,2025-08-11 14:41:05
1265,RobotSimForPA/Global/R1_WeldingResistance,0,0.27798,,2228224,2025-08-11 14:41:06
1266,RobotSimForPA/Global/R1_WeldingResistance,0,0.27798,,2228224,2025-08-11 14:41:07
1267,RobotSimForPA/Global/R1_WeldingResistance,0,0.31188000000000005,,2228224,2025-08-11 14:41:08
1268,RobotSimForPA/Global/R1_WeldingResistance,0,0.32842000000000005,,2228224,2025-08-11 14:41:09
1269,RobotSimForPA/Global/R1_WeldingResistance,0,0.19594,,2228224,2025-08-11 14:41:10
1270,RobotSimForPA/Global/R1_WeldingResistance,0,0.21430000000000002,,2228224,2025-08-11 14:41:11
1271,RobotSimForPA/Global/R1_WeldingResistance,0,0.25829,,2228224,2025-08-11 14:41:12
1272,RobotSimForPA/Global/R1_WeldingResistance,0,0.0,,2228224,2025-08-11 14:41:13
1273,RobotSimForPA/Global/R1_WeldingResistance,0,0.0,,2228224,2025-08-11 14:41:14
1274,RobotSimForPA/Global/R1_WeldingResistance,0,0.0,,2228224,2025-08-11 14:41:15
1275,RobotSimForPA/Global/R1_WeldingResistance,0,0.0,,2228224,2025-08-11 14:41:16
1276,RobotSimForPA/Global/R1_WeldingResistance,0,0.0,,2228224,2025-08-11 14:41:17
1277,RobotSimForPA/Global/R1_WeldingResistance,0,0.0,,2228224,2025-08-11 14:41:18
1278,RobotSimForPA/Global/R1_WeldingResistance,0,0.0,,2228224,2025-08-11 14:41:19
1279,RobotSimForPA/Global/R1_WeldingResistance,0,0.0,,2228224,2025-08-11 14:41:20
1280,RobotSimForPA/Global/R1_WeldingResistance,0,0.0,,2228224,2025-08-11 14:41:21
1281,RobotSimForPA/Global/R1_WeldingResistance,0,0.0,,2228224,2025-08-11 14:41:22
1282,RobotSimForPA/Global/R1_WeldingResistance,0,0.0,,2228224,2025-08-11 14:41:23
1283,RobotSimForPA/Global/R1_WeldingResistance,0,0.0,,2228224,2025-08-11 14:41:24
1284,RobotSimForPA/Global/R1_WeldingResistance,0,0.0,,2228224,2025-08-11 14:41:25
1285,RobotSimForPA/Global/R1_WeldingResistance,0,0.0,,2228224,2025-08-11 14:41:26
1286,RobotSimForPA/Global/R1_WeldingResistance,0,0.0,,2228224,2025-08-11 14:41:27
1287,RobotSimForPA/Global/R1_WeldingResistance,0,0.0,,2228224,2025-08-11 14:41:28
1288,RobotSimForPA/Global/R1_WeldingResistance,0,0.33041000000000004,,2228224,2025-08-11 14:41:29
1289,RobotSimForPA/Global/R1_WeldingResistance,0,0.33041000000000004,,2228224,2025-08-11 14:41:30
1290,RobotSimForPA/Global/R1_WeldingResistance,0,0.26954,,2228224,2025-08-11 14:41:31
1291,RobotSimForPA/Global/R1_WeldingResistance,0,0.31503000000000003,,2228224,2025-08-11 14:41:32
1292,RobotSimForPA/Global/R1_WeldingResistance,0,0.22836,,2228224,2025-08-11 14:41:33
1293,RobotSimForPA/Global/R1_WeldingResistance,0,0.29915,,2228224,2025-08-11 14:41:34
1294,RobotSimForPA/Global/R1_WeldingResistance,0,0.29915,,2228224,2025-08-11 14:41:35
1295,RobotSimForPA/Global/R1_WeldingResistance,0,0.18552000000000002,,2228224,2025-08-11 14:41:36
1296,RobotSimForPA/Global/R1_WeldingResistance,0,0.30047,,2228224,2025-08-11 14:41:37
1297,RobotSimForPA/Global/R1_WeldingResistance,0,0.19395,,2228224,2025-08-11 14:41:38
1298,RobotSimForPA/Global/R1_WeldingResistance,0,0.31370000000000003,,2228224,2025-08-11 14:41:39
1299,RobotSimForPA/Global/R1_WeldingResistance,0,0.19131,,2228224,2025-08-11 14:41:40
1300,RobotSimForPA/Global/R1_WeldingResistance,0,0.32263000000000003,,2228224,2025-08-11 14:41:41
1301,RobotSimForPA/Global/R1_WeldingResistance,0,0.32263000000000003,,2228224,2025-08-11 14:41:42
1302,RobotSimForPA/Global/R1_WeldingResistance,0,0.24423000000000003,,2228224,2025-08-11 14:41:43
1303,RobotSimForPA/Global/R1_WeldingResistance,0,0.0,,2228224,2025-08-11 14:41:44
1304,RobotSimForPA/Global/R1_WeldingResistance,0,0.0,,2228224,2025-08-11 14:41:45
1305,RobotSimForPA/Global/R1_WeldingResistance,0,0.0,,2228224,2025-08-11 14:41:46
1306,RobotSimForPA/Global/R1_WeldingResistance,0,0.0,,2228224,2025-08-11 14:41:47
1307,RobotSimForPA/Global/R1_WeldingResistance,0,0.0,,2228224,2025-08-11 14:41:48
1308,RobotSimForPA/Global/R1_WeldingResistance,0,0.0,,2228224,2025-08-11 14:41:49
1309,RobotSimForPA/Global/R1_WeldingResistance,0,0.0,,2228224,2025-08-11 14:41:50
1310,RobotSimForPA/Global/R1_WeldingResistance,0,0.0,,2228224,2025-08-11 14:41:51
1311,RobotSimForPA/Global/R1_WeldingResistance,0,0.0,,2228224,2025-08-11 14:41:52
1312,RobotSimForPA/Global/R1_WeldingResistance,0,0.0,,2228224,2025-08-11 14:41:53
1313,RobotSimForPA/Global/R1_WeldingResistance,0,0.0,,2228224,2025-08-11 14:41:54
1314,RobotSimForPA/Global/R1_WeldingResistance,0,0.0,,2228224,2025-08-11 14:41:55
1315,RobotSimForPA/Global/R1_WeldingResistance,0,0.0,,2228224,2025-08-11 14:41:56
1316,RobotSimForPA/Global/R1_WeldingResistance,0,0.0,,2228224,2025-08-11 14:41:57
1317,RobotSimForPA/Global/R1_WeldingResistance,0,0.0,,2228224,2025-08-11 14:41:58
1318,RobotSimForPA/Global/R1_WeldingResistance,0,0.0,,2228224,2025-08-11 14:41:59
1319,RobotSimForPA/Global/R1_WeldingResistance,0,0.26111,,2228224,2025-08-11 14:42:00
1320,RobotSimForPA/Global/R1_WeldingResistance,0,0.20388,,2228224,2025-08-11 14:42:01
1321,RobotSimForPA/Global/R1_WeldingResistance,0,0.16931000000000002,,2228224,2025-08-11 14:42:02
1322,RobotSimForPA/Global/R1_WeldingResistance,0,0.17692000000000002,,2228224,2025-08-11 14:42:03
1323,RobotSimForPA/Global/R1_WeldingResistance,0,0.22141000000000002,,2228224,2025-08-11 14:42:04
1324,RobotSimForPA/Global/R1_WeldingResistance,0,0.22141000000000002,,2228224,2025-08-11 14:42:05
1325,RobotSimForPA/Global/R1_WeldingResistance,0,0.25317,,2228224,2025-08-11 14:42:06
1326,RobotSimForPA/Global/R1_WeldingResistance,0,0.29865,,2228224,2025-08-11 14:42:07
1327,RobotSimForPA/Global/R1_WeldingResistance,0,0.23084000000000002,,2228224,2025-08-11 14:42:08
1328,RobotSimForPA/Global/R1_WeldingResistance,0,0.29997,,2228224,2025-08-11 14:42:09
1329,RobotSimForPA/Global/R1_WeldingResistance,0,0.26656,,2228224,2025-08-11 14:42:10
1330,RobotSimForPA/Global/R1_WeldingResistance,0,0.26656,,2228224,2025-08-11 14:42:11
1331,RobotSimForPA/Global/R1_WeldingResistance,0,0.3013,,2228224,2025-08-11 14:42:12
1332,RobotSimForPA/Global/R1_WeldingResistance,0,0.28095000000000003,,2228224,2025-08-11 14:42:13
1333,RobotSimForPA/Global/R1_WeldingResistance,0,0.29418,,2228224,2025-08-11 14:42:14
1334,RobotSimForPA/Global/R1_WeldingResistance,0,0.0,,2228224,2025-08-11 14:42:15
1335,RobotSimForPA/Global/R1_WeldingResistance,0,0.0,,2228224,2025-08-11 14:42:16
1336,RobotSimForPA/Global/R1_WeldingResistance,0,0.0,,2228224,2025-08-11 14:42:17
1337,RobotSimForPA/Global/R1_WeldingResistance,0,0.0,,2228224,2025-08-11 14:42:18
1338,RobotSimForPA/Global/R1_WeldingResistance,0,0.0,,2228224,2025-08-11 14:42:19
1339,RobotSimForPA/Global/R1_WeldingResistance,0,0.0,,2228224,2025-08-11 14:42:20
1340,RobotSimForPA/Global/R1_WeldingResistance,0,0.0,,2228224,2025-08-11 14:42:21
1341,RobotSimForPA/Global/R1_WeldingResistance,0,0.0,,2228224,2025-08-11 14:42:22
1342,RobotSimForPA/Global/R1_WeldingResistance,0,0.0,,2228224,2025-08-11 14:42:23
1343,RobotSimForPA/Global/R1_WeldingResistance,0,0.0,,2228224,2025-08-11 14:42:24
1344,RobotSimForPA/Global/R1_WeldingResistance,0,0.0,,2228224,2025-08-11 14:42:25
1345,RobotSimForPA/Global/R1_WeldingResistance,0,0.0,,2228224,2025-08-11 14:42:26
1346,RobotSimForPA/Global/R1_WeldingResistance,0,0.0,,2228224,2025-08-11 14:42:27
1347,RobotSimForPA/Global/R1_WeldingResistance,0,0.0,,2228224,2025-08-11 14:42:28
1348,RobotSimForPA/Global/R1_WeldingResistance,0,0.0,,2228224,2025-08-11 14:42:29
1349,RobotSimForPA/Global/R1_WeldingResistance,0,0.0,,2228224,2025-08-11 14:42:30
1350,RobotSimForPA/Global/R1_WeldingResistance,0,0.27169000000000004,,2228224,2025-08-11 14:42:31
1351,RobotSimForPA/Global/R1_WeldingResistance,0,0.27980000000000005,,2228224,2025-08-11 14:42:32
1352,RobotSimForPA/Global/R1_WeldingResistance,0,0.3266,,2228224,2025-08-11 14:42:33
1353,RobotSimForPA/Global/R1_WeldingResistance,0,0.3266,,2228224,2025-08-11 14:42:34
1354,RobotSimForPA/Global/R1_WeldingResistance,0,0.33008000000000004,,2228224,2025-08-11 14:42:35
1355,RobotSimForPA/Global/R1_WeldingResistance,0,0.25118,,2228224,2025-08-11 14:42:36
1356,RobotSimForPA/Global/R1_WeldingResistance,0,0.24589000000000003,,2228224,2025-08-11 14:42:37
1357,RobotSimForPA/Global/R1_WeldingResistance,0,0.32991000000000004,,2228224,2025-08-11 14:42:38
1358,RobotSimForPA/Global/R1_WeldingResistance,0,0.22108000000000003,,2228224,2025-08-11 14:42:39
1359,RobotSimForPA/Global/R1_WeldingResistance,0,0.22108000000000003,,2228224,2025-08-11 14:42:40
1360,RobotSimForPA/Global/R1_WeldingResistance,0,0.32330000000000003,,2228224,2025-08-11 14:42:41
1361,RobotSimForPA/Global/R1_WeldingResistance,0,0.17857,,2228224,2025-08-11 14:42:42
1362,RobotSimForPA/Global/R1_WeldingResistance,0,0.23712000000000003,,2228224,2025-08-11 14:42:43
1363,RobotSimForPA/Global/R1_WeldingResistance,0,0.25763,,2228224,2025-08-11 14:42:44
1364,RobotSimForPA/Global/R1_WeldingResistance,0,0.29104,,2228224,2025-08-11 14:42:45
1365,RobotSimForPA/Global/R1_WeldingResistance,0,0.29104,,2228224,2025-08-11 14:42:46
1366,RobotSimForPA/Global/R1_WeldingResistance,0,0.0,,2228224,2025-08-11 14:42:47
1367,RobotSimForPA/Global/R1_WeldingResistance,0,0.0,,2228224,2025-08-11 14:42:48
1368,RobotSimForPA/Global/R1_WeldingResistance,0,0.0,,2228224,2025-08-11 14:42:49
1369,RobotSimForPA/Global/R1_WeldingResistance,0,0.0,,2228224,2025-08-11 14:42:50
1370,RobotSimForPA/Global/R1_WeldingResistance,0,0.0,,2228224,2025-08-11 14:42:51
1371,RobotSimForPA/Global/R1_WeldingResistance,0,0.0,,2228224,2025-08-11 14:42:52
1372,RobotSimForPA/Global/R1_WeldingResistance,0,0.0,,2228224,2025-08-11 14:42:53
1373,RobotSimForPA/Global/R1_WeldingResistance,0,0.0,,2228224,2025-08-11 14:42:54
1374,RobotSimForPA/Global/R1_WeldingResistance,0,0.0,,2228224,2025-08-11 14:42:55
1375,RobotSimForPA/Global/R1_WeldingResistance,0,0.0,,2228224,2025-08-11 14:42:56
1376,RobotSimForPA/Global/R1_WeldingResistance,0,0.0,,2228224,2025-08-11 14:42:57
1377,RobotSimForPA/Global/R1_WeldingResistance,0,0.0,,2228224,2025-08-11 14:42:58
1378,RobotSimForPA/Global/R1_WeldingResistance,0,0.0,,2228224,2025-08-11 14:42:59
1379,RobotSimForPA/Global/R1_WeldingResistance,0,0.0,,2228224,2025-08-11 14:43:00
1380,RobotSimForPA/Global/R1_WeldingResistance,0,0.0,,2228224,2025-08-11 14:43:01
1381,RobotSimForPA/Global/R1_WeldingResistance,0,0.0,,2228224,2025-08-11 14:43:02
1382,RobotSimForPA/Global/R1_WeldingResistance,0,0.17625000000000002,,2228224,2025-08-11 14:43:03
1383,RobotSimForPA/Global/R1_WeldingResistance,0,0.17625000000000002,,2228224,2025-08-11 14:43:04
1384,RobotSimForPA/Global/R1_WeldingResistance,0,0.26177,,2228224,2025-08-11 14:43:05
1385,RobotSimForPA/Global/R1_WeldingResistance,0,0.18138,,2228224,2025-08-11 14:43:06
1386,RobotSimForPA/Global/R1_WeldingResistance,0,0.31420000000000003,,2228224,2025-08-11 14:43:07
1387,RobotSimForPA/Global/R1_WeldingResistance,0,0.17444,,2228224,2025-08-11 14:43:08
1388,RobotSimForPA/Global/R1_WeldingResistance,0,0.17444,,2228224,2025-08-11 14:43:09
1389,RobotSimForPA/Global/R1_WeldingResistance,0,0.28211,,2228224,2025-08-11 14:43:10
1390,RobotSimForPA/Global/R1_WeldingResistance,0,0.22902000000000003,,2228224,2025-08-11 14:43:11
1391,RobotSimForPA/Global/R1_WeldingResistance,0,0.24208000000000002,,2228224,2025-08-11 14:43:12
1392,RobotSimForPA/Global/R1_WeldingResistance,0,0.30246,,2228224,2025-08-11 14:43:13
1393,RobotSimForPA/Global/R1_WeldingResistance,0,0.30246,,2228224,2025-08-11 14:43:14
1394,RobotSimForPA/Global/R1_WeldingResistance,0,0.30113,,2228224,2025-08-11 14:43:15
1395,RobotSimForPA/Global/R1_WeldingResistance,0,0.28393,,2228224,2025-08-11 14:43:16
1396,RobotSimForPA/Global/R1_WeldingResistance,0,0.20503000000000002,,2228224,2025-08-11 14:43:17
1397,RobotSimForPA/Global/R1_WeldingResistance,0,0.18403000000000003,,2228224,2025-08-11 14:43:18
1398,RobotSimForPA/Global/R1_WeldingResistance,0,0.0,,2228224,2025-08-11 14:43:19
1399,RobotSimForPA/Global/R1_WeldingResistance,0,0.0,,2228224,2025-08-11 14:43:20
1400,RobotSimForPA/Global/R1_WeldingResistance,0,0.0,,2228224,2025-08-11 14:43:21
1401,RobotSimForPA/Global/R1_WeldingResistance,0,0.0,,2228224,2025-08-11 14:43:22
1402,RobotSimForPA/Global/R1_WeldingResistance,0,0.0,,2228224,2025-08-11 14:43:23
1403,RobotSimForPA/Global/R1_WeldingResistance,0,0.0,,2228224,2025-08-11 14:43:24
1404,RobotSimForPA/Global/R1_WeldingResistance,0,0.0,,2228224,2025-08-11 14:43:25
1405,RobotSimForPA/Global/R1_WeldingResistance,0,0.0,,2228224,2025-08-11 14:43:26
1406,RobotSimForPA/Global/R1_WeldingResistance,0,0.0,,2228224,2025-08-11 14:43:27
1407,RobotSimForPA/Global/R1_WeldingResistance,0,0.0,,2228224,2025-08-11 14:43:28
1408,RobotSimForPA/Global/R1_WeldingResistance,0,0.0,,2228224,2025-08-11 14:43:29
1409,RobotSimForPA/Global/R1_WeldingResistance,0,0.0,,2228224,2025-08-11 14:43:30
1410,RobotSimForPA/Global/R1_WeldingResistance,0,0.0,,2228224,2025-08-11 14:43:31
1411,RobotSimForPA/Global/R1_WeldingResistance,0,0.0,,2228224,2025-08-11 14:43:32
1412,RobotSimForPA/Global/R1_WeldingResistance,0,0.0,,2228224,2025-08-11 14:43:33
1413,RobotSimForPA/Global/R1_WeldingResistance,0,0.0,,2228224,2025-08-11 14:43:34
1414,RobotSimForPA/Global/R1_WeldingResistance,0,0.17047,,2228224,2025-08-11 14:43:35
1415,RobotSimForPA/Global/R1_WeldingResistance,0,0.20652,,2228224,2025-08-11 14:43:36
1416,RobotSimForPA/Global/R1_WeldingResistance,0,0.29600000000000004,,2228224,2025-08-11 14:43:37
1417,RobotSimForPA/Global/R1_WeldingResistance,0,0.29600000000000004,,2228224,2025-08-11 14:43:38
1418,RobotSimForPA/Global/R1_WeldingResistance,0,0.17758000000000002,,2228224,2025-08-11 14:43:39
1419,RobotSimForPA/Global/R1_WeldingResistance,0,0.19792,,2228224,2025-08-11 14:43:40
1420,RobotSimForPA/Global/R1_WeldingResistance,0,0.27103000000000005,,2228224,2025-08-11 14:43:41
1421,RobotSimForPA/Global/R1_WeldingResistance,0,0.18932000000000002,,2228224,2025-08-11 14:43:42
1422,RobotSimForPA/Global/R1_WeldingResistance,0,0.18701,,2228224,2025-08-11 14:43:43
1423,RobotSimForPA/Global/R1_WeldingResistance,0,0.18701,,2228224,2025-08-11 14:43:44
1424,RobotSimForPA/Global/R1_WeldingResistance,0,0.16848000000000002,,2228224,2025-08-11 14:43:45
1425,RobotSimForPA/Global/R1_WeldingResistance,0,0.32511,,2228224,2025-08-11 14:43:46
1426,RobotSimForPA/Global/R1_WeldingResistance,0,0.18188000000000001,,2228224,2025-08-11 14:43:47
1427,RobotSimForPA/Global/R1_WeldingResistance,0,0.25697000000000003,,2228224,2025-08-11 14:43:48
1428,RobotSimForPA/Global/R1_WeldingResistance,0,0.18651,,2228224,2025-08-11 14:43:49
1429,RobotSimForPA/Global/R1_WeldingResistance,0,0.18651,,2228224,2025-08-11 14:43:50
1430,RobotSimForPA/Global/R1_WeldingResistance,0,0.0,,2228224,2025-08-11 14:43:51
1431,RobotSimForPA/Global/R1_WeldingResistance,0,0.0,,2228224,2025-08-11 14:43:52
1432,RobotSimForPA/Global/R1_WeldingResistance,0,0.0,,2228224,2025-08-11 14:43:53
1433,RobotSimForPA/Global/R1_WeldingResistance,0,0.0,,2228224,2025-08-11 14:43:54
1434,RobotSimForPA/Global/R1_WeldingResistance,0,0.0,,2228224,2025-08-11 14:43:55
1435,RobotSimForPA/Global/R1_WeldingResistance,0,0.0,,2228224,2025-08-11 14:43:56
1436,RobotSimForPA/Global/R1_WeldingResistance,0,0.0,,2228224,2025-08-11 14:43:57
1437,RobotSimForPA/Global/R1_WeldingResistance,0,0.0,,2228224,2025-08-11 14:43:58
1438,RobotSimForPA/Global/R1_WeldingResistance,0,0.0,,2228224,2025-08-11 14:43:59
1439,RobotSimForPA/Global/R1_WeldingResistance,0,0.0,,2228224,2025-08-11 14:44:00
1440,RobotSimForPA/Global/R1_WeldingResistance,0,0.0,,2228224,2025-08-11 14:44:01
1441,RobotSimForPA/Global/R1_WeldingResistance,0,0.0,,2228224,2025-08-11 14:44:02
1442,RobotSimForPA/Global/R1_WeldingResistance,0,0.0,,2228224,2025-08-11 14:44:03
1443,RobotSimForPA/Global/R1_WeldingResistance,0,0.0,,2228224,2025-08-11 14:44:04
1444,RobotSimForPA/Global/R1_WeldingResistance,0,0.0,,2228224,2025-08-11 14:44:05
1445,RobotSimForPA/Global/R1_WeldingResistance,0,0.0,,2228224,2025-08-11 14:44:06
1446,RobotSimForPA/Global/R1_WeldingResistance,0,0.19015,,2228224,2025-08-11 14:44:07
1447,RobotSimForPA/Global/R1_WeldingResistance,0,0.19015,,2228224,2025-08-11 14:44:08
1448,RobotSimForPA/Global/R1_WeldingResistance,0,0.27764,,2228224,2025-08-11 14:44:09
1449,RobotSimForPA/Global/R1_WeldingResistance,0,0.23166000000000003,,2228224,2025-08-11 14:44:10
1450,RobotSimForPA/Global/R1_WeldingResistance,0,0.30328000000000005,,2228224,2025-08-11 14:44:11
1451,RobotSimForPA/Global/R1_WeldingResistance,0,0.253,,2228224,2025-08-11 14:44:12
1452,RobotSimForPA/Global/R1_WeldingResistance,0,0.18849000000000002,,2228224,2025-08-11 14:44:13
1453,RobotSimForPA/Global/R1_WeldingResistance,0,0.18849000000000002,,2228224,2025-08-11 14:44:14
1454,RobotSimForPA/Global/R1_WeldingResistance,0,0.1789,,2228224,2025-08-11 14:44:15
1455,RobotSimForPA/Global/R1_WeldingResistance,0,0.19114,,2228224,2025-08-11 14:44:16
1456,RobotSimForPA/Global/R1_WeldingResistance,0,0.17477,,2228224,2025-08-11 14:44:17
1457,RobotSimForPA/Global/R1_WeldingResistance,0,0.27698,,2228224,2025-08-11 14:44:18
1458,RobotSimForPA/Global/R1_WeldingResistance,0,0.30262,,2228224,2025-08-11 14:44:19
1459,RobotSimForPA/Global/R1_WeldingResistance,0,0.30262,,2228224,2025-08-11 14:44:20
1460,RobotSimForPA/Global/R1_WeldingResistance,0,0.25102,,2228224,2025-08-11 14:44:21
1461,RobotSimForPA/Global/R1_WeldingResistance,0,0.21281000000000003,,2228224,2025-08-11 14:44:22
1462,RobotSimForPA/Global/R1_WeldingResistance,0,0.25929,,2228224,2025-08-11 14:44:23
1463,RobotSimForPA/Global/R1_WeldingResistance,0,0.0,,2228224,2025-08-11 14:44:24
1464,RobotSimForPA/Global/R1_WeldingResistance,0,0.0,,2228224,2025-08-11 14:44:25
1465,RobotSimForPA/Global/R1_WeldingResistance,0,0.0,,2228224,2025-08-11 14:44:26
1466,RobotSimForPA/Global/R1_WeldingResistance,0,0.0,,2228224,2025-08-11 14:44:27
1467,RobotSimForPA/Global/R1_WeldingResistance,0,0.0,,2228224,2025-08-11 14:44:28
1468,RobotSimForPA/Global/R1_WeldingResistance,0,0.0,,2228224,2025-08-11 14:44:29
1469,RobotSimForPA/Global/R1_WeldingResistance,0,0.0,,2228224,2025-08-11 14:44:30
1470,RobotSimForPA/Global/R1_WeldingResistance,0,0.0,,2228224,2025-08-11 14:44:31
1471,RobotSimForPA/Global/R1_WeldingResistance,0,0.0,,2228224,2025-08-11 14:44:32
1472,RobotSimForPA/Global/R1_WeldingResistance,0,0.0,,2228224,2025-08-11 14:44:33
1473,RobotSimForPA/Global/R1_WeldingResistance,0,0.0,,2228224,2025-08-11 14:44:34
1474,RobotSimForPA/Global/R1_WeldingResistance,0,0.0,,2228224,2025-08-11 14:44:35
1475,RobotSimForPA/Global/R1_WeldingResistance,0,0.0,,2228224,2025-08-11 14:44:36
1476,RobotSimForPA/Global/R1_WeldingResistance,0,0.0,,2228224,2025-08-11 14:44:37
1477,RobotSimForPA/Global/R1_WeldingResistance,0,0.0,,2228224,2025-08-11 14:44:38
1478,RobotSimForPA/Global/R1_WeldingResistance,0,0.0,,2228224,2025-08-11 14:44:39
1479,RobotSimForPA/Global/R1_WeldingResistance,0,0.29402,,2228224,2025-08-11 14:44:40
1480,RobotSimForPA/Global/R1_WeldingResistance,0,0.17675000000000002,,2228224,2025-08-11 14:44:41
1481,RobotSimForPA/Global/R1_WeldingResistance,0,0.18039000000000002,,2228224,2025-08-11 14:44:42
1482,RobotSimForPA/Global/R1_WeldingResistance,0,0.18039000000000002,,2228224,2025-08-11 14:44:43
1483,RobotSimForPA/Global/R1_WeldingResistance,0,0.31122000000000005,,2228224,2025-08-11 14:44:44
1484,RobotSimForPA/Global/R1_WeldingResistance,0,0.18039000000000002,,2228224,2025-08-11 14:44:45
1485,RobotSimForPA/Global/R1_WeldingResistance,0,0.18056000000000003,,2228224,2025-08-11 14:44:46
1486,RobotSimForPA/Global/R1_WeldingResistance,0,0.2922,,2228224,2025-08-11 14:44:47
1487,RobotSimForPA/Global/R1_WeldingResistance,0,0.2922,,2228224,2025-08-11 14:44:48
1488,RobotSimForPA/Global/R1_WeldingResistance,0,0.31436000000000003,,2228224,2025-08-11 14:44:49
1489,RobotSimForPA/Global/R1_WeldingResistance,0,0.22075000000000003,,2228224,2025-08-11 14:44:50
1490,RobotSimForPA/Global/R1_WeldingResistance,0,0.30047,,2228224,2025-08-11 14:44:51
1491,RobotSimForPA/Global/R1_WeldingResistance,0,0.25366,,2228224,2025-08-11 14:44:52
1492,RobotSimForPA/Global/R1_WeldingResistance,0,0.2449,,2228224,2025-08-11 14:44:53
1493,RobotSimForPA/Global/R1_WeldingResistance,0,0.2449,,2228224,2025-08-11 14:44:54
1494,RobotSimForPA/Global/R1_WeldingResistance,0,0.0,,2228224,2025-08-11 14:44:55
1495,RobotSimForPA/Global/R1_WeldingResistance,0,0.0,,2228224,2025-08-11 14:44:56
1496,RobotSimForPA/Global/R1_WeldingResistance,0,0.0,,2228224,2025-08-11 14:44:57
1497,RobotSimForPA/Global/R1_WeldingResistance,0,0.0,,2228224,2025-08-11 14:44:58
1498,RobotSimForPA/Global/R1_WeldingResistance,0,0.0,,2228224,2025-08-11 14:44:59
1499,RobotSimForPA/Global/R1_WeldingResistance,0,0.0,,2228224,2025-08-11 14:45:00
1500,RobotSimForPA/Global/R1_WeldingResistance,0,0.0,,2228224,2025-08-11 14:45:01
1501,RobotSimForPA/Global/R1_WeldingResistance,0,0.0,,2228224,2025-08-11 14:45:02
1502,RobotSimForPA/Global/R1_WeldingResistance,0,0.0,,2228224,2025-08-11 14:45:03
1503,RobotSimForPA/Global/R1_WeldingResistance,0,0.0,,2228224,2025-08-11 14:45:04
1504,RobotSimForPA/Global/R1_WeldingResistance,0,0.0,,2228224,2025-08-11 14:45:05
1505,RobotSimForPA/Global/R1_WeldingResistance,0,0.0,,2228224,2025-08-11 14:45:06
1506,RobotSimForPA/Global/R1_WeldingResistance,0,0.0,,2228224,2025-08-11 14:45:07
1507,RobotSimForPA/Global/R1_WeldingResistance,0,0.0,,2228224,2025-08-11 14:45:08
1508,RobotSimForPA/Global/R1_WeldingResistance,0,0.0,,2228224,2025-08-11 14:45:09
1509,RobotSimForPA/Global/R1_WeldingResistance,0,0.0,,2228224,2025-08-11 14:45:10
1510,RobotSimForPA/Global/R1_WeldingResistance,0,0.25366,,2228224,2025-08-11 14:45:11
1511,RobotSimForPA/Global/R1_WeldingResistance,0,0.1698,,2228224,2025-08-11 14:45:12
1512,RobotSimForPA/Global/R1_WeldingResistance,0,0.28443,,2228224,2025-08-11 14:45:13
1513,RobotSimForPA/Global/R1_WeldingResistance,0,0.16732000000000002,,2228224,2025-08-11 14:45:14
1514,RobotSimForPA/Global/R1_WeldingResistance,0,0.28757000000000005,,2228224,2025-08-11 14:45:15
1515,RobotSimForPA/Global/R1_WeldingResistance,0,0.22554000000000002,,2228224,2025-08-11 14:45:16
1516,RobotSimForPA/Global/R1_WeldingResistance,0,0.22554000000000002,,2228224,2025-08-11 14:45:17
1517,RobotSimForPA/Global/R1_WeldingResistance,0,0.31982000000000005,,2228224,2025-08-11 14:45:18
1518,RobotSimForPA/Global/R1_WeldingResistance,0,0.27467,,2228224,2025-08-11 14:45:19
1519,RobotSimForPA/Global/R1_WeldingResistance,0,0.22124000000000002,,2228224,2025-08-11 14:45:20
1520,RobotSimForPA/Global/R1_WeldingResistance,0,0.26623,,2228224,2025-08-11 14:45:21
1521,RobotSimForPA/Global/R1_WeldingResistance,0,0.23563,,2228224,2025-08-11 14:45:22
1522,RobotSimForPA/Global/R1_WeldingResistance,0,0.31453000000000003,,2228224,2025-08-11 14:45:23
1523,RobotSimForPA/Global/R1_WeldingResistance,0,0.31453000000000003,,2228224,2025-08-11 14:45:24
1524,RobotSimForPA/Global/R1_WeldingResistance,0,0.20553000000000002,,2228224,2025-08-11 14:45:25
1525,RobotSimForPA/Global/R1_WeldingResistance,0,0.20272,,2228224,2025-08-11 14:45:26
1526,RobotSimForPA/Global/R1_WeldingResistance,0,0.26491000000000003,,2228224,2025-08-11 14:45:27
1527,RobotSimForPA/Global/R1_WeldingResistance,0,0.0,,2228224,2025-08-11 14:45:28
1528,RobotSimForPA/Global/R1_WeldingResistance,0,0.0,,2228224,2025-08-11 14:45:29
1529,RobotSimForPA/Global/R1_WeldingResistance,0,0.0,,2228224,2025-08-11 14:45:30
1530,RobotSimForPA/Global/R1_WeldingResistance,0,0.0,,2228224,2025-08-11 14:45:31
1531,RobotSimForPA/Global/R1_WeldingResistance,0,0.0,,2228224,2025-08-11 14:45:32
1532,RobotSimForPA/Global/R1_WeldingResistance,0,0.0,,2228224,2025-08-11 14:45:33
1533,RobotSimForPA/Global/R1_WeldingResistance,0,0.0,,2228224,2025-08-11 14:45:34
1534,RobotSimForPA/Global/R1_WeldingResistance,0,0.0,,2228224,2025-08-11 14:45:35
1535,RobotSimForPA/Global/R1_WeldingResistance,0,0.0,,2228224,2025-08-11 14:45:36
1536,RobotSimForPA/Global/R1_WeldingResistance,0,0.0,,2228224,2025-08-11 14:45:37
1537,RobotSimForPA/Global/R1_WeldingResistance,0,0.0,,2228224,2025-08-11 14:45:38
1538,RobotSimForPA/Global/R1_WeldingResistance,0,0.0,,2228224,2025-08-11 14:45:39
1539,RobotSimForPA/Global/R1_WeldingResistance,0,0.0,,2228224,2025-08-11 14:45:40
1540,RobotSimForPA/Global/R1_WeldingResistance,0,0.0,,2228224,2025-08-11 14:45:41
1541,RobotSimForPA/Global/R1_WeldingResistance,0,0.0,,2228224,2025-08-11 14:45:42
1542,RobotSimForPA/Global/R1_WeldingResistance,0,0.0,,2228224,2025-08-11 14:45:43
1543,RobotSimForPA/Global/R1_WeldingResistance,0,0.32925000000000004,,2228224,2025-08-11 14:45:44
1544,RobotSimForPA/Global/R1_WeldingResistance,0,0.25929,,2228224,2025-08-11 14:45:45
1545,RobotSimForPA/Global/R1_WeldingResistance,0,0.20239000000000001,,2228224,2025-08-11 14:45:46
1546,RobotSimForPA/Global/R1_WeldingResistance,0,0.20239000000000001,,2228224,2025-08-11 14:45:47
1547,RobotSimForPA/Global/R1_WeldingResistance,0,0.26127,,2228224,2025-08-11 14:45:48
1548,RobotSimForPA/Global/R1_WeldingResistance,0,0.19842,,2228224,2025-08-11 14:45:49
1549,RobotSimForPA/Global/R1_WeldingResistance,0,0.24605000000000002,,2228224,2025-08-11 14:45:50
1550,RobotSimForPA/Global/R1_WeldingResistance,0,0.23547,,2228224,2025-08-11 14:45:51
1551,RobotSimForPA/Global/R1_WeldingResistance,0,0.25697000000000003,,2228224,2025-08-11 14:45:52
1552,RobotSimForPA/Global/R1_WeldingResistance,0,0.25697000000000003,,2228224,2025-08-11 14:45:53
1553,RobotSimForPA/Global/R1_WeldingResistance,0,0.24853000000000003,,2228224,2025-08-11 14:45:54
1554,RobotSimForPA/Global/R1_WeldingResistance,0,0.23646000000000003,,2228224,2025-08-11 14:45:55
1555,RobotSimForPA/Global/R1_WeldingResistance,0,0.23299000000000003,,2228224,2025-08-11 14:45:56
1556,RobotSimForPA/Global/R1_WeldingResistance,0,0.32875000000000004,,2228224,2025-08-11 14:45:57
1557,RobotSimForPA/Global/R1_WeldingResistance,0,0.30196,,2228224,2025-08-11 14:45:58
1558,RobotSimForPA/Global/R1_WeldingResistance,0,0.30196,,2228224,2025-08-11 14:45:59
1559,RobotSimForPA/Global/R1_WeldingResistance,0,0.0,,2228224,2025-08-11 14:46:00
1560,RobotSimForPA/Global/R1_WeldingResistance,0,0.0,,2228224,2025-08-11 14:46:01
1561,RobotSimForPA/Global/R1_WeldingResistance,0,0.0,,2228224,2025-08-11 14:46:02
1562,RobotSimForPA/Global/R1_WeldingResistance,0,0.0,,2228224,2025-08-11 14:46:03
1563,RobotSimForPA/Global/R1_WeldingResistance,0,0.0,,2228224,2025-08-11 14:46:04
1564,RobotSimForPA/Global/R1_WeldingResistance,0,0.0,,2228224,2025-08-11 14:46:05
1565,RobotSimForPA/Global/R1_WeldingResistance,0,0.0,,2228224,2025-08-11 14:46:06
1566,RobotSimForPA/Global/R1_WeldingResistance,0,0.0,,2228224,2025-08-11 14:46:07
1567,RobotSimForPA/Global/R1_WeldingResistance,0,0.0,,2228224,2025-08-11 14:46:08
1568,RobotSimForPA/Global/R1_WeldingResistance,0,0.0,,2228224,2025-08-11 14:46:09
1569,RobotSimForPA/Global/R1_WeldingResistance,0,0.0,,2228224,2025-08-11 14:46:10
1570,RobotSimForPA/Global/R1_WeldingResistance,0,0.0,,2228224,2025-08-11 14:46:11
1571,RobotSimForPA/Global/R1_WeldingResistance,0,0.0,,2228224,2025-08-11 14:46:12
1572,RobotSimForPA/Global/R1_WeldingResistance,0,0.0,,2228224,2025-08-11 14:46:13
1573,RobotSimForPA/Global/R1_WeldingResistance,0,0.0,,2228224,2025-08-11 14:46:14
1574,RobotSimForPA/Global/R1_WeldingResistance,0,0.0,,2228224,2025-08-11 14:46:15
1575,RobotSimForPA/Global/R1_WeldingResistance,0,0.24887,,2228224,2025-08-11 14:46:16
1576,RobotSimForPA/Global/R1_WeldingResistance,0,0.20355,,2228224,2025-08-11 14:46:17
1577,RobotSimForPA/Global/R1_WeldingResistance,0,0.31370000000000003,,2228224,2025-08-11 14:46:18
1578,RobotSimForPA/Global/R1_WeldingResistance,0,0.31784,,2228224,2025-08-11 14:46:19
1579,RobotSimForPA/Global/R1_WeldingResistance,0,0.28939000000000004,,2228224,2025-08-11 14:46:20
1580,RobotSimForPA/Global/R1_WeldingResistance,0,0.23133,,2228224,2025-08-11 14:46:21
1581,RobotSimForPA/Global/R1_WeldingResistance,0,0.23133,,2228224,2025-08-11 14:46:22
1582,RobotSimForPA/Global/R1_WeldingResistance,0,0.24572000000000002,,2228224,2025-08-11 14:46:23
1583,RobotSimForPA/Global/R1_WeldingResistance,0,0.17956000000000003,,2228224,2025-08-11 14:46:24
1584,RobotSimForPA/Global/R1_WeldingResistance,0,0.23381000000000002,,2228224,2025-08-11 14:46:25
1585,RobotSimForPA/Global/R1_WeldingResistance,0,0.1741,,2228224,2025-08-11 14:46:26
1586,RobotSimForPA/Global/R1_WeldingResistance,0,0.22273,,2228224,2025-08-11 14:46:27
1587,RobotSimForPA/Global/R1_WeldingResistance,0,0.22273,,2228224,2025-08-11 14:46:28
1588,RobotSimForPA/Global/R1_WeldingResistance,0,0.32875000000000004,,2228224,2025-08-11 14:46:29
1589,RobotSimForPA/Global/R1_WeldingResistance,0,0.25614000000000003,,2228224,2025-08-11 14:46:30
1590,RobotSimForPA/Global/R1_WeldingResistance,0,0.30527000000000004,,2228224,2025-08-11 14:46:31
1591,RobotSimForPA/Global/R1_WeldingResistance,0,0.0,,2228224,2025-08-11 14:46:32
1592,RobotSimForPA/Global/R1_WeldingResistance,0,0.0,,2228224,2025-08-11 14:46:33
1593,RobotSimForPA/Global/R1_WeldingResistance,0,0.0,,2228224,2025-08-11 14:46:34
1594,RobotSimForPA/Global/R1_WeldingResistance,0,0.0,,2228224,2025-08-11 14:46:35
1595,RobotSimForPA/Global/R1_WeldingResistance,0,0.0,,2228224,2025-08-11 14:46:36
1596,RobotSimForPA/Global/R1_WeldingResistance,0,0.0,,2228224,2025-08-11 14:46:37
1597,RobotSimForPA/Global/R1_WeldingResistance,0,0.0,,2228224,2025-08-11 14:46:38
1598,RobotSimForPA/Global/R1_WeldingResistance,0,0.0,,2228224,2025-08-11 14:46:39
1599,RobotSimForPA/Global/R1_WeldingResistance,0,0.0,,2228224,2025-08-11 14:46:40
1600,RobotSimForPA/Global/R1_WeldingResistance,0,0.0,,2228224,2025-08-11 14:46:41
1601,RobotSimForPA/Global/R1_WeldingResistance,0,0.0,,2228224,2025-08-11 14:46:42
1602,RobotSimForPA/Global/R1_WeldingResistance,0,0.0,,2228224,2025-08-11 14:46:43
1603,RobotSimForPA/Global/R1_WeldingResistance,0,0.0,,2228224,2025-08-11 14:46:44
1604,RobotSimForPA/Global/R1_WeldingResistance,0,0.0,,2228224,2025-08-11 14:46:45
1605,RobotSimForPA/Global/R1_WeldingResistance,0,0.0,,2228224,2025-08-11 14:46:46
1606,RobotSimForPA/Global/R1_WeldingResistance,0,0.0,,2228224,2025-08-11 14:46:47
1607,RobotSimForPA/Global/R1_WeldingResistance,0,0.21860000000000002,,2228224,2025-08-11 14:46:48
1608,RobotSimForPA/Global/R1_WeldingResistance,0,0.25019,,2228224,2025-08-11 14:46:49
1609,RobotSimForPA/Global/R1_WeldingResistance,0,0.31817,,2228224,2025-08-11 14:46:50
1610,RobotSimForPA/Global/R1_WeldingResistance,0,0.31817,,2228224,2025-08-11 14:46:51
1611,RobotSimForPA/Global/R1_WeldingResistance,0,0.24423000000000003,,2228224,2025-08-11 14:46:52
1612,RobotSimForPA/Global/R1_WeldingResistance,0,0.17295000000000002,,2228224,2025-08-11 14:46:53
1613,RobotSimForPA/Global/R1_WeldingResistance,0,0.29253,,2228224,2025-08-11 14:46:54
1614,RobotSimForPA/Global/R1_WeldingResistance,0,0.29485,,2228224,2025-08-11 14:46:55
1615,RobotSimForPA/Global/R1_WeldingResistance,0,0.21711000000000003,,2228224,2025-08-11 14:46:56
1616,RobotSimForPA/Global/R1_WeldingResistance,0,0.21711000000000003,,2228224,2025-08-11 14:46:57
1617,RobotSimForPA/Global/R1_WeldingResistance,0,0.22009,,2228224,2025-08-11 14:46:58
1618,RobotSimForPA/Global/R1_WeldingResistance,0,0.25283,,2228224,2025-08-11 14:46:59
1619,RobotSimForPA/Global/R1_WeldingResistance,0,0.26342000000000004,,2228224,2025-08-11 14:47:00
1620,RobotSimForPA/Global/R1_WeldingResistance,0,0.16765000000000002,,2228224,2025-08-11 14:47:01
1621,RobotSimForPA/Global/R1_WeldingResistance,0,0.0,,2228224,2025-08-11 14:47:02
1622,RobotSimForPA/Global/R1_WeldingResistance,0,0.0,,2228224,2025-08-11 14:47:03
1623,RobotSimForPA/Global/R1_WeldingResistance,0,0.0,,2228224,2025-08-11 14:47:04
1624,RobotSimForPA/Global/R1_WeldingResistance,0,0.0,,2228224,2025-08-11 14:47:05
1625,RobotSimForPA/Global/R1_WeldingResistance,0,0.0,,2228224,2025-08-11 14:47:06
1626,RobotSimForPA/Global/R1_WeldingResistance,0,0.0,,2228224,2025-08-11 14:47:07
1627,RobotSimForPA/Global/R1_WeldingResistance,0,0.0,,2228224,2025-08-11 14:47:08
1628,RobotSimForPA/Global/R1_WeldingResistance,0,0.0,,2228224,2025-08-11 14:47:09
1629,RobotSimForPA/Global/R1_WeldingResistance,0,0.0,,2228224,2025-08-11 14:47:10
1630,RobotSimForPA/Global/R1_WeldingResistance,0,0.0,,2228224,2025-08-11 14:47:11
1631,RobotSimForPA/Global/R1_WeldingResistance,0,0.0,,2228224,2025-08-11 14:47:12
1632,RobotSimForPA/Global/R1_WeldingResistance,0,0.0,,2228224,2025-08-11 14:47:13
1633,RobotSimForPA/Global/R1_WeldingResistance,0,0.0,,2228224,2025-08-11 14:47:14
1634,RobotSimForPA/Global/R1_WeldingResistance,0,0.0,,2228224,2025-08-11 14:47:15
1635,RobotSimForPA/Global/R1_WeldingResistance,0,0.0,,2228224,2025-08-11 14:47:16
1636,RobotSimForPA/Global/R1_WeldingResistance,0,0.0,,2228224,2025-08-11 14:47:17
1637,RobotSimForPA/Global/R1_WeldingResistance,0,0.24986000000000003,,2228224,2025-08-11 14:47:18
1638,RobotSimForPA/Global/R1_WeldingResistance,0,0.18833000000000003,,2228224,2025-08-11 14:47:19
1639,RobotSimForPA/Global/R1_WeldingResistance,0,0.18833000000000003,,2228224,2025-08-11 14:47:20
1640,RobotSimForPA/Global/R1_WeldingResistance,0,0.28625,,2228224,2025-08-11 14:47:21
1641,RobotSimForPA/Global/R1_WeldingResistance,0,0.21479,,2228224,2025-08-11 14:47:22
1642,RobotSimForPA/Global/R1_WeldingResistance,0,0.22554000000000002,,2228224,2025-08-11 14:47:23
1643,RobotSimForPA/Global/R1_WeldingResistance,0,0.26722,,2228224,2025-08-11 14:47:24
1644,RobotSimForPA/Global/R1_WeldingResistance,0,0.28922000000000003,,2228224,2025-08-11 14:47:25
1645,RobotSimForPA/Global/R1_WeldingResistance,0,0.28922000000000003,,2228224,2025-08-11 14:47:26
1646,RobotSimForPA/Global/R1_WeldingResistance,0,0.27401000000000003,,2228224,2025-08-11 14:47:27
1647,RobotSimForPA/Global/R1_WeldingResistance,0,0.25151,,2228224,2025-08-11 14:47:28
1648,RobotSimForPA/Global/R1_WeldingResistance,0,0.19511,,2228224,2025-08-11 14:47:29
1649,RobotSimForPA/Global/R1_WeldingResistance,0,0.17973,,2228224,2025-08-11 14:47:30
1650,RobotSimForPA/Global/R1_WeldingResistance,0,0.17973,,2228224,2025-08-11 14:47:31
1651,RobotSimForPA/Global/R1_WeldingResistance,0,0.0,,2228224,2025-08-11 14:47:32
1652,RobotSimForPA/Global/R1_WeldingResistance,0,0.0,,2228224,2025-08-11 14:47:33
1653,RobotSimForPA/Global/R1_WeldingResistance,0,0.0,,2228224,2025-08-11 14:47:34
1654,RobotSimForPA/Global/R1_WeldingResistance,0,0.0,,2228224,2025-08-11 14:47:35
1655,RobotSimForPA/Global/R1_WeldingResistance,0,0.0,,2228224,2025-08-11 14:47:36
1656,RobotSimForPA/Global/R1_WeldingResistance,0,0.0,,2228224,2025-08-11 14:47:37
1657,RobotSimForPA/Global/R1_WeldingResistance,0,0.0,,2228224,2025-08-11 14:47:38
1658,RobotSimForPA/Global/R1_WeldingResistance,0,0.0,,2228224,2025-08-11 14:47:39
1659,RobotSimForPA/Global/R1_WeldingResistance,0,0.0,,2228224,2025-08-11 14:47:40
1660,RobotSimForPA/Global/R1_WeldingResistance,0,0.0,,2228224,2025-08-11 14:47:41
1661,RobotSimForPA/Global/R1_WeldingResistance,0,0.0,,2228224,2025-08-11 14:47:42
1662,RobotSimForPA/Global/R1_WeldingResistance,0,0.0,,2228224,2025-08-11 14:47:43
1663,RobotSimForPA/Global/R1_WeldingResistance,0,0.0,,2228224,2025-08-11 14:47:44
1664,RobotSimForPA/Global/R1_WeldingResistance,0,0.0,,2228224,2025-08-11 14:47:45
1665,RobotSimForPA/Global/R1_WeldingResistance,0,0.0,,2228224,2025-08-11 14:47:46
1666,RobotSimForPA/Global/R1_WeldingResistance,0,0.0,,2228224,2025-08-11 14:47:47
1667,RobotSimForPA/Global/R1_WeldingResistance,0,0.1832,,2228224,2025-08-11 14:47:48
1668,RobotSimForPA/Global/R1_WeldingResistance,0,0.1832,,2228224,2025-08-11 14:47:49
1669,RobotSimForPA/Global/R1_WeldingResistance,0,0.25168,,2228224,2025-08-11 14:47:50
1670,RobotSimForPA/Global/R1_WeldingResistance,0,0.25780000000000003,,2228224,2025-08-11 14:47:51
1671,RobotSimForPA/Global/R1_WeldingResistance,0,0.24308000000000002,,2228224,2025-08-11 14:47:52
1672,RobotSimForPA/Global/R1_WeldingResistance,0,0.318,,2228224,2025-08-11 14:47:53
1673,RobotSimForPA/Global/R1_WeldingResistance,0,0.30725,,2228224,2025-08-11 14:47:54
1674,RobotSimForPA/Global/R1_WeldingResistance,0,0.30725,,2228224,2025-08-11 14:47:55
1675,RobotSimForPA/Global/R1_WeldingResistance,0,0.30857,,2228224,2025-08-11 14:47:56
1676,RobotSimForPA/Global/R1_WeldingResistance,0,0.26491000000000003,,2228224,2025-08-11 14:47:57
1677,RobotSimForPA/Global/R1_WeldingResistance,0,0.24407,,2228224,2025-08-11 14:47:58
1678,RobotSimForPA/Global/R1_WeldingResistance,0,0.28211,,2228224,2025-08-11 14:47:59
1679,RobotSimForPA/Global/R1_WeldingResistance,0,0.26937,,2228224,2025-08-11 14:48:00
1680,RobotSimForPA/Global/R1_WeldingResistance,0,0.26937,,2228224,2025-08-11 14:48:01
1681,RobotSimForPA/Global/R1_WeldingResistance,0,0.16815000000000002,,2228224,2025-08-11 14:48:02
1682,RobotSimForPA/Global/R1_WeldingResistance,0,0.23233,,2228224,2025-08-11 14:48:03
1683,RobotSimForPA/Global/R1_WeldingResistance,0,0.20685,,2228224,2025-08-11 14:48:04
1684,RobotSimForPA/Global/R1_WeldingResistance,0,0.0,,2228224,2025-08-11 14:48:05
1685,RobotSimForPA/Global/R1_WeldingResistance,0,0.0,,2228224,2025-08-11 14:48:06
1686,RobotSimForPA/Global/R1_WeldingResistance,0,0.0,,2228224,2025-08-11 14:48:07
1687,RobotSimForPA/Global/R1_WeldingResistance,0,0.0,,2228224,2025-08-11 14:48:08
1688,RobotSimForPA/Global/R1_WeldingResistance,0,0.0,,2228224,2025-08-11 14:48:09
1689,RobotSimForPA/Global/R1_WeldingResistance,0,0.0,,2228224,2025-08-11 14:48:10
1690,RobotSimForPA/Global/R1_WeldingResistance,0,0.0,,2228224,2025-08-11 14:48:11
1691,RobotSimForPA/Global/R1_WeldingResistance,0,0.0,,2228224,2025-08-11 14:48:12
1692,RobotSimForPA/Global/R1_WeldingResistance,0,0.0,,2228224,2025-08-11 14:48:13
1693,RobotSimForPA/Global/R1_WeldingResistance,0,0.0,,2228224,2025-08-11 14:48:14
1694,RobotSimForPA/Global/R1_WeldingResistance,0,0.0,,2228224,2025-08-11 14:48:15
1695,RobotSimForPA/Global/R1_WeldingResistance,0,0.0,,2228224,2025-08-11 14:48:16
1696,RobotSimForPA/Global/R1_WeldingResistance,0,0.0,,2228224,2025-08-11 14:48:17
1697,RobotSimForPA/Global/R1_WeldingResistance,0,0.0,,2228224,2025-08-11 14:48:18
1698,RobotSimForPA/Global/R1_WeldingResistance,0,0.0,,2228224,2025-08-11 14:48:19
1699,RobotSimForPA/Global/R1_WeldingResistance,0,0.0,,2228224,2025-08-11 14:48:20
1700,RobotSimForPA/Global/R1_WeldingResistance,0,0.3003,,2228224,2025-08-11 14:48:21
1701,RobotSimForPA/Global/R1_WeldingResistance,0,0.28509,,2228224,2025-08-11 14:48:22
1702,RobotSimForPA/Global/R1_WeldingResistance,0,0.23911000000000002,,2228224,2025-08-11 14:48:23
1703,RobotSimForPA/Global/R1_WeldingResistance,0,0.23911000000000002,,2228224,2025-08-11 14:48:24
1704,RobotSimForPA/Global/R1_WeldingResistance,0,0.31221000000000004,,2228224,2025-08-11 14:48:25
1705,RobotSimForPA/Global/R1_WeldingResistance,0,0.18122000000000002,,2228224,2025-08-11 14:48:26
1706,RobotSimForPA/Global/R1_WeldingResistance,0,0.28641,,2228224,2025-08-11 14:48:27
1707,RobotSimForPA/Global/R1_WeldingResistance,0,0.28393,,2228224,2025-08-11 14:48:28
1708,RobotSimForPA/Global/R1_WeldingResistance,0,0.28393,,2228224,2025-08-11 14:48:29
1709,RobotSimForPA/Global/R1_WeldingResistance,0,0.26921,,2228224,2025-08-11 14:48:30
1710,RobotSimForPA/Global/R1_WeldingResistance,0,0.27864,,2228224,2025-08-11 14:48:31
1711,RobotSimForPA/Global/R1_WeldingResistance,0,0.25929,,2228224,2025-08-11 14:48:32
1712,RobotSimForPA/Global/R1_WeldingResistance,0,0.28029000000000004,,2228224,2025-08-11 14:48:33
1713,RobotSimForPA/Global/R1_WeldingResistance,0,0.20106000000000002,,2228224,2025-08-11 14:48:34
1714,RobotSimForPA/Global/R1_WeldingResistance,0,0.20106000000000002,,2228224,2025-08-11 14:48:35
1715,RobotSimForPA/Global/R1_WeldingResistance,0,0.0,,2228224,2025-08-11 14:48:36
1716,RobotSimForPA/Global/R1_WeldingResistance,0,0.0,,2228224,2025-08-11 14:48:37
1717,RobotSimForPA/Global/R1_WeldingResistance,0,0.0,,2228224,2025-08-11 14:48:38
1718,RobotSimForPA/Global/R1_WeldingResistance,0,0.0,,2228224,2025-08-11 14:48:39
1719,RobotSimForPA/Global/R1_WeldingResistance,0,0.0,,2228224,2025-08-11 14:48:40
1720,RobotSimForPA/Global/R1_WeldingResistance,0,0.0,,2228224,2025-08-11 14:48:41
1721,RobotSimForPA/Global/R1_WeldingResistance,0,0.0,,2228224,2025-08-11 14:48:42
1722,RobotSimForPA/Global/R1_WeldingResistance,0,0.0,,2228224,2025-08-11 14:48:43
1723,RobotSimForPA/Global/R1_WeldingResistance,0,0.0,,2228224,2025-08-11 14:48:44
1724,RobotSimForPA/Global/R1_WeldingResistance,0,0.0,,2228224,2025-08-11 14:48:45
1725,RobotSimForPA/Global/R1_WeldingResistance,0,0.0,,2228224,2025-08-11 14:48:46
1726,RobotSimForPA/Global/R1_WeldingResistance,0,0.0,,2228224,2025-08-11 14:48:47
1727,RobotSimForPA/Global/R1_WeldingResistance,0,0.0,,2228224,2025-08-11 14:48:48
1728,RobotSimForPA/Global/R1_WeldingResistance,0,0.0,,2228224,2025-08-11 14:48:49
1729,RobotSimForPA/Global/R1_WeldingResistance,0,0.0,,2228224,2025-08-11 14:48:50
1730,RobotSimForPA/Global/R1_WeldingResistance,0,0.0,,2228224,2025-08-11 14:48:51
1731,RobotSimForPA/Global/R1_WeldingResistance,0,0.25895,,2228224,2025-08-11 14:48:52
1732,RobotSimForPA/Global/R1_WeldingResistance,0,0.25895,,2228224,2025-08-11 14:48:53
1733,RobotSimForPA/Global/R1_WeldingResistance,0,0.28128000000000003,,2228224,2025-08-11 14:48:54
1734,RobotSimForPA/Global/R1_WeldingResistance,0,0.26607000000000003,,2228224,2025-08-11 14:48:55
1735,RobotSimForPA/Global/R1_WeldingResistance,0,0.18816000000000002,,2228224,2025-08-11 14:48:56
1736,RobotSimForPA/Global/R1_WeldingResistance,0,0.29584000000000005,,2228224,2025-08-11 14:48:57
1737,RobotSimForPA/Global/R1_WeldingResistance,0,0.19048,,2228224,2025-08-11 14:48:58
1738,RobotSimForPA/Global/R1_WeldingResistance,0,0.19048,,2228224,2025-08-11 14:48:59
1739,RobotSimForPA/Global/R1_WeldingResistance,0,0.22654000000000002,,2228224,2025-08-11 14:49:00
1740,RobotSimForPA/Global/R1_WeldingResistance,0,0.26673,,2228224,2025-08-11 14:49:01
1741,RobotSimForPA/Global/R1_WeldingResistance,0,0.32313000000000003,,2228224,2025-08-11 14:49:02
1742,RobotSimForPA/Global/R1_WeldingResistance,0,0.19594,,2228224,2025-08-11 14:49:03
1743,RobotSimForPA/Global/R1_WeldingResistance,0,0.19594,,2228224,2025-08-11 14:49:04
1744,RobotSimForPA/Global/R1_WeldingResistance,0,0.21711000000000003,,2228224,2025-08-11 14:49:05
1745,RobotSimForPA/Global/R1_WeldingResistance,0,0.30163,,2228224,2025-08-11 14:49:06
1746,RobotSimForPA/Global/R1_WeldingResistance,0,0.23679000000000003,,2228224,2025-08-11 14:49:07
1747,RobotSimForPA/Global/R1_WeldingResistance,0,0.0,,2228224,2025-08-11 14:49:08
1748,RobotSimForPA/Global/R1_WeldingResistance,0,0.0,,2228224,2025-08-11 14:49:09
1749,RobotSimForPA/Global/R1_WeldingResistance,0,0.0,,2228224,2025-08-11 14:49:10
1750,RobotSimForPA/Global/R1_WeldingResistance,0,0.0,,2228224,2025-08-11 14:49:11
1751,RobotSimForPA/Global/R1_WeldingResistance,0,0.0,,2228224,2025-08-11 14:49:12
1752,RobotSimForPA/Global/R1_WeldingResistance,0,0.0,,2228224,2025-08-11 14:49:13
1753,RobotSimForPA/Global/R1_WeldingResistance,0,0.0,,2228224,2025-08-11 14:49:14
1754,RobotSimForPA/Global/R1_WeldingResistance,0,0.0,,2228224,2025-08-11 14:49:15
1755,RobotSimForPA/Global/R1_WeldingResistance,0,0.0,,2228224,2025-08-11 14:49:16
1756,RobotSimForPA/Global/R1_WeldingResistance,0,0.0,,2228224,2025-08-11 14:49:17
1757,RobotSimForPA/Global/R1_WeldingResistance,0,0.0,,2228224,2025-08-11 14:49:18
1758,RobotSimForPA/Global/R1_WeldingResistance,0,0.0,,2228224,2025-08-11 14:49:19
1759,RobotSimForPA/Global/R1_WeldingResistance,0,0.0,,2228224,2025-08-11 14:49:20
1760,RobotSimForPA/Global/R1_WeldingResistance,0,0.0,,2228224,2025-08-11 14:49:21
1761,RobotSimForPA/Global/R1_WeldingResistance,0,0.0,,2228224,2025-08-11 14:49:22
1762,RobotSimForPA/Global/R1_WeldingResistance,0,0.0,,2228224,2025-08-11 14:49:23
1763,RobotSimForPA/Global/R1_WeldingResistance,0,0.32991000000000004,,2228224,2025-08-11 14:49:24
1764,RobotSimForPA/Global/R1_WeldingResistance,0,0.17063,,2228224,2025-08-11 14:49:25
1765,RobotSimForPA/Global/R1_WeldingResistance,0,0.18486000000000002,,2228224,2025-08-11 14:49:26
1766,RobotSimForPA/Global/R1_WeldingResistance,0,0.18486000000000002,,2228224,2025-08-11 14:49:27
1767,RobotSimForPA/Global/R1_WeldingResistance,0,0.3276,,2228224,2025-08-11 14:49:28
1768,RobotSimForPA/Global/R1_WeldingResistance,0,0.16617,,2228224,2025-08-11 14:49:29
1769,RobotSimForPA/Global/R1_WeldingResistance,0,0.23663,,2228224,2025-08-11 14:49:30
1770,RobotSimForPA/Global/R1_WeldingResistance,0,0.28939000000000004,,2228224,2025-08-11 14:49:31
1771,RobotSimForPA/Global/R1_WeldingResistance,0,0.23712000000000003,,2228224,2025-08-11 14:49:32
1772,RobotSimForPA/Global/R1_WeldingResistance,0,0.23712000000000003,,2228224,2025-08-11 14:49:33
1773,RobotSimForPA/Global/R1_WeldingResistance,0,0.26871,,2228224,2025-08-11 14:49:34
1774,RobotSimForPA/Global/R1_WeldingResistance,0,0.29088,,2228224,2025-08-11 14:49:35
1775,RobotSimForPA/Global/R1_WeldingResistance,0,0.26557000000000003,,2228224,2025-08-11 14:49:36
1776,RobotSimForPA/Global/R1_WeldingResistance,0,0.19577000000000003,,2228224,2025-08-11 14:49:37
1777,RobotSimForPA/Global/R1_WeldingResistance,0,0.28079000000000004,,2228224,2025-08-11 14:49:38
1778,RobotSimForPA/Global/R1_WeldingResistance,0,0.0,,2228224,2025-08-11 14:49:39
1779,RobotSimForPA/Global/R1_WeldingResistance,0,0.0,,2228224,2025-08-11 14:49:40
1780,RobotSimForPA/Global/R1_WeldingResistance,0,0.0,,2228224,2025-08-11 14:49:41
1781,RobotSimForPA/Global/R1_WeldingResistance,0,0.0,,2228224,2025-08-11 14:49:42
1782,RobotSimForPA/Global/R1_WeldingResistance,0,0.0,,2228224,2025-08-11 14:49:43
1783,RobotSimForPA/Global/R1_WeldingResistance,0,0.0,,2228224,2025-08-11 14:49:44
1784,RobotSimForPA/Global/R1_WeldingResistance,0,0.0,,2228224,2025-08-11 14:49:45
1785,RobotSimForPA/Global/R1_WeldingResistance,0,0.0,,2228224,2025-08-11 14:49:46
1786,RobotSimForPA/Global/R1_WeldingResistance,0,0.0,,2228224,2025-08-11 14:49:47
1787,RobotSimForPA/Global/R1_WeldingResistance,0,0.0,,2228224,2025-08-11 14:49:48
1788,RobotSimForPA/Global/R1_WeldingResistance,0,0.0,,2228224,2025-08-11 14:49:49
1789,RobotSimForPA/Global/R1_WeldingResistance,0,0.0,,2228224,2025-08-11 14:49:50
1790,RobotSimForPA/Global/R1_WeldingResistance,0,0.0,,2228224,2025-08-11 14:49:51
1791,RobotSimForPA/Global/R1_WeldingResistance,0,0.0,,2228224,2025-08-11 14:49:52
1792,RobotSimForPA/Global/R1_WeldingResistance,0,0.0,,2228224,2025-08-11 14:49:53
1793,RobotSimForPA/Global/R1_WeldingResistance,0,0.0,,2228224,2025-08-11 14:49:54
1794,RobotSimForPA/Global/R1_WeldingResistance,0,0.27583,,2228224,2025-08-11 14:49:55
1795,RobotSimForPA/Global/R1_WeldingResistance,0,0.32942000000000005,,2228224,2025-08-11 14:49:56
1796,RobotSimForPA/Global/R1_WeldingResistance,0,0.32942000000000005,,2228224,2025-08-11 14:49:57
1797,RobotSimForPA/Global/R1_WeldingResistance,0,0.27053000000000005,,2228224,2025-08-11 14:49:58
1798,RobotSimForPA/Global/R1_WeldingResistance,0,0.32578,,2228224,2025-08-11 14:49:59
1799,RobotSimForPA/Global/R1_WeldingResistance,0,0.22240000000000001,,2228224,2025-08-11 14:50:00
1800,RobotSimForPA/Global/R1_WeldingCurrent,0,251.00400000000002,,2228224,2025-08-11 14:20:01
1801,RobotSimForPA/Global/R1_WeldingCurrent,0,246.424,,2228224,2025-08-11 14:20:02
1802,RobotSimForPA/Global/R1_WeldingCurrent,0,249.791,,2228224,2025-08-11 14:20:03
1803,RobotSimForPA/Global/R1_WeldingCurrent,0,239.304,,2228224,2025-08-11 14:20:04
1804,RobotSimForPA/Global/R1_WeldingCurrent,0,239.388,,2228224,2025-08-11 14:20:05
1805,RobotSimForPA/Global/R1_WeldingCurrent,0,239.304,,2228224,2025-08-11 14:20:06
1806,RobotSimForPA/Global/R1_WeldingCurrent,0,233.38400000000001,,2228224,2025-08-11 14:20:07
1807,RobotSimForPA/Global/R1_WeldingCurrent,0,230.804,,2228224,2025-08-11 14:20:08
1808,RobotSimForPA/Global/R1_WeldingCurrent,0,224.37300000000002,,2228224,2025-08-11 14:20:09
1809,RobotSimForPA/Global/R1_WeldingCurrent,0,217.429,,2228224,2025-08-11 14:20:10
1810,RobotSimForPA/Global/R1_WeldingCurrent,0,221.972,,2228224,2025-08-11 14:20:11
1811,RobotSimForPA/Global/R1_WeldingCurrent,0,216.113,,2228224,2025-08-11 14:20:12
1812,RobotSimForPA/Global/R1_WeldingCurrent,0,205.041,,2228224,2025-08-11 14:20:13
1813,RobotSimForPA/Global/R1_WeldingCurrent,0,0.0,,2228224,2025-08-11 14:20:14
1814,RobotSimForPA/Global/R1_WeldingCurrent,0,0.0,,2228224,2025-08-11 14:20:15
1815,RobotSimForPA/Global/R1_WeldingCurrent,0,0.0,,2228224,2025-08-11 14:20:16
1816,RobotSimForPA/Global/R1_WeldingCurrent,0,0.0,,2228224,2025-08-11 14:20:17
1817,RobotSimForPA/Global/R1_WeldingCurrent,0,0.0,,2228224,2025-08-11 14:20:18
1818,RobotSimForPA/Global/R1_WeldingCurrent,0,0.0,,2228224,2025-08-11 14:20:19
1819,RobotSimForPA/Global/R1_WeldingCurrent,0,0.0,,2228224,2025-08-11 14:20:20
1820,RobotSimForPA/Global/R1_WeldingCurrent,0,0.0,,2228224,2025-08-11 14:20:21
1821,RobotSimForPA/Global/R1_WeldingCurrent,0,0.0,,2228224,2025-08-11 14:20:22
1822,RobotSimForPA/Global/R1_WeldingCurrent,0,0.0,,2228224,2025-08-11 14:20:23
1823,RobotSimForPA/Global/R1_WeldingCurrent,0,0.0,,2228224,2025-08-11 14:20:24
1824,RobotSimForPA/Global/R1_WeldingCurrent,0,0.0,,2228224,2025-08-11 14:20:25
1825,RobotSimForPA/Global/R1_WeldingCurrent,0,0.0,,2228224,2025-08-11 14:20:26
1826,RobotSimForPA/Global/R1_WeldingCurrent,0,0.0,,2228224,2025-08-11 14:20:27
1827,RobotSimForPA/Global/R1_WeldingCurrent,0,0.0,,2228224,2025-08-11 14:20:28
1828,RobotSimForPA/Global/R1_WeldingCurrent,0,0.0,,2228224,2025-08-11 14:20:29
1829,RobotSimForPA/Global/R1_WeldingCurrent,0,250.464,,2228224,2025-08-11 14:20:30
1830,RobotSimForPA/Global/R1_WeldingCurrent,0,244.681,,2228224,2025-08-11 14:20:31
1831,RobotSimForPA/Global/R1_WeldingCurrent,0,248.683,,2228224,2025-08-11 14:20:32
1832,RobotSimForPA/Global/R1_WeldingCurrent,0,247.061,,2228224,2025-08-11 14:20:33
1833,RobotSimForPA/Global/R1_WeldingCurrent,0,251.673,,2228224,2025-08-11 14:20:34
1834,RobotSimForPA/Global/R1_WeldingCurrent,0,247.04,,2228224,2025-08-11 14:20:35
1835,RobotSimForPA/Global/R1_WeldingCurrent,0,247.534,,2228224,2025-08-11 14:20:36
1836,RobotSimForPA/Global/R1_WeldingCurrent,0,243.747,,2228224,2025-08-11 14:20:37
1837,RobotSimForPA/Global/R1_WeldingCurrent,0,242.336,,2228224,2025-08-11 14:20:38
1838,RobotSimForPA/Global/R1_WeldingCurrent,0,238.689,,2228224,2025-08-11 14:20:39
1839,RobotSimForPA/Global/R1_WeldingCurrent,0,237.734,,2228224,2025-08-11 14:20:40
1840,RobotSimForPA/Global/R1_WeldingCurrent,0,229.162,,2228224,2025-08-11 14:20:41
1841,RobotSimForPA/Global/R1_WeldingCurrent,0,226.892,,2228224,2025-08-11 14:20:42
1842,RobotSimForPA/Global/R1_WeldingCurrent,0,224.12300000000002,,2228224,2025-08-11 14:20:43
1843,RobotSimForPA/Global/R1_WeldingCurrent,0,213.23000000000002,,2228224,2025-08-11 14:20:44
1844,RobotSimForPA/Global/R1_WeldingCurrent,0,207.15800000000002,,2228224,2025-08-11 14:20:45
1845,RobotSimForPA/Global/R1_WeldingCurrent,0,208.755,,2228224,2025-08-11 14:20:46
1846,RobotSimForPA/Global/R1_WeldingCurrent,0,0.0,,2228224,2025-08-11 14:20:47
1847,RobotSimForPA/Global/R1_WeldingCurrent,0,0.0,,2228224,2025-08-11 14:20:48
1848,RobotSimForPA/Global/R1_WeldingCurrent,0,0.0,,2228224,2025-08-11 14:20:49
1849,RobotSimForPA/Global/R1_WeldingCurrent,0,0.0,,2228224,2025-08-11 14:20:50
1850,RobotSimForPA/Global/R1_WeldingCurrent,0,0.0,,2228224,2025-08-11 14:20:51
1851,RobotSimForPA/Global/R1_WeldingCurrent,0,0.0,,2228224,2025-08-11 14:20:52
1852,RobotSimForPA/Global/R1_WeldingCurrent,0,0.0,,2228224,2025-08-11 14:20:53
1853,RobotSimForPA/Global/R1_WeldingCurrent,0,0.0,,2228224,2025-08-11 14:20:54
1854,RobotSimForPA/Global/R1_WeldingCurrent,0,0.0,,2228224,2025-08-11 14:20:55
1855,RobotSimForPA/Global/R1_WeldingCurrent,0,0.0,,2228224,2025-08-11 14:20:56
1856,RobotSimForPA/Global/R1_WeldingCurrent,0,0.0,,2228224,2025-08-11 14:20:57
1857,RobotSimForPA/Global/R1_WeldingCurrent,0,0.0,,2228224,2025-08-11 14:20:58
1858,RobotSimForPA/Global/R1_WeldingCurrent,0,0.0,,2228224,2025-08-11 14:20:59
1859,RobotSimForPA/Global/R1_WeldingCurrent,0,0.0,,2228224,2025-08-11 14:21:00
1860,RobotSimForPA/Global/R1_WeldingCurrent,0,0.0,,2228224,2025-08-11 14:21:01
1861,RobotSimForPA/Global/R1_WeldingCurrent,0,0.0,,2228224,2025-08-11 14:21:02
1862,RobotSimForPA/Global/R1_WeldingCurrent,0,246.317,,2228224,2025-08-11 14:21:03
1863,RobotSimForPA/Global/R1_WeldingCurrent,0,246.701,,2228224,2025-08-11 14:21:04
1864,RobotSimForPA/Global/R1_WeldingCurrent,0,248.452,,2228224,2025-08-11 14:21:05
1865,RobotSimForPA/Global/R1_WeldingCurrent,0,247.28,,2228224,2025-08-11 14:21:06
1866,RobotSimForPA/Global/R1_WeldingCurrent,0,244.512,,2228224,2025-08-11 14:21:07
1867,RobotSimForPA/Global/R1_WeldingCurrent,0,241.095,,2228224,2025-08-11 14:21:08
1868,RobotSimForPA/Global/R1_WeldingCurrent,0,245.52700000000002,,2228224,2025-08-11 14:21:09
1869,RobotSimForPA/Global/R1_WeldingCurrent,0,242.868,,2228224,2025-08-11 14:21:10
1870,RobotSimForPA/Global/R1_WeldingCurrent,0,237.47,,2228224,2025-08-11 14:21:11
1871,RobotSimForPA/Global/R1_WeldingCurrent,0,233.77,,2228224,2025-08-11 14:21:12
1872,RobotSimForPA/Global/R1_WeldingCurrent,0,226.547,,2228224,2025-08-11 14:21:13
1873,RobotSimForPA/Global/R1_WeldingCurrent,0,226.985,,2228224,2025-08-11 14:21:14
1874,RobotSimForPA/Global/R1_WeldingCurrent,0,216.889,,2228224,2025-08-11 14:21:15
1875,RobotSimForPA/Global/R1_WeldingCurrent,0,208.118,,2228224,2025-08-11 14:21:16
1876,RobotSimForPA/Global/R1_WeldingCurrent,0,0.0,,2228224,2025-08-11 14:21:17
1877,RobotSimForPA/Global/R1_WeldingCurrent,0,0.0,,2228224,2025-08-11 14:21:18
1878,RobotSimForPA/Global/R1_WeldingCurrent,0,0.0,,2228224,2025-08-11 14:21:19
1879,RobotSimForPA/Global/R1_WeldingCurrent,0,0.0,,2228224,2025-08-11 14:21:20
1880,RobotSimForPA/Global/R1_WeldingCurrent,0,0.0,,2228224,2025-08-11 14:21:21
1881,RobotSimForPA/Global/R1_WeldingCurrent,0,0.0,,2228224,2025-08-11 14:21:22
1882,RobotSimForPA/Global/R1_WeldingCurrent,0,0.0,,2228224,2025-08-11 14:21:23
1883,RobotSimForPA/Global/R1_WeldingCurrent,0,0.0,,2228224,2025-08-11 14:21:24
1884,RobotSimForPA/Global/R1_WeldingCurrent,0,0.0,,2228224,2025-08-11 14:21:25
1885,RobotSimForPA/Global/R1_WeldingCurrent,0,0.0,,2228224,2025-08-11 14:21:26
1886,RobotSimForPA/Global/R1_WeldingCurrent,0,0.0,,2228224,2025-08-11 14:21:27
1887,RobotSimForPA/Global/R1_WeldingCurrent,0,0.0,,2228224,2025-08-11 14:21:28
1888,RobotSimForPA/Global/R1_WeldingCurrent,0,0.0,,2228224,2025-08-11 14:21:29
1889,RobotSimForPA/Global/R1_WeldingCurrent,0,0.0,,2228224,2025-08-11 14:21:30
1890,RobotSimForPA/Global/R1_WeldingCurrent,0,0.0,,2228224,2025-08-11 14:21:31
1891,RobotSimForPA/Global/R1_WeldingCurrent,0,0.0,,2228224,2025-08-11 14:21:32
1892,RobotSimForPA/Global/R1_WeldingCurrent,0,249.193,,2228224,2025-08-11 14:21:33
1893,RobotSimForPA/Global/R1_WeldingCurrent,0,245.559,,2228224,2025-08-11 14:21:34
1894,RobotSimForPA/Global/R1_WeldingCurrent,0,244.747,,2228224,2025-08-11 14:21:35
1895,RobotSimForPA/Global/R1_WeldingCurrent,0,248.116,,2228224,2025-08-11 14:21:36
1896,RobotSimForPA/Global/R1_WeldingCurrent,0,248.364,,2228224,2025-08-11 14:21:37
1897,RobotSimForPA/Global/R1_WeldingCurrent,0,240.733,,2228224,2025-08-11 14:21:38
1898,RobotSimForPA/Global/R1_WeldingCurrent,0,247.87,,2228224,2025-08-11 14:21:39
1899,RobotSimForPA/Global/R1_WeldingCurrent,0,242.888,,2228224,2025-08-11 14:21:40
1900,RobotSimForPA/Global/R1_WeldingCurrent,0,233.958,,2228224,2025-08-11 14:21:41
1901,RobotSimForPA/Global/R1_WeldingCurrent,0,233.645,,2228224,2025-08-11 14:21:42
1902,RobotSimForPA/Global/R1_WeldingCurrent,0,233.435,,2228224,2025-08-11 14:21:43
1903,RobotSimForPA/Global/R1_WeldingCurrent,0,222.61100000000002,,2228224,2025-08-11 14:21:44
1904,RobotSimForPA/Global/R1_WeldingCurrent,0,217.442,,2228224,2025-08-11 14:21:45
1905,RobotSimForPA/Global/R1_WeldingCurrent,0,213.18800000000002,,2228224,2025-08-11 14:21:46
1906,RobotSimForPA/Global/R1_WeldingCurrent,0,211.846,,2228224,2025-08-11 14:21:47
1907,RobotSimForPA/Global/R1_WeldingCurrent,0,0.0,,2228224,2025-08-11 14:21:48
1908,RobotSimForPA/Global/R1_WeldingCurrent,0,0.0,,2228224,2025-08-11 14:21:49
1909,RobotSimForPA/Global/R1_WeldingCurrent,0,0.0,,2228224,2025-08-11 14:21:50
1910,RobotSimForPA/Global/R1_WeldingCurrent,0,0.0,,2228224,2025-08-11 14:21:51
1911,RobotSimForPA/Global/R1_WeldingCurrent,0,0.0,,2228224,2025-08-11 14:21:52
1912,RobotSimForPA/Global/R1_WeldingCurrent,0,0.0,,2228224,2025-08-11 14:21:53
1913,RobotSimForPA/Global/R1_WeldingCurrent,0,0.0,,2228224,2025-08-11 14:21:54
1914,RobotSimForPA/Global/R1_WeldingCurrent,0,0.0,,2228224,2025-08-11 14:21:55
1915,RobotSimForPA/Global/R1_WeldingCurrent,0,0.0,,2228224,2025-08-11 14:21:56
1916,RobotSimForPA/Global/R1_WeldingCurrent,0,0.0,,2228224,2025-08-11 14:21:57
1917,RobotSimForPA/Global/R1_WeldingCurrent,0,0.0,,2228224,2025-08-11 14:21:58
1918,RobotSimForPA/Global/R1_WeldingCurrent,0,0.0,,2228224,2025-08-11 14:21:59
1919,RobotSimForPA/Global/R1_WeldingCurrent,0,0.0,,2228224,2025-08-11 14:22:00
1920,RobotSimForPA/Global/R1_WeldingCurrent,0,0.0,,2228224,2025-08-11 14:22:01
1921,RobotSimForPA/Global/R1_WeldingCurrent,0,0.0,,2228224,2025-08-11 14:22:02
1922,RobotSimForPA/Global/R1_WeldingCurrent,0,0.0,,2228224,2025-08-11 14:22:03
1923,RobotSimForPA/Global/R1_WeldingCurrent,0,245.083,,2228224,2025-08-11 14:22:04
1924,RobotSimForPA/Global/R1_WeldingCurrent,0,245.048,,2228224,2025-08-11 14:22:05
1925,RobotSimForPA/Global/R1_WeldingCurrent,0,243.752,,2228224,2025-08-11 14:22:06
1926,RobotSimForPA/Global/R1_WeldingCurrent,0,247.314,,2228224,2025-08-11 14:22:07
1927,RobotSimForPA/Global/R1_WeldingCurrent,0,242.985,,2228224,2025-08-11 14:22:08
1928,RobotSimForPA/Global/R1_WeldingCurrent,0,242.011,,2228224,2025-08-11 14:22:09
1929,RobotSimForPA/Global/R1_WeldingCurrent,0,240.761,,2228224,2025-08-11 14:22:10
1930,RobotSimForPA/Global/R1_WeldingCurrent,0,241.334,,2228224,2025-08-11 14:22:11
1931,RobotSimForPA/Global/R1_WeldingCurrent,0,235.208,,2228224,2025-08-11 14:22:12
1932,RobotSimForPA/Global/R1_WeldingCurrent,0,241.497,,2228224,2025-08-11 14:22:13
1933,RobotSimForPA/Global/R1_WeldingCurrent,0,231.192,,2228224,2025-08-11 14:22:14
1934,RobotSimForPA/Global/R1_WeldingCurrent,0,226.92600000000002,,2228224,2025-08-11 14:22:15
1935,RobotSimForPA/Global/R1_WeldingCurrent,0,222.335,,2228224,2025-08-11 14:22:16
1936,RobotSimForPA/Global/R1_WeldingCurrent,0,217.805,,2228224,2025-08-11 14:22:17
1937,RobotSimForPA/Global/R1_WeldingCurrent,0,210.998,,2228224,2025-08-11 14:22:18
1938,RobotSimForPA/Global/R1_WeldingCurrent,0,209.00900000000001,,2228224,2025-08-11 14:22:19
1939,RobotSimForPA/Global/R1_WeldingCurrent,0,199.659,,2228224,2025-08-11 14:22:20
1940,RobotSimForPA/Global/R1_WeldingCurrent,0,0.0,,2228224,2025-08-11 14:22:21
1941,RobotSimForPA/Global/R1_WeldingCurrent,0,0.0,,2228224,2025-08-11 14:22:22
1942,RobotSimForPA/Global/R1_WeldingCurrent,0,0.0,,2228224,2025-08-11 14:22:23
1943,RobotSimForPA/Global/R1_WeldingCurrent,0,0.0,,2228224,2025-08-11 14:22:24
1944,RobotSimForPA/Global/R1_WeldingCurrent,0,0.0,,2228224,2025-08-11 14:22:25
1945,RobotSimForPA/Global/R1_WeldingCurrent,0,0.0,,2228224,2025-08-11 14:22:26
1946,RobotSimForPA/Global/R1_WeldingCurrent,0,0.0,,2228224,2025-08-11 14:22:27
1947,RobotSimForPA/Global/R1_WeldingCurrent,0,0.0,,2228224,2025-08-11 14:22:28
1948,RobotSimForPA/Global/R1_WeldingCurrent,0,0.0,,2228224,2025-08-11 14:22:29
1949,RobotSimForPA/Global/R1_WeldingCurrent,0,0.0,,2228224,2025-08-11 14:22:30
1950,RobotSimForPA/Global/R1_WeldingCurrent,0,0.0,,2228224,2025-08-11 14:22:31
1951,RobotSimForPA/Global/R1_WeldingCurrent,0,0.0,,2228224,2025-08-11 14:22:32
1952,RobotSimForPA/Global/R1_WeldingCurrent,0,0.0,,2228224,2025-08-11 14:22:33
1953,RobotSimForPA/Global/R1_WeldingCurrent,0,0.0,,2228224,2025-08-11 14:22:34
1954,RobotSimForPA/Global/R1_WeldingCurrent,0,0.0,,2228224,2025-08-11 14:22:35
1955,RobotSimForPA/Global/R1_WeldingCurrent,0,0.0,,2228224,2025-08-11 14:22:36
1956,RobotSimForPA/Global/R1_WeldingCurrent,0,250.03900000000002,,2228224,2025-08-11 14:22:37
1957,RobotSimForPA/Global/R1_WeldingCurrent,0,248.851,,2228224,2025-08-11 14:22:38
1958,RobotSimForPA/Global/R1_WeldingCurrent,0,246.465,,2228224,2025-08-11 14:22:39
1959,RobotSimForPA/Global/R1_WeldingCurrent,0,246.612,,2228224,2025-08-11 14:22:40
1960,RobotSimForPA/Global/R1_WeldingCurrent,0,250.21800000000002,,2228224,2025-08-11 14:22:41
1961,RobotSimForPA/Global/R1_WeldingCurrent,0,241.71200000000002,,2228224,2025-08-11 14:22:42
1962,RobotSimForPA/Global/R1_WeldingCurrent,0,241.006,,2228224,2025-08-11 14:22:43
1963,RobotSimForPA/Global/R1_WeldingCurrent,0,240.743,,2228224,2025-08-11 14:22:44
1964,RobotSimForPA/Global/R1_WeldingCurrent,0,240.059,,2228224,2025-08-11 14:22:45
1965,RobotSimForPA/Global/R1_WeldingCurrent,0,229.372,,2228224,2025-08-11 14:22:46
1966,RobotSimForPA/Global/R1_WeldingCurrent,0,224.504,,2228224,2025-08-11 14:22:47
1967,RobotSimForPA/Global/R1_WeldingCurrent,0,222.85,,2228224,2025-08-11 14:22:48
1968,RobotSimForPA/Global/R1_WeldingCurrent,0,216.607,,2228224,2025-08-11 14:22:49
1969,RobotSimForPA/Global/R1_WeldingCurrent,0,210.98600000000002,,2228224,2025-08-11 14:22:50
1970,RobotSimForPA/Global/R1_WeldingCurrent,0,212.958,,2228224,2025-08-11 14:22:51
1971,RobotSimForPA/Global/R1_WeldingCurrent,0,0.0,,2228224,2025-08-11 14:22:52
1972,RobotSimForPA/Global/R1_WeldingCurrent,0,0.0,,2228224,2025-08-11 14:22:53
1973,RobotSimForPA/Global/R1_WeldingCurrent,0,0.0,,2228224,2025-08-11 14:22:54
1974,RobotSimForPA/Global/R1_WeldingCurrent,0,0.0,,2228224,2025-08-11 14:22:55
1975,RobotSimForPA/Global/R1_WeldingCurrent,0,0.0,,2228224,2025-08-11 14:22:56
1976,RobotSimForPA/Global/R1_WeldingCurrent,0,0.0,,2228224,2025-08-11 14:22:57
1977,RobotSimForPA/Global/R1_WeldingCurrent,0,0.0,,2228224,2025-08-11 14:22:58
1978,RobotSimForPA/Global/R1_WeldingCurrent,0,0.0,,2228224,2025-08-11 14:22:59
1979,RobotSimForPA/Global/R1_WeldingCurrent,0,0.0,,2228224,2025-08-11 14:23:00
1980,RobotSimForPA/Global/R1_WeldingCurrent,0,0.0,,2228224,2025-08-11 14:23:01
1981,RobotSimForPA/Global/R1_WeldingCurrent,0,0.0,,2228224,2025-08-11 14:23:02
1982,RobotSimForPA/Global/R1_WeldingCurrent,0,0.0,,2228224,2025-08-11 14:23:03
1983,RobotSimForPA/Global/R1_WeldingCurrent,0,0.0,,2228224,2025-08-11 14:23:04
1984,RobotSimForPA/Global/R1_WeldingCurrent,0,0.0,,2228224,2025-08-11 14:23:05
1985,RobotSimForPA/Global/R1_WeldingCurrent,0,0.0,,2228224,2025-08-11 14:23:06
1986,RobotSimForPA/Global/R1_WeldingCurrent,0,0.0,,2228224,2025-08-11 14:23:07
1987,RobotSimForPA/Global/R1_WeldingCurrent,0,243.542,,2228224,2025-08-11 14:23:08
1988,RobotSimForPA/Global/R1_WeldingCurrent,0,252.19,,2228224,2025-08-11 14:23:09
1989,RobotSimForPA/Global/R1_WeldingCurrent,0,245.347,,2228224,2025-08-11 14:23:10
1990,RobotSimForPA/Global/R1_WeldingCurrent,0,242.273,,2228224,2025-08-11 14:23:11
1991,RobotSimForPA/Global/R1_WeldingCurrent,0,250.449,,2228224,2025-08-11 14:23:12
1992,RobotSimForPA/Global/R1_WeldingCurrent,0,243.98000000000002,,2228224,2025-08-11 14:23:13
1993,RobotSimForPA/Global/R1_WeldingCurrent,0,244.612,,2228224,2025-08-11 14:23:14
1994,RobotSimForPA/Global/R1_WeldingCurrent,0,239.547,,2228224,2025-08-11 14:23:15
1995,RobotSimForPA/Global/R1_WeldingCurrent,0,235.00900000000001,,2228224,2025-08-11 14:23:16
1996,RobotSimForPA/Global/R1_WeldingCurrent,0,228.261,,2228224,2025-08-11 14:23:17
1997,RobotSimForPA/Global/R1_WeldingCurrent,0,230.19400000000002,,2228224,2025-08-11 14:23:18
1998,RobotSimForPA/Global/R1_WeldingCurrent,0,221.177,,2228224,2025-08-11 14:23:19
1999,RobotSimForPA/Global/R1_WeldingCurrent,0,216.433,,2228224,2025-08-11 14:23:20
2000,RobotSimForPA/Global/R1_WeldingCurrent,0,205.648,,2228224,2025-08-11 14:23:21
2001,RobotSimForPA/Global/R1_WeldingCurrent,0,214.328,,2228224,2025-08-11 14:23:22
2002,RobotSimForPA/Global/R1_WeldingCurrent,0,0.0,,2228224,2025-08-11 14:23:23
2003,RobotSimForPA/Global/R1_WeldingCurrent,0,0.0,,2228224,2025-08-11 14:23:24
2004,RobotSimForPA/Global/R1_WeldingCurrent,0,0.0,,2228224,2025-08-11 14:23:25
2005,RobotSimForPA/Global/R1_WeldingCurrent,0,0.0,,2228224,2025-08-11 14:23:26
2006,RobotSimForPA/Global/R1_WeldingCurrent,0,0.0,,2228224,2025-08-11 14:23:27
2007,RobotSimForPA/Global/R1_WeldingCurrent,0,0.0,,2228224,2025-08-11 14:23:28
2008,RobotSimForPA/Global/R1_WeldingCurrent,0,0.0,,2228224,2025-08-11 14:23:29
2009,RobotSimForPA/Global/R1_WeldingCurrent,0,0.0,,2228224,2025-08-11 14:23:30
2010,RobotSimForPA/Global/R1_WeldingCurrent,0,0.0,,2228224,2025-08-11 14:23:31
2011,RobotSimForPA/Global/R1_WeldingCurrent,0,0.0,,2228224,2025-08-11 14:23:32
2012,RobotSimForPA/Global/R1_WeldingCurrent,0,0.0,,2228224,2025-08-11 14:23:33
2013,RobotSimForPA/Global/R1_WeldingCurrent,0,0.0,,2228224,2025-08-11 14:23:34
2014,RobotSimForPA/Global/R1_WeldingCurrent,0,0.0,,2228224,2025-08-11 14:23:35
2015,RobotSimForPA/Global/R1_WeldingCurrent,0,0.0,,2228224,2025-08-11 14:23:36
2016,RobotSimForPA/Global/R1_WeldingCurrent,0,0.0,,2228224,2025-08-11 14:23:37
2017,RobotSimForPA/Global/R1_WeldingCurrent,0,244.383,,2228224,2025-08-11 14:23:38
2018,RobotSimForPA/Global/R1_WeldingCurrent,0,244.752,,2228224,2025-08-11 14:23:39
2019,RobotSimForPA/Global/R1_WeldingCurrent,0,249.87,,2228224,2025-08-11 14:23:40
2020,RobotSimForPA/Global/R1_WeldingCurrent,0,244.79500000000002,,2228224,2025-08-11 14:23:41
2021,RobotSimForPA/Global/R1_WeldingCurrent,0,249.48000000000002,,2228224,2025-08-11 14:23:42
2022,RobotSimForPA/Global/R1_WeldingCurrent,0,240.894,,2228224,2025-08-11 14:23:43
2023,RobotSimForPA/Global/R1_WeldingCurrent,0,246.15200000000002,,2228224,2025-08-11 14:23:44
2024,RobotSimForPA/Global/R1_WeldingCurrent,0,244.216,,2228224,2025-08-11 14:23:45
2025,RobotSimForPA/Global/R1_WeldingCurrent,0,235.75300000000001,,2228224,2025-08-11 14:23:46
2026,RobotSimForPA/Global/R1_WeldingCurrent,0,232.16,,2228224,2025-08-11 14:23:47
2027,RobotSimForPA/Global/R1_WeldingCurrent,0,225.708,,2228224,2025-08-11 14:23:48
2028,RobotSimForPA/Global/R1_WeldingCurrent,0,219.671,,2228224,2025-08-11 14:23:49
2029,RobotSimForPA/Global/R1_WeldingCurrent,0,220.502,,2228224,2025-08-11 14:23:50
2030,RobotSimForPA/Global/R1_WeldingCurrent,0,212.903,,2228224,2025-08-11 14:23:51
2031,RobotSimForPA/Global/R1_WeldingCurrent,0,211.419,,2228224,2025-08-11 14:23:52
2032,RobotSimForPA/Global/R1_WeldingCurrent,0,0.0,,2228224,2025-08-11 14:23:53
2033,RobotSimForPA/Global/R1_WeldingCurrent,0,0.0,,2228224,2025-08-11 14:23:54
2034,RobotSimForPA/Global/R1_WeldingCurrent,0,0.0,,2228224,2025-08-11 14:23:55
2035,RobotSimForPA/Global/R1_WeldingCurrent,0,0.0,,2228224,2025-08-11 14:23:56
2036,RobotSimForPA/Global/R1_WeldingCurrent,0,0.0,,2228224,2025-08-11 14:23:57
2037,RobotSimForPA/Global/R1_WeldingCurrent,0,0.0,,2228224,2025-08-11 14:23:58
2038,RobotSimForPA/Global/R1_WeldingCurrent,0,0.0,,2228224,2025-08-11 14:23:59
2039,RobotSimForPA/Global/R1_WeldingCurrent,0,0.0,,2228224,2025-08-11 14:24:00
2040,RobotSimForPA/Global/R1_WeldingCurrent,0,0.0,,2228224,2025-08-11 14:24:01
2041,RobotSimForPA/Global/R1_WeldingCurrent,0,0.0,,2228224,2025-08-11 14:24:02
2042,RobotSimForPA/Global/R1_WeldingCurrent,0,0.0,,2228224,2025-08-11 14:24:03
2043,RobotSimForPA/Global/R1_WeldingCurrent,0,0.0,,2228224,2025-08-11 14:24:04
2044,RobotSimForPA/Global/R1_WeldingCurrent,0,0.0,,2228224,2025-08-11 14:24:05
2045,RobotSimForPA/Global/R1_WeldingCurrent,0,0.0,,2228224,2025-08-11 14:24:06
2046,RobotSimForPA/Global/R1_WeldingCurrent,0,0.0,,2228224,2025-08-11 14:24:07
2047,RobotSimForPA/Global/R1_WeldingCurrent,0,248.086,,2228224,2025-08-11 14:24:08
2048,RobotSimForPA/Global/R1_WeldingCurrent,0,246.874,,2228224,2025-08-11 14:24:09
2049,RobotSimForPA/Global/R1_WeldingCurrent,0,248.387,,2228224,2025-08-11 14:24:10
2050,RobotSimForPA/Global/R1_WeldingCurrent,0,244.138,,2228224,2025-08-11 14:24:11
2051,RobotSimForPA/Global/R1_WeldingCurrent,0,245.28,,2228224,2025-08-11 14:24:12
2052,RobotSimForPA/Global/R1_WeldingCurrent,0,247.09300000000002,,2228224,2025-08-11 14:24:13
2053,RobotSimForPA/Global/R1_WeldingCurrent,0,244.471,,2228224,2025-08-11 14:24:14
2054,RobotSimForPA/Global/R1_WeldingCurrent,0,246.103,,2228224,2025-08-11 14:24:15
2055,RobotSimForPA/Global/R1_WeldingCurrent,0,234.829,,2228224,2025-08-11 14:24:16
2056,RobotSimForPA/Global/R1_WeldingCurrent,0,235.625,,2228224,2025-08-11 14:24:17
2057,RobotSimForPA/Global/R1_WeldingCurrent,0,233.53900000000002,,2228224,2025-08-11 14:24:18
2058,RobotSimForPA/Global/R1_WeldingCurrent,0,228.929,,2228224,2025-08-11 14:24:19
2059,RobotSimForPA/Global/R1_WeldingCurrent,0,221.993,,2228224,2025-08-11 14:24:20
2060,RobotSimForPA/Global/R1_WeldingCurrent,0,214.88,,2228224,2025-08-11 14:24:21
2061,RobotSimForPA/Global/R1_WeldingCurrent,0,212.56,,2228224,2025-08-11 14:24:22
2062,RobotSimForPA/Global/R1_WeldingCurrent,0,205.85,,2228224,2025-08-11 14:24:23
2063,RobotSimForPA/Global/R1_WeldingCurrent,0,0.0,,2228224,2025-08-11 14:24:24
2064,RobotSimForPA/Global/R1_WeldingCurrent,0,0.0,,2228224,2025-08-11 14:24:25
2065,RobotSimForPA/Global/R1_WeldingCurrent,0,0.0,,2228224,2025-08-11 14:24:26
2066,RobotSimForPA/Global/R1_WeldingCurrent,0,0.0,,2228224,2025-08-11 14:24:27
2067,RobotSimForPA/Global/R1_WeldingCurrent,0,0.0,,2228224,2025-08-11 14:24:28
2068,RobotSimForPA/Global/R1_WeldingCurrent,0,0.0,,2228224,2025-08-11 14:24:29
2069,RobotSimForPA/Global/R1_WeldingCurrent,0,0.0,,2228224,2025-08-11 14:24:30
2070,RobotSimForPA/Global/R1_WeldingCurrent,0,0.0,,2228224,2025-08-11 14:24:31
2071,RobotSimForPA/Global/R1_WeldingCurrent,0,0.0,,2228224,2025-08-11 14:24:32
2072,RobotSimForPA/Global/R1_WeldingCurrent,0,0.0,,2228224,2025-08-11 14:24:33
2073,RobotSimForPA/Global/R1_WeldingCurrent,0,0.0,,2228224,2025-08-11 14:24:34
2074,RobotSimForPA/Global/R1_WeldingCurrent,0,0.0,,2228224,2025-08-11 14:24:35
2075,RobotSimForPA/Global/R1_WeldingCurrent,0,0.0,,2228224,2025-08-11 14:24:36
2076,RobotSimForPA/Global/R1_WeldingCurrent,0,0.0,,2228224,2025-08-11 14:24:37
2077,RobotSimForPA/Global/R1_WeldingCurrent,0,0.0,,2228224,2025-08-11 14:24:38
2078,RobotSimForPA/Global/R1_WeldingCurrent,0,0.0,,2228224,2025-08-11 14:24:39
2079,RobotSimForPA/Global/R1_WeldingCurrent,0,243.796,,2228224,2025-08-11 14:24:40
2080,RobotSimForPA/Global/R1_WeldingCurrent,0,242.96800000000002,,2228224,2025-08-11 14:24:41
2081,RobotSimForPA/Global/R1_WeldingCurrent,0,249.836,,2228224,2025-08-11 14:24:42
2082,RobotSimForPA/Global/R1_WeldingCurrent,0,247.473,,2228224,2025-08-11 14:24:43
2083,RobotSimForPA/Global/R1_WeldingCurrent,0,250.579,,2228224,2025-08-11 14:24:44
2084,RobotSimForPA/Global/R1_WeldingCurrent,0,248.29,,2228224,2025-08-11 14:24:45
2085,RobotSimForPA/Global/R1_WeldingCurrent,0,241.169,,2228224,2025-08-11 14:24:46
2086,RobotSimForPA/Global/R1_WeldingCurrent,0,245.817,,2228224,2025-08-11 14:24:47
2087,RobotSimForPA/Global/R1_WeldingCurrent,0,242.409,,2228224,2025-08-11 14:24:48
2088,RobotSimForPA/Global/R1_WeldingCurrent,0,233.733,,2228224,2025-08-11 14:24:49
2089,RobotSimForPA/Global/R1_WeldingCurrent,0,231.84,,2228224,2025-08-11 14:24:50
2090,RobotSimForPA/Global/R1_WeldingCurrent,0,230.501,,2228224,2025-08-11 14:24:51
2091,RobotSimForPA/Global/R1_WeldingCurrent,0,222.717,,2228224,2025-08-11 14:24:52
2092,RobotSimForPA/Global/R1_WeldingCurrent,0,220.792,,2228224,2025-08-11 14:24:53
2093,RobotSimForPA/Global/R1_WeldingCurrent,0,213.964,,2228224,2025-08-11 14:24:54
2094,RobotSimForPA/Global/R1_WeldingCurrent,0,212.216,,2228224,2025-08-11 14:24:55
2095,RobotSimForPA/Global/R1_WeldingCurrent,0,0.0,,2228224,2025-08-11 14:24:56
2096,RobotSimForPA/Global/R1_WeldingCurrent,0,0.0,,2228224,2025-08-11 14:24:57
2097,RobotSimForPA/Global/R1_WeldingCurrent,0,0.0,,2228224,2025-08-11 14:24:58
2098,RobotSimForPA/Global/R1_WeldingCurrent,0,0.0,,2228224,2025-08-11 14:24:59
2099,RobotSimForPA/Global/R1_WeldingCurrent,0,0.0,,2228224,2025-08-11 14:25:00
2100,RobotSimForPA/Global/R1_WeldingCurrent,0,0.0,,2228224,2025-08-11 14:25:01
2101,RobotSimForPA/Global/R1_WeldingCurrent,0,0.0,,2228224,2025-08-11 14:25:02
2102,RobotSimForPA/Global/R1_WeldingCurrent,0,0.0,,2228224,2025-08-11 14:25:03
2103,RobotSimForPA/Global/R1_WeldingCurrent,0,0.0,,2228224,2025-08-11 14:25:04
2104,RobotSimForPA/Global/R1_WeldingCurrent,0,0.0,,2228224,2025-08-11 14:25:05
2105,RobotSimForPA/Global/R1_WeldingCurrent,0,0.0,,2228224,2025-08-11 14:25:06
2106,RobotSimForPA/Global/R1_WeldingCurrent,0,0.0,,2228224,2025-08-11 14:25:07
2107,RobotSimForPA/Global/R1_WeldingCurrent,0,0.0,,2228224,2025-08-11 14:25:08
2108,RobotSimForPA/Global/R1_WeldingCurrent,0,0.0,,2228224,2025-08-11 14:25:09
2109,RobotSimForPA/Global/R1_WeldingCurrent,0,0.0,,2228224,2025-08-11 14:25:10
2110,RobotSimForPA/Global/R1_WeldingCurrent,0,0.0,,2228224,2025-08-11 14:25:11
2111,RobotSimForPA/Global/R1_WeldingCurrent,0,250.382,,2228224,2025-08-11 14:25:12
2112,RobotSimForPA/Global/R1_WeldingCurrent,0,246.03,,2228224,2025-08-11 14:25:13
2113,RobotSimForPA/Global/R1_WeldingCurrent,0,242.942,,2228224,2025-08-11 14:25:14
2114,RobotSimForPA/Global/R1_WeldingCurrent,0,243.18,,2228224,2025-08-11 14:25:15
2115,RobotSimForPA/Global/R1_WeldingCurrent,0,247.383,,2228224,2025-08-11 14:25:16
2116,RobotSimForPA/Global/R1_WeldingCurrent,0,245.84300000000002,,2228224,2025-08-11 14:25:17
2117,RobotSimForPA/Global/R1_WeldingCurrent,0,246.755,,2228224,2025-08-11 14:25:18
2118,RobotSimForPA/Global/R1_WeldingCurrent,0,236.577,,2228224,2025-08-11 14:25:19
2119,RobotSimForPA/Global/R1_WeldingCurrent,0,241.065,,2228224,2025-08-11 14:25:20
2120,RobotSimForPA/Global/R1_WeldingCurrent,0,229.147,,2228224,2025-08-11 14:25:21
2121,RobotSimForPA/Global/R1_WeldingCurrent,0,226.041,,2228224,2025-08-11 14:25:22
2122,RobotSimForPA/Global/R1_WeldingCurrent,0,224.671,,2228224,2025-08-11 14:25:23
2123,RobotSimForPA/Global/R1_WeldingCurrent,0,217.887,,2228224,2025-08-11 14:25:24
2124,RobotSimForPA/Global/R1_WeldingCurrent,0,213.534,,2228224,2025-08-11 14:25:25
2125,RobotSimForPA/Global/R1_WeldingCurrent,0,204.711,,2228224,2025-08-11 14:25:26
2126,RobotSimForPA/Global/R1_WeldingCurrent,0,0.0,,2228224,2025-08-11 14:25:27
2127,RobotSimForPA/Global/R1_WeldingCurrent,0,0.0,,2228224,2025-08-11 14:25:28
2128,RobotSimForPA/Global/R1_WeldingCurrent,0,0.0,,2228224,2025-08-11 14:25:29
2129,RobotSimForPA/Global/R1_WeldingCurrent,0,0.0,,2228224,2025-08-11 14:25:30
2130,RobotSimForPA/Global/R1_WeldingCurrent,0,0.0,,2228224,2025-08-11 14:25:31
2131,RobotSimForPA/Global/R1_WeldingCurrent,0,0.0,,2228224,2025-08-11 14:25:32
2132,RobotSimForPA/Global/R1_WeldingCurrent,0,0.0,,2228224,2025-08-11 14:25:33
2133,RobotSimForPA/Global/R1_WeldingCurrent,0,0.0,,2228224,2025-08-11 14:25:34
2134,RobotSimForPA/Global/R1_WeldingCurrent,0,0.0,,2228224,2025-08-11 14:25:35
2135,RobotSimForPA/Global/R1_WeldingCurrent,0,0.0,,2228224,2025-08-11 14:25:36
2136,RobotSimForPA/Global/R1_WeldingCurrent,0,0.0,,2228224,2025-08-11 14:25:37
2137,RobotSimForPA/Global/R1_WeldingCurrent,0,0.0,,2228224,2025-08-11 14:25:38
2138,RobotSimForPA/Global/R1_WeldingCurrent,0,0.0,,2228224,2025-08-11 14:25:39
2139,RobotSimForPA/Global/R1_WeldingCurrent,0,0.0,,2228224,2025-08-11 14:25:40
2140,RobotSimForPA/Global/R1_WeldingCurrent,0,0.0,,2228224,2025-08-11 14:25:41
2141,RobotSimForPA/Global/R1_WeldingCurrent,0,0.0,,2228224,2025-08-11 14:25:42
2142,RobotSimForPA/Global/R1_WeldingCurrent,0,246.529,,2228224,2025-08-11 14:25:43
2143,RobotSimForPA/Global/R1_WeldingCurrent,0,251.561,,2228224,2025-08-11 14:25:44
2144,RobotSimForPA/Global/R1_WeldingCurrent,0,249.448,,2228224,2025-08-11 14:25:45
2145,RobotSimForPA/Global/R1_WeldingCurrent,0,247.576,,2228224,2025-08-11 14:25:46
2146,RobotSimForPA/Global/R1_WeldingCurrent,0,243.302,,2228224,2025-08-11 14:25:47
2147,RobotSimForPA/Global/R1_WeldingCurrent,0,247.233,,2228224,2025-08-11 14:25:48
2148,RobotSimForPA/Global/R1_WeldingCurrent,0,247.065,,2228224,2025-08-11 14:25:49
2149,RobotSimForPA/Global/R1_WeldingCurrent,0,240.11700000000002,,2228224,2025-08-11 14:25:50
2150,RobotSimForPA/Global/R1_WeldingCurrent,0,240.073,,2228224,2025-08-11 14:25:51
2151,RobotSimForPA/Global/R1_WeldingCurrent,0,238.74800000000002,,2228224,2025-08-11 14:25:52
2152,RobotSimForPA/Global/R1_WeldingCurrent,0,231.333,,2228224,2025-08-11 14:25:53
2153,RobotSimForPA/Global/R1_WeldingCurrent,0,224.48000000000002,,2228224,2025-08-11 14:25:54
2154,RobotSimForPA/Global/R1_WeldingCurrent,0,218.594,,2228224,2025-08-11 14:25:55
2155,RobotSimForPA/Global/R1_WeldingCurrent,0,217.416,,2228224,2025-08-11 14:25:56
2156,RobotSimForPA/Global/R1_WeldingCurrent,0,215.393,,2228224,2025-08-11 14:25:57
2157,RobotSimForPA/Global/R1_WeldingCurrent,0,210.565,,2228224,2025-08-11 14:25:58
2158,RobotSimForPA/Global/R1_WeldingCurrent,0,0.0,,2228224,2025-08-11 14:25:59
2159,RobotSimForPA/Global/R1_WeldingCurrent,0,0.0,,2228224,2025-08-11 14:26:00
2160,RobotSimForPA/Global/R1_WeldingCurrent,0,0.0,,2228224,2025-08-11 14:26:01
2161,RobotSimForPA/Global/R1_WeldingCurrent,0,0.0,,2228224,2025-08-11 14:26:02
2162,RobotSimForPA/Global/R1_WeldingCurrent,0,0.0,,2228224,2025-08-11 14:26:03
2163,RobotSimForPA/Global/R1_WeldingCurrent,0,0.0,,2228224,2025-08-11 14:26:04
2164,RobotSimForPA/Global/R1_WeldingCurrent,0,0.0,,2228224,2025-08-11 14:26:05
2165,RobotSimForPA/Global/R1_WeldingCurrent,0,0.0,,2228224,2025-08-11 14:26:06
2166,RobotSimForPA/Global/R1_WeldingCurrent,0,0.0,,2228224,2025-08-11 14:26:07
2167,RobotSimForPA/Global/R1_WeldingCurrent,0,0.0,,2228224,2025-08-11 14:26:08
2168,RobotSimForPA/Global/R1_WeldingCurrent,0,0.0,,2228224,2025-08-11 14:26:09
2169,RobotSimForPA/Global/R1_WeldingCurrent,0,0.0,,2228224,2025-08-11 14:26:10
2170,RobotSimForPA/Global/R1_WeldingCurrent,0,0.0,,2228224,2025-08-11 14:26:11
2171,RobotSimForPA/Global/R1_WeldingCurrent,0,0.0,,2228224,2025-08-11 14:26:12
2172,RobotSimForPA/Global/R1_WeldingCurrent,0,0.0,,2228224,2025-08-11 14:26:13
2173,RobotSimForPA/Global/R1_WeldingCurrent,0,0.0,,2228224,2025-08-11 14:26:14
2174,RobotSimForPA/Global/R1_WeldingCurrent,0,246.294,,2228224,2025-08-11 14:26:15
2175,RobotSimForPA/Global/R1_WeldingCurrent,0,245.924,,2228224,2025-08-11 14:26:16
2176,RobotSimForPA/Global/R1_WeldingCurrent,0,247.266,,2228224,2025-08-11 14:26:17
2177,RobotSimForPA/Global/R1_WeldingCurrent,0,243.586,,2228224,2025-08-11 14:26:18
2178,RobotSimForPA/Global/R1_WeldingCurrent,0,243.976,,2228224,2025-08-11 14:26:19
2179,RobotSimForPA/Global/R1_WeldingCurrent,0,239.453,,2228224,2025-08-11 14:26:20
2180,RobotSimForPA/Global/R1_WeldingCurrent,0,245.40200000000002,,2228224,2025-08-11 14:26:21
2181,RobotSimForPA/Global/R1_WeldingCurrent,0,234.665,,2228224,2025-08-11 14:26:22
2182,RobotSimForPA/Global/R1_WeldingCurrent,0,238.522,,2228224,2025-08-11 14:26:23
2183,RobotSimForPA/Global/R1_WeldingCurrent,0,230.609,,2228224,2025-08-11 14:26:24
2184,RobotSimForPA/Global/R1_WeldingCurrent,0,227.294,,2228224,2025-08-11 14:26:25
2185,RobotSimForPA/Global/R1_WeldingCurrent,0,222.20000000000002,,2228224,2025-08-11 14:26:26
2186,RobotSimForPA/Global/R1_WeldingCurrent,0,221.33100000000002,,2228224,2025-08-11 14:26:27
2187,RobotSimForPA/Global/R1_WeldingCurrent,0,214.802,,2228224,2025-08-11 14:26:28
2188,RobotSimForPA/Global/R1_WeldingCurrent,0,0.0,,2228224,2025-08-11 14:26:29
2189,RobotSimForPA/Global/R1_WeldingCurrent,0,0.0,,2228224,2025-08-11 14:26:30
2190,RobotSimForPA/Global/R1_WeldingCurrent,0,0.0,,2228224,2025-08-11 14:26:31
2191,RobotSimForPA/Global/R1_WeldingCurrent,0,0.0,,2228224,2025-08-11 14:26:32
2192,RobotSimForPA/Global/R1_WeldingCurrent,0,0.0,,2228224,2025-08-11 14:26:33
2193,RobotSimForPA/Global/R1_WeldingCurrent,0,0.0,,2228224,2025-08-11 14:26:34
2194,RobotSimForPA/Global/R1_WeldingCurrent,0,0.0,,2228224,2025-08-11 14:26:35
2195,RobotSimForPA/Global/R1_WeldingCurrent,0,0.0,,2228224,2025-08-11 14:26:36
2196,RobotSimForPA/Global/R1_WeldingCurrent,0,0.0,,2228224,2025-08-11 14:26:37
2197,RobotSimForPA/Global/R1_WeldingCurrent,0,0.0,,2228224,2025-08-11 14:26:38
2198,RobotSimForPA/Global/R1_WeldingCurrent,0,0.0,,2228224,2025-08-11 14:26:39
2199,RobotSimForPA/Global/R1_WeldingCurrent,0,0.0,,2228224,2025-08-11 14:26:40
2200,RobotSimForPA/Global/R1_WeldingCurrent,0,0.0,,2228224,2025-08-11 14:26:41
2201,RobotSimForPA/Global/R1_WeldingCurrent,0,0.0,,2228224,2025-08-11 14:26:42
2202,RobotSimForPA/Global/R1_WeldingCurrent,0,0.0,,2228224,2025-08-11 14:26:43
2203,RobotSimForPA/Global/R1_WeldingCurrent,0,0.0,,2228224,2025-08-11 14:26:44
2204,RobotSimForPA/Global/R1_WeldingCurrent,0,248.709,,2228224,2025-08-11 14:26:45
2205,RobotSimForPA/Global/R1_WeldingCurrent,0,250.651,,2228224,2025-08-11 14:26:46
2206,RobotSimForPA/Global/R1_WeldingCurrent,0,250.144,,2228224,2025-08-11 14:26:47
2207,RobotSimForPA/Global/R1_WeldingCurrent,0,250.726,,2228224,2025-08-11 14:26:48
2208,RobotSimForPA/Global/R1_WeldingCurrent,0,242.192,,2228224,2025-08-11 14:26:49
2209,RobotSimForPA/Global/R1_WeldingCurrent,0,247.622,,2228224,2025-08-11 14:26:50
2210,RobotSimForPA/Global/R1_WeldingCurrent,0,243.30700000000002,,2228224,2025-08-11 14:26:51
2211,RobotSimForPA/Global/R1_WeldingCurrent,0,244.53,,2228224,2025-08-11 14:26:52
2212,RobotSimForPA/Global/R1_WeldingCurrent,0,235.841,,2228224,2025-08-11 14:26:53
2213,RobotSimForPA/Global/R1_WeldingCurrent,0,232.034,,2228224,2025-08-11 14:26:54
2214,RobotSimForPA/Global/R1_WeldingCurrent,0,229.788,,2228224,2025-08-11 14:26:55
2215,RobotSimForPA/Global/R1_WeldingCurrent,0,228.971,,2228224,2025-08-11 14:26:56
2216,RobotSimForPA/Global/R1_WeldingCurrent,0,227.83700000000002,,2228224,2025-08-11 14:26:57
2217,RobotSimForPA/Global/R1_WeldingCurrent,0,214.227,,2228224,2025-08-11 14:26:58
2218,RobotSimForPA/Global/R1_WeldingCurrent,0,208.735,,2228224,2025-08-11 14:26:59
2219,RobotSimForPA/Global/R1_WeldingCurrent,0,213.27100000000002,,2228224,2025-08-11 14:27:00
2220,RobotSimForPA/Global/R1_WeldingCurrent,0,0.0,,2228224,2025-08-11 14:27:01
2221,RobotSimForPA/Global/R1_WeldingCurrent,0,0.0,,2228224,2025-08-11 14:27:02
2222,RobotSimForPA/Global/R1_WeldingCurrent,0,0.0,,2228224,2025-08-11 14:27:03
2223,RobotSimForPA/Global/R1_WeldingCurrent,0,0.0,,2228224,2025-08-11 14:27:04
2224,RobotSimForPA/Global/R1_WeldingCurrent,0,0.0,,2228224,2025-08-11 14:27:05
2225,RobotSimForPA/Global/R1_WeldingCurrent,0,0.0,,2228224,2025-08-11 14:27:06
2226,RobotSimForPA/Global/R1_WeldingCurrent,0,0.0,,2228224,2025-08-11 14:27:07
2227,RobotSimForPA/Global/R1_WeldingCurrent,0,0.0,,2228224,2025-08-11 14:27:08
2228,RobotSimForPA/Global/R1_WeldingCurrent,0,0.0,,2228224,2025-08-11 14:27:09
2229,RobotSimForPA/Global/R1_WeldingCurrent,0,0.0,,2228224,2025-08-11 14:27:10
2230,RobotSimForPA/Global/R1_WeldingCurrent,0,0.0,,2228224,2025-08-11 14:27:11
2231,RobotSimForPA/Global/R1_WeldingCurrent,0,0.0,,2228224,2025-08-11 14:27:12
2232,RobotSimForPA/Global/R1_WeldingCurrent,0,0.0,,2228224,2025-08-11 14:27:13
2233,RobotSimForPA/Global/R1_WeldingCurrent,0,0.0,,2228224,2025-08-11 14:27:14
2234,RobotSimForPA/Global/R1_WeldingCurrent,0,0.0,,2228224,2025-08-11 14:27:15
2235,RobotSimForPA/Global/R1_WeldingCurrent,0,0.0,,2228224,2025-08-11 14:27:16
2236,RobotSimForPA/Global/R1_WeldingCurrent,0,246.14600000000002,,2228224,2025-08-11 14:27:17
2237,RobotSimForPA/Global/R1_WeldingCurrent,0,245.139,,2228224,2025-08-11 14:27:18
2238,RobotSimForPA/Global/R1_WeldingCurrent,0,249.785,,2228224,2025-08-11 14:27:19
2239,RobotSimForPA/Global/R1_WeldingCurrent,0,250.668,,2228224,2025-08-11 14:27:20
2240,RobotSimForPA/Global/R1_WeldingCurrent,0,243.36100000000002,,2228224,2025-08-11 14:27:21
2241,RobotSimForPA/Global/R1_WeldingCurrent,0,242.399,,2228224,2025-08-11 14:27:22
2242,RobotSimForPA/Global/R1_WeldingCurrent,0,240.931,,2228224,2025-08-11 14:27:23
2243,RobotSimForPA/Global/R1_WeldingCurrent,0,242.011,,2228224,2025-08-11 14:27:24
2244,RobotSimForPA/Global/R1_WeldingCurrent,0,238.07500000000002,,2228224,2025-08-11 14:27:25
2245,RobotSimForPA/Global/R1_WeldingCurrent,0,241.766,,2228224,2025-08-11 14:27:26
2246,RobotSimForPA/Global/R1_WeldingCurrent,0,233.591,,2228224,2025-08-11 14:27:27
2247,RobotSimForPA/Global/R1_WeldingCurrent,0,226.407,,2228224,2025-08-11 14:27:28
2248,RobotSimForPA/Global/R1_WeldingCurrent,0,228.162,,2228224,2025-08-11 14:27:29
2249,RobotSimForPA/Global/R1_WeldingCurrent,0,225.53300000000002,,2228224,2025-08-11 14:27:30
2250,RobotSimForPA/Global/R1_WeldingCurrent,0,211.985,,2228224,2025-08-11 14:27:31
2251,RobotSimForPA/Global/R1_WeldingCurrent,0,214.498,,2228224,2025-08-11 14:27:32
2252,RobotSimForPA/Global/R1_WeldingCurrent,0,205.201,,2228224,2025-08-11 14:27:33
2253,RobotSimForPA/Global/R1_WeldingCurrent,0,0.0,,2228224,2025-08-11 14:27:34
2254,RobotSimForPA/Global/R1_WeldingCurrent,0,0.0,,2228224,2025-08-11 14:27:35
2255,RobotSimForPA/Global/R1_WeldingCurrent,0,0.0,,2228224,2025-08-11 14:27:36
2256,RobotSimForPA/Global/R1_WeldingCurrent,0,0.0,,2228224,2025-08-11 14:27:37
2257,RobotSimForPA/Global/R1_WeldingCurrent,0,0.0,,2228224,2025-08-11 14:27:38
2258,RobotSimForPA/Global/R1_WeldingCurrent,0,0.0,,2228224,2025-08-11 14:27:39
2259,RobotSimForPA/Global/R1_WeldingCurrent,0,0.0,,2228224,2025-08-11 14:27:40
2260,RobotSimForPA/Global/R1_WeldingCurrent,0,0.0,,2228224,2025-08-11 14:27:41
2261,RobotSimForPA/Global/R1_WeldingCurrent,0,0.0,,2228224,2025-08-11 14:27:42
2262,RobotSimForPA/Global/R1_WeldingCurrent,0,0.0,,2228224,2025-08-11 14:27:43
2263,RobotSimForPA/Global/R1_WeldingCurrent,0,0.0,,2228224,2025-08-11 14:27:44
2264,RobotSimForPA/Global/R1_WeldingCurrent,0,0.0,,2228224,2025-08-11 14:27:45
2265,RobotSimForPA/Global/R1_WeldingCurrent,0,0.0,,2228224,2025-08-11 14:27:46
2266,RobotSimForPA/Global/R1_WeldingCurrent,0,0.0,,2228224,2025-08-11 14:27:47
2267,RobotSimForPA/Global/R1_WeldingCurrent,0,0.0,,2228224,2025-08-11 14:27:48
2268,RobotSimForPA/Global/R1_WeldingCurrent,0,0.0,,2228224,2025-08-11 14:27:49
2269,RobotSimForPA/Global/R1_WeldingCurrent,0,247.406,,2228224,2025-08-11 14:27:50
2270,RobotSimForPA/Global/R1_WeldingCurrent,0,251.573,,2228224,2025-08-11 14:27:51
2271,RobotSimForPA/Global/R1_WeldingCurrent,0,250.07,,2228224,2025-08-11 14:27:52
2272,RobotSimForPA/Global/R1_WeldingCurrent,0,251.773,,2228224,2025-08-11 14:27:53
2273,RobotSimForPA/Global/R1_WeldingCurrent,0,249.868,,2228224,2025-08-11 14:27:54
2274,RobotSimForPA/Global/R1_WeldingCurrent,0,243.493,,2228224,2025-08-11 14:27:55
2275,RobotSimForPA/Global/R1_WeldingCurrent,0,244.12300000000002,,2228224,2025-08-11 14:27:56
2276,RobotSimForPA/Global/R1_WeldingCurrent,0,235.429,,2228224,2025-08-11 14:27:57
2277,RobotSimForPA/Global/R1_WeldingCurrent,0,234.004,,2228224,2025-08-11 14:27:58
2278,RobotSimForPA/Global/R1_WeldingCurrent,0,230.241,,2228224,2025-08-11 14:27:59
2279,RobotSimForPA/Global/R1_WeldingCurrent,0,228.235,,2228224,2025-08-11 14:28:00
2280,RobotSimForPA/Global/R1_WeldingCurrent,0,219.597,,2228224,2025-08-11 14:28:01
2281,RobotSimForPA/Global/R1_WeldingCurrent,0,218.455,,2228224,2025-08-11 14:28:02
2282,RobotSimForPA/Global/R1_WeldingCurrent,0,209.829,,2228224,2025-08-11 14:28:03
2283,RobotSimForPA/Global/R1_WeldingCurrent,0,213.02,,2228224,2025-08-11 14:28:04
2284,RobotSimForPA/Global/R1_WeldingCurrent,0,0.0,,2228224,2025-08-11 14:28:05
2285,RobotSimForPA/Global/R1_WeldingCurrent,0,0.0,,2228224,2025-08-11 14:28:06
2286,RobotSimForPA/Global/R1_WeldingCurrent,0,0.0,,2228224,2025-08-11 14:28:07
2287,RobotSimForPA/Global/R1_WeldingCurrent,0,0.0,,2228224,2025-08-11 14:28:08
2288,RobotSimForPA/Global/R1_WeldingCurrent,0,0.0,,2228224,2025-08-11 14:28:09
2289,RobotSimForPA/Global/R1_WeldingCurrent,0,0.0,,2228224,2025-08-11 14:28:10
2290,RobotSimForPA/Global/R1_WeldingCurrent,0,0.0,,2228224,2025-08-11 14:28:11
2291,RobotSimForPA/Global/R1_WeldingCurrent,0,0.0,,2228224,2025-08-11 14:28:12
2292,RobotSimForPA/Global/R1_WeldingCurrent,0,0.0,,2228224,2025-08-11 14:28:13
2293,RobotSimForPA/Global/R1_WeldingCurrent,0,0.0,,2228224,2025-08-11 14:28:14
2294,RobotSimForPA/Global/R1_WeldingCurrent,0,0.0,,2228224,2025-08-11 14:28:15
2295,RobotSimForPA/Global/R1_WeldingCurrent,0,0.0,,2228224,2025-08-11 14:28:16
2296,RobotSimForPA/Global/R1_WeldingCurrent,0,0.0,,2228224,2025-08-11 14:28:17
2297,RobotSimForPA/Global/R1_WeldingCurrent,0,0.0,,2228224,2025-08-11 14:28:18
2298,RobotSimForPA/Global/R1_WeldingCurrent,0,0.0,,2228224,2025-08-11 14:28:19
2299,RobotSimForPA/Global/R1_WeldingCurrent,0,0.0,,2228224,2025-08-11 14:28:20
2300,RobotSimForPA/Global/R1_WeldingCurrent,0,247.572,,2228224,2025-08-11 14:28:21
2301,RobotSimForPA/Global/R1_WeldingCurrent,0,243.36700000000002,,2228224,2025-08-11 14:28:22
2302,RobotSimForPA/Global/R1_WeldingCurrent,0,252.155,,2228224,2025-08-11 14:28:23
2303,RobotSimForPA/Global/R1_WeldingCurrent,0,248.722,,2228224,2025-08-11 14:28:24
2304,RobotSimForPA/Global/R1_WeldingCurrent,0,244.977,,2228224,2025-08-11 14:28:25
2305,RobotSimForPA/Global/R1_WeldingCurrent,0,240.64000000000001,,2228224,2025-08-11 14:28:26
2306,RobotSimForPA/Global/R1_WeldingCurrent,0,245.50300000000001,,2228224,2025-08-11 14:28:27
2307,RobotSimForPA/Global/R1_WeldingCurrent,0,239.499,,2228224,2025-08-11 14:28:28
2308,RobotSimForPA/Global/R1_WeldingCurrent,0,233.352,,2228224,2025-08-11 14:28:29
2309,RobotSimForPA/Global/R1_WeldingCurrent,0,233.261,,2228224,2025-08-11 14:28:30
2310,RobotSimForPA/Global/R1_WeldingCurrent,0,225.939,,2228224,2025-08-11 14:28:31
2311,RobotSimForPA/Global/R1_WeldingCurrent,0,227.234,,2228224,2025-08-11 14:28:32
2312,RobotSimForPA/Global/R1_WeldingCurrent,0,219.989,,2228224,2025-08-11 14:28:33
2313,RobotSimForPA/Global/R1_WeldingCurrent,0,219.202,,2228224,2025-08-11 14:28:34
2314,RobotSimForPA/Global/R1_WeldingCurrent,0,212.683,,2228224,2025-08-11 14:28:35
2315,RobotSimForPA/Global/R1_WeldingCurrent,0,0.0,,2228224,2025-08-11 14:28:36
2316,RobotSimForPA/Global/R1_WeldingCurrent,0,0.0,,2228224,2025-08-11 14:28:37
2317,RobotSimForPA/Global/R1_WeldingCurrent,0,0.0,,2228224,2025-08-11 14:28:38
2318,RobotSimForPA/Global/R1_WeldingCurrent,0,0.0,,2228224,2025-08-11 14:28:39
2319,RobotSimForPA/Global/R1_WeldingCurrent,0,0.0,,2228224,2025-08-11 14:28:40
2320,RobotSimForPA/Global/R1_WeldingCurrent,0,0.0,,2228224,2025-08-11 14:28:41
2321,RobotSimForPA/Global/R1_WeldingCurrent,0,0.0,,2228224,2025-08-11 14:28:42
2322,RobotSimForPA/Global/R1_WeldingCurrent,0,0.0,,2228224,2025-08-11 14:28:43
2323,RobotSimForPA/Global/R1_WeldingCurrent,0,0.0,,2228224,2025-08-11 14:28:44
2324,RobotSimForPA/Global/R1_WeldingCurrent,0,0.0,,2228224,2025-08-11 14:28:45
2325,RobotSimForPA/Global/R1_WeldingCurrent,0,0.0,,2228224,2025-08-11 14:28:46
2326,RobotSimForPA/Global/R1_WeldingCurrent,0,0.0,,2228224,2025-08-11 14:28:47
2327,RobotSimForPA/Global/R1_WeldingCurrent,0,0.0,,2228224,2025-08-11 14:28:48
2328,RobotSimForPA/Global/R1_WeldingCurrent,0,0.0,,2228224,2025-08-11 14:28:49
2329,RobotSimForPA/Global/R1_WeldingCurrent,0,0.0,,2228224,2025-08-11 14:28:50
2330,RobotSimForPA/Global/R1_WeldingCurrent,0,0.0,,2228224,2025-08-11 14:28:51
2331,RobotSimForPA/Global/R1_WeldingCurrent,0,241.407,,2228224,2025-08-11 14:28:52
2332,RobotSimForPA/Global/R1_WeldingCurrent,0,250.05700000000002,,2228224,2025-08-11 14:28:53
2333,RobotSimForPA/Global/R1_WeldingCurrent,0,243.34900000000002,,2228224,2025-08-11 14:28:54
2334,RobotSimForPA/Global/R1_WeldingCurrent,0,251.329,,2228224,2025-08-11 14:28:55
2335,RobotSimForPA/Global/R1_WeldingCurrent,0,249.722,,2228224,2025-08-11 14:28:56
2336,RobotSimForPA/Global/R1_WeldingCurrent,0,250.681,,2228224,2025-08-11 14:28:57
2337,RobotSimForPA/Global/R1_WeldingCurrent,0,240.031,,2228224,2025-08-11 14:28:58
2338,RobotSimForPA/Global/R1_WeldingCurrent,0,245.518,,2228224,2025-08-11 14:28:59
2339,RobotSimForPA/Global/R1_WeldingCurrent,0,242.147,,2228224,2025-08-11 14:29:00
2340,RobotSimForPA/Global/R1_WeldingCurrent,0,236.592,,2228224,2025-08-11 14:29:01
2341,RobotSimForPA/Global/R1_WeldingCurrent,0,232.859,,2228224,2025-08-11 14:29:02
2342,RobotSimForPA/Global/R1_WeldingCurrent,0,226.197,,2228224,2025-08-11 14:29:03
2343,RobotSimForPA/Global/R1_WeldingCurrent,0,219.08,,2228224,2025-08-11 14:29:04
2344,RobotSimForPA/Global/R1_WeldingCurrent,0,214.286,,2228224,2025-08-11 14:29:05
2345,RobotSimForPA/Global/R1_WeldingCurrent,0,211.037,,2228224,2025-08-11 14:29:06
2346,RobotSimForPA/Global/R1_WeldingCurrent,0,205.722,,2228224,2025-08-11 14:29:07
2347,RobotSimForPA/Global/R1_WeldingCurrent,0,0.0,,2228224,2025-08-11 14:29:08
2348,RobotSimForPA/Global/R1_WeldingCurrent,0,0.0,,2228224,2025-08-11 14:29:09
2349,RobotSimForPA/Global/R1_WeldingCurrent,0,0.0,,2228224,2025-08-11 14:29:10
2350,RobotSimForPA/Global/R1_WeldingCurrent,0,0.0,,2228224,2025-08-11 14:29:11
2351,RobotSimForPA/Global/R1_WeldingCurrent,0,0.0,,2228224,2025-08-11 14:29:12
2352,RobotSimForPA/Global/R1_WeldingCurrent,0,0.0,,2228224,2025-08-11 14:29:13
2353,RobotSimForPA/Global/R1_WeldingCurrent,0,0.0,,2228224,2025-08-11 14:29:14
2354,RobotSimForPA/Global/R1_WeldingCurrent,0,0.0,,2228224,2025-08-11 14:29:15
2355,RobotSimForPA/Global/R1_WeldingCurrent,0,0.0,,2228224,2025-08-11 14:29:16
2356,RobotSimForPA/Global/R1_WeldingCurrent,0,0.0,,2228224,2025-08-11 14:29:17
2357,RobotSimForPA/Global/R1_WeldingCurrent,0,0.0,,2228224,2025-08-11 14:29:18
2358,RobotSimForPA/Global/R1_WeldingCurrent,0,0.0,,2228224,2025-08-11 14:29:19
2359,RobotSimForPA/Global/R1_WeldingCurrent,0,0.0,,2228224,2025-08-11 14:29:20
2360,RobotSimForPA/Global/R1_WeldingCurrent,0,0.0,,2228224,2025-08-11 14:29:21
2361,RobotSimForPA/Global/R1_WeldingCurrent,0,0.0,,2228224,2025-08-11 14:29:22
2362,RobotSimForPA/Global/R1_WeldingCurrent,0,0.0,,2228224,2025-08-11 14:29:23
2363,RobotSimForPA/Global/R1_WeldingCurrent,0,247.13,,2228224,2025-08-11 14:29:24
2364,RobotSimForPA/Global/R1_WeldingCurrent,0,250.603,,2228224,2025-08-11 14:29:25
2365,RobotSimForPA/Global/R1_WeldingCurrent,0,248.541,,2228224,2025-08-11 14:29:26
2366,RobotSimForPA/Global/R1_WeldingCurrent,0,246.238,,2228224,2025-08-11 14:29:27
2367,RobotSimForPA/Global/R1_WeldingCurrent,0,249.863,,2228224,2025-08-11 14:29:28
2368,RobotSimForPA/Global/R1_WeldingCurrent,0,243.333,,2228224,2025-08-11 14:29:29
2369,RobotSimForPA/Global/R1_WeldingCurrent,0,250.45000000000002,,2228224,2025-08-11 14:29:30
2370,RobotSimForPA/Global/R1_WeldingCurrent,0,243.477,,2228224,2025-08-11 14:29:31
2371,RobotSimForPA/Global/R1_WeldingCurrent,0,234.155,,2228224,2025-08-11 14:29:32
2372,RobotSimForPA/Global/R1_WeldingCurrent,0,235.647,,2228224,2025-08-11 14:29:33
2373,RobotSimForPA/Global/R1_WeldingCurrent,0,224.43,,2228224,2025-08-11 14:29:34
2374,RobotSimForPA/Global/R1_WeldingCurrent,0,220.413,,2228224,2025-08-11 14:29:35
2375,RobotSimForPA/Global/R1_WeldingCurrent,0,216.244,,2228224,2025-08-11 14:29:36
2376,RobotSimForPA/Global/R1_WeldingCurrent,0,209.959,,2228224,2025-08-11 14:29:37
2377,RobotSimForPA/Global/R1_WeldingCurrent,0,206.258,,2228224,2025-08-11 14:29:38
2378,RobotSimForPA/Global/R1_WeldingCurrent,0,0.0,,2228224,2025-08-11 14:29:39
2379,RobotSimForPA/Global/R1_WeldingCurrent,0,0.0,,2228224,2025-08-11 14:29:40
2380,RobotSimForPA/Global/R1_WeldingCurrent,0,0.0,,2228224,2025-08-11 14:29:41
2381,RobotSimForPA/Global/R1_WeldingCurrent,0,0.0,,2228224,2025-08-11 14:29:42
2382,RobotSimForPA/Global/R1_WeldingCurrent,0,0.0,,2228224,2025-08-11 14:29:43
2383,RobotSimForPA/Global/R1_WeldingCurrent,0,0.0,,2228224,2025-08-11 14:29:44
2384,RobotSimForPA/Global/R1_WeldingCurrent,0,0.0,,2228224,2025-08-11 14:29:45
2385,RobotSimForPA/Global/R1_WeldingCurrent,0,0.0,,2228224,2025-08-11 14:29:46
2386,RobotSimForPA/Global/R1_WeldingCurrent,0,0.0,,2228224,2025-08-11 14:29:47
2387,RobotSimForPA/Global/R1_WeldingCurrent,0,0.0,,2228224,2025-08-11 14:29:48
2388,RobotSimForPA/Global/R1_WeldingCurrent,0,0.0,,2228224,2025-08-11 14:29:49
2389,RobotSimForPA/Global/R1_WeldingCurrent,0,0.0,,2228224,2025-08-11 14:29:50
2390,RobotSimForPA/Global/R1_WeldingCurrent,0,0.0,,2228224,2025-08-11 14:29:51
2391,RobotSimForPA/Global/R1_WeldingCurrent,0,0.0,,2228224,2025-08-11 14:29:52
2392,RobotSimForPA/Global/R1_WeldingCurrent,0,0.0,,2228224,2025-08-11 14:29:53
2393,RobotSimForPA/Global/R1_WeldingCurrent,0,0.0,,2228224,2025-08-11 14:29:54
2394,RobotSimForPA/Global/R1_WeldingCurrent,0,247.352,,2228224,2025-08-11 14:29:55
2395,RobotSimForPA/Global/R1_WeldingCurrent,0,246.025,,2228224,2025-08-11 14:29:56
2396,RobotSimForPA/Global/R1_WeldingCurrent,0,243.404,,2228224,2025-08-11 14:29:57
2397,RobotSimForPA/Global/R1_WeldingCurrent,0,245.133,,2228224,2025-08-11 14:29:58
2398,RobotSimForPA/Global/R1_WeldingCurrent,0,250.345,,2228224,2025-08-11 14:29:59
2399,RobotSimForPA/Global/R1_WeldingCurrent,0,249.972,,2228224,2025-08-11 14:30:00
2400,RobotSimForPA/Global/R1_WeldingCurrent,0,241.643,,2228224,2025-08-11 14:30:01
2401,RobotSimForPA/Global/R1_WeldingCurrent,0,239.491,,2228224,2025-08-11 14:30:02
2402,RobotSimForPA/Global/R1_WeldingCurrent,0,234.847,,2228224,2025-08-11 14:30:03
2403,RobotSimForPA/Global/R1_WeldingCurrent,0,236.388,,2228224,2025-08-11 14:30:04
2404,RobotSimForPA/Global/R1_WeldingCurrent,0,228.814,,2228224,2025-08-11 14:30:05
2405,RobotSimForPA/Global/R1_WeldingCurrent,0,231.46200000000002,,2228224,2025-08-11 14:30:06
2406,RobotSimForPA/Global/R1_WeldingCurrent,0,226.542,,2228224,2025-08-11 14:30:07
2407,RobotSimForPA/Global/R1_WeldingCurrent,0,215.227,,2228224,2025-08-11 14:30:08
2408,RobotSimForPA/Global/R1_WeldingCurrent,0,215.329,,2228224,2025-08-11 14:30:09
2409,RobotSimForPA/Global/R1_WeldingCurrent,0,214.255,,2228224,2025-08-11 14:30:10
2410,RobotSimForPA/Global/R1_WeldingCurrent,0,202.888,,2228224,2025-08-11 14:30:11
2411,RobotSimForPA/Global/R1_WeldingCurrent,0,0.0,,2228224,2025-08-11 14:30:12
2412,RobotSimForPA/Global/R1_WeldingCurrent,0,0.0,,2228224,2025-08-11 14:30:13
2413,RobotSimForPA/Global/R1_WeldingCurrent,0,0.0,,2228224,2025-08-11 14:30:14
2414,RobotSimForPA/Global/R1_WeldingCurrent,0,0.0,,2228224,2025-08-11 14:30:15
2415,RobotSimForPA/Global/R1_WeldingCurrent,0,0.0,,2228224,2025-08-11 14:30:16
2416,RobotSimForPA/Global/R1_WeldingCurrent,0,0.0,,2228224,2025-08-11 14:30:17
2417,RobotSimForPA/Global/R1_WeldingCurrent,0,0.0,,2228224,2025-08-11 14:30:18
2418,RobotSimForPA/Global/R1_WeldingCurrent,0,0.0,,2228224,2025-08-11 14:30:19
2419,RobotSimForPA/Global/R1_WeldingCurrent,0,0.0,,2228224,2025-08-11 14:30:20
2420,RobotSimForPA/Global/R1_WeldingCurrent,0,0.0,,2228224,2025-08-11 14:30:21
2421,RobotSimForPA/Global/R1_WeldingCurrent,0,0.0,,2228224,2025-08-11 14:30:22
2422,RobotSimForPA/Global/R1_WeldingCurrent,0,0.0,,2228224,2025-08-11 14:30:23
2423,RobotSimForPA/Global/R1_WeldingCurrent,0,0.0,,2228224,2025-08-11 14:30:24
2424,RobotSimForPA/Global/R1_WeldingCurrent,0,0.0,,2228224,2025-08-11 14:30:25
2425,RobotSimForPA/Global/R1_WeldingCurrent,0,0.0,,2228224,2025-08-11 14:30:26
2426,RobotSimForPA/Global/R1_WeldingCurrent,0,245.589,,2228224,2025-08-11 14:30:27
2427,RobotSimForPA/Global/R1_WeldingCurrent,0,247.00400000000002,,2228224,2025-08-11 14:30:28
2428,RobotSimForPA/Global/R1_WeldingCurrent,0,246.413,,2228224,2025-08-11 14:30:29
2429,RobotSimForPA/Global/R1_WeldingCurrent,0,244.84,,2228224,2025-08-11 14:30:30
2430,RobotSimForPA/Global/R1_WeldingCurrent,0,244.25400000000002,,2228224,2025-08-11 14:30:31
2431,RobotSimForPA/Global/R1_WeldingCurrent,0,246.52700000000002,,2228224,2025-08-11 14:30:32
2432,RobotSimForPA/Global/R1_WeldingCurrent,0,241.517,,2228224,2025-08-11 14:30:33
2433,RobotSimForPA/Global/R1_WeldingCurrent,0,246.559,,2228224,2025-08-11 14:30:34
2434,RobotSimForPA/Global/R1_WeldingCurrent,0,239.067,,2228224,2025-08-11 14:30:35
2435,RobotSimForPA/Global/R1_WeldingCurrent,0,234.082,,2228224,2025-08-11 14:30:36
2436,RobotSimForPA/Global/R1_WeldingCurrent,0,229.232,,2228224,2025-08-11 14:30:37
2437,RobotSimForPA/Global/R1_WeldingCurrent,0,223.022,,2228224,2025-08-11 14:30:38
2438,RobotSimForPA/Global/R1_WeldingCurrent,0,221.31300000000002,,2228224,2025-08-11 14:30:39
2439,RobotSimForPA/Global/R1_WeldingCurrent,0,220.47,,2228224,2025-08-11 14:30:40
2440,RobotSimForPA/Global/R1_WeldingCurrent,0,217.43200000000002,,2228224,2025-08-11 14:30:41
2441,RobotSimForPA/Global/R1_WeldingCurrent,0,203.336,,2228224,2025-08-11 14:30:42
2442,RobotSimForPA/Global/R1_WeldingCurrent,0,0.0,,2228224,2025-08-11 14:30:43
2443,RobotSimForPA/Global/R1_WeldingCurrent,0,0.0,,2228224,2025-08-11 14:30:44
2444,RobotSimForPA/Global/R1_WeldingCurrent,0,0.0,,2228224,2025-08-11 14:30:45
2445,RobotSimForPA/Global/R1_WeldingCurrent,0,0.0,,2228224,2025-08-11 14:30:46
2446,RobotSimForPA/Global/R1_WeldingCurrent,0,0.0,,2228224,2025-08-11 14:30:47
2447,RobotSimForPA/Global/R1_WeldingCurrent,0,0.0,,2228224,2025-08-11 14:30:48
2448,RobotSimForPA/Global/R1_WeldingCurrent,0,0.0,,2228224,2025-08-11 14:30:49
2449,RobotSimForPA/Global/R1_WeldingCurrent,0,0.0,,2228224,2025-08-11 14:30:50
2450,RobotSimForPA/Global/R1_WeldingCurrent,0,0.0,,2228224,2025-08-11 14:30:51
2451,RobotSimForPA/Global/R1_WeldingCurrent,0,0.0,,2228224,2025-08-11 14:30:52
2452,RobotSimForPA/Global/R1_WeldingCurrent,0,0.0,,2228224,2025-08-11 14:30:53
2453,RobotSimForPA/Global/R1_WeldingCurrent,0,0.0,,2228224,2025-08-11 14:30:54
2454,RobotSimForPA/Global/R1_WeldingCurrent,0,0.0,,2228224,2025-08-11 14:30:55
2455,RobotSimForPA/Global/R1_WeldingCurrent,0,0.0,,2228224,2025-08-11 14:30:56
2456,RobotSimForPA/Global/R1_WeldingCurrent,0,0.0,,2228224,2025-08-11 14:30:57
2457,RobotSimForPA/Global/R1_WeldingCurrent,0,0.0,,2228224,2025-08-11 14:30:58
2458,RobotSimForPA/Global/R1_WeldingCurrent,0,242.512,,2228224,2025-08-11 14:30:59
2459,RobotSimForPA/Global/R1_WeldingCurrent,0,249.299,,2228224,2025-08-11 14:31:00
2460,RobotSimForPA/Global/R1_WeldingCurrent,0,249.667,,2228224,2025-08-11 14:31:01
2461,RobotSimForPA/Global/R1_WeldingCurrent,0,242.49800000000002,,2228224,2025-08-11 14:31:02
2462,RobotSimForPA/Global/R1_WeldingCurrent,0,249.564,,2228224,2025-08-11 14:31:03
2463,RobotSimForPA/Global/R1_WeldingCurrent,0,242.101,,2228224,2025-08-11 14:31:04
2464,RobotSimForPA/Global/R1_WeldingCurrent,0,240.61,,2228224,2025-08-11 14:31:05
2465,RobotSimForPA/Global/R1_WeldingCurrent,0,237.18200000000002,,2228224,2025-08-11 14:31:06
2466,RobotSimForPA/Global/R1_WeldingCurrent,0,240.102,,2228224,2025-08-11 14:31:07
2467,RobotSimForPA/Global/R1_WeldingCurrent,0,229.71200000000002,,2228224,2025-08-11 14:31:08
2468,RobotSimForPA/Global/R1_WeldingCurrent,0,224.44400000000002,,2228224,2025-08-11 14:31:09
2469,RobotSimForPA/Global/R1_WeldingCurrent,0,219.304,,2228224,2025-08-11 14:31:10
2470,RobotSimForPA/Global/R1_WeldingCurrent,0,219.115,,2228224,2025-08-11 14:31:11
2471,RobotSimForPA/Global/R1_WeldingCurrent,0,212.544,,2228224,2025-08-11 14:31:12
2472,RobotSimForPA/Global/R1_WeldingCurrent,0,203.06,,2228224,2025-08-11 14:31:13
2473,RobotSimForPA/Global/R1_WeldingCurrent,0,0.0,,2228224,2025-08-11 14:31:14
2474,RobotSimForPA/Global/R1_WeldingCurrent,0,0.0,,2228224,2025-08-11 14:31:15
2475,RobotSimForPA/Global/R1_WeldingCurrent,0,0.0,,2228224,2025-08-11 14:31:16
2476,RobotSimForPA/Global/R1_WeldingCurrent,0,0.0,,2228224,2025-08-11 14:31:17
2477,RobotSimForPA/Global/R1_WeldingCurrent,0,0.0,,2228224,2025-08-11 14:31:18
2478,RobotSimForPA/Global/R1_WeldingCurrent,0,0.0,,2228224,2025-08-11 14:31:19
2479,RobotSimForPA/Global/R1_WeldingCurrent,0,0.0,,2228224,2025-08-11 14:31:20
2480,RobotSimForPA/Global/R1_WeldingCurrent,0,0.0,,2228224,2025-08-11 14:31:21
2481,RobotSimForPA/Global/R1_WeldingCurrent,0,0.0,,2228224,2025-08-11 14:31:22
2482,RobotSimForPA/Global/R1_WeldingCurrent,0,0.0,,2228224,2025-08-11 14:31:23
2483,RobotSimForPA/Global/R1_WeldingCurrent,0,0.0,,2228224,2025-08-11 14:31:24
2484,RobotSimForPA/Global/R1_WeldingCurrent,0,0.0,,2228224,2025-08-11 14:31:25
2485,RobotSimForPA/Global/R1_WeldingCurrent,0,0.0,,2228224,2025-08-11 14:31:26
2486,RobotSimForPA/Global/R1_WeldingCurrent,0,0.0,,2228224,2025-08-11 14:31:27
2487,RobotSimForPA/Global/R1_WeldingCurrent,0,0.0,,2228224,2025-08-11 14:31:28
2488,RobotSimForPA/Global/R1_WeldingCurrent,0,0.0,,2228224,2025-08-11 14:31:29
2489,RobotSimForPA/Global/R1_WeldingCurrent,0,250.522,,2228224,2025-08-11 14:31:30
2490,RobotSimForPA/Global/R1_WeldingCurrent,0,248.41,,2228224,2025-08-11 14:31:31
2491,RobotSimForPA/Global/R1_WeldingCurrent,0,252.132,,2228224,2025-08-11 14:31:32
2492,RobotSimForPA/Global/R1_WeldingCurrent,0,248.741,,2228224,2025-08-11 14:31:33
2493,RobotSimForPA/Global/R1_WeldingCurrent,0,245.744,,2228224,2025-08-11 14:31:34
2494,RobotSimForPA/Global/R1_WeldingCurrent,0,246.073,,2228224,2025-08-11 14:31:35
2495,RobotSimForPA/Global/R1_WeldingCurrent,0,245.792,,2228224,2025-08-11 14:31:36
2496,RobotSimForPA/Global/R1_WeldingCurrent,0,245.366,,2228224,2025-08-11 14:31:37
2497,RobotSimForPA/Global/R1_WeldingCurrent,0,239.788,,2228224,2025-08-11 14:31:38
2498,RobotSimForPA/Global/R1_WeldingCurrent,0,232.153,,2228224,2025-08-11 14:31:39
2499,RobotSimForPA/Global/R1_WeldingCurrent,0,236.81,,2228224,2025-08-11 14:31:40
2500,RobotSimForPA/Global/R1_WeldingCurrent,0,222.732,,2228224,2025-08-11 14:31:41
2501,RobotSimForPA/Global/R1_WeldingCurrent,0,225.63400000000001,,2228224,2025-08-11 14:31:42
2502,RobotSimForPA/Global/R1_WeldingCurrent,0,217.505,,2228224,2025-08-11 14:31:43
2503,RobotSimForPA/Global/R1_WeldingCurrent,0,213.484,,2228224,2025-08-11 14:31:44
2504,RobotSimForPA/Global/R1_WeldingCurrent,0,206.82,,2228224,2025-08-11 14:31:45
2505,RobotSimForPA/Global/R1_WeldingCurrent,0,0.0,,2228224,2025-08-11 14:31:46
2506,RobotSimForPA/Global/R1_WeldingCurrent,0,0.0,,2228224,2025-08-11 14:31:47
2507,RobotSimForPA/Global/R1_WeldingCurrent,0,0.0,,2228224,2025-08-11 14:31:48
2508,RobotSimForPA/Global/R1_WeldingCurrent,0,0.0,,2228224,2025-08-11 14:31:49
2509,RobotSimForPA/Global/R1_WeldingCurrent,0,0.0,,2228224,2025-08-11 14:31:50
2510,RobotSimForPA/Global/R1_WeldingCurrent,0,0.0,,2228224,2025-08-11 14:31:51
2511,RobotSimForPA/Global/R1_WeldingCurrent,0,0.0,,2228224,2025-08-11 14:31:52
2512,RobotSimForPA/Global/R1_WeldingCurrent,0,0.0,,2228224,2025-08-11 14:31:53
2513,RobotSimForPA/Global/R1_WeldingCurrent,0,0.0,,2228224,2025-08-11 14:31:54
2514,RobotSimForPA/Global/R1_WeldingCurrent,0,0.0,,2228224,2025-08-11 14:31:55
2515,RobotSimForPA/Global/R1_WeldingCurrent,0,0.0,,2228224,2025-08-11 14:31:56
2516,RobotSimForPA/Global/R1_WeldingCurrent,0,0.0,,2228224,2025-08-11 14:31:57
2517,RobotSimForPA/Global/R1_WeldingCurrent,0,0.0,,2228224,2025-08-11 14:31:58
2518,RobotSimForPA/Global/R1_WeldingCurrent,0,0.0,,2228224,2025-08-11 14:31:59
2519,RobotSimForPA/Global/R1_WeldingCurrent,0,0.0,,2228224,2025-08-11 14:32:00
2520,RobotSimForPA/Global/R1_WeldingCurrent,0,0.0,,2228224,2025-08-11 14:32:01
2521,RobotSimForPA/Global/R1_WeldingCurrent,0,241.141,,2228224,2025-08-11 14:32:02
2522,RobotSimForPA/Global/R1_WeldingCurrent,0,242.47,,2228224,2025-08-11 14:32:03
2523,RobotSimForPA/Global/R1_WeldingCurrent,0,249.81300000000002,,2228224,2025-08-11 14:32:04
2524,RobotSimForPA/Global/R1_WeldingCurrent,0,249.802,,2228224,2025-08-11 14:32:05
2525,RobotSimForPA/Global/R1_WeldingCurrent,0,246.14000000000001,,2228224,2025-08-11 14:32:06
2526,RobotSimForPA/Global/R1_WeldingCurrent,0,241.77100000000002,,2228224,2025-08-11 14:32:07
2527,RobotSimForPA/Global/R1_WeldingCurrent,0,242.463,,2228224,2025-08-11 14:32:08
2528,RobotSimForPA/Global/R1_WeldingCurrent,0,246.707,,2228224,2025-08-11 14:32:09
2529,RobotSimForPA/Global/R1_WeldingCurrent,0,243.32,,2228224,2025-08-11 14:32:10
2530,RobotSimForPA/Global/R1_WeldingCurrent,0,230.9,,2228224,2025-08-11 14:32:11
2531,RobotSimForPA/Global/R1_WeldingCurrent,0,231.475,,2228224,2025-08-11 14:32:12
2532,RobotSimForPA/Global/R1_WeldingCurrent,0,231.169,,2228224,2025-08-11 14:32:13
2533,RobotSimForPA/Global/R1_WeldingCurrent,0,222.577,,2228224,2025-08-11 14:32:14
2534,RobotSimForPA/Global/R1_WeldingCurrent,0,216.186,,2228224,2025-08-11 14:32:15
2535,RobotSimForPA/Global/R1_WeldingCurrent,0,212.633,,2228224,2025-08-11 14:32:16
2536,RobotSimForPA/Global/R1_WeldingCurrent,0,207.70000000000002,,2228224,2025-08-11 14:32:17
2537,RobotSimForPA/Global/R1_WeldingCurrent,0,209.25300000000001,,2228224,2025-08-11 14:32:18
2538,RobotSimForPA/Global/R1_WeldingCurrent,0,0.0,,2228224,2025-08-11 14:32:19
2539,RobotSimForPA/Global/R1_WeldingCurrent,0,0.0,,2228224,2025-08-11 14:32:20
2540,RobotSimForPA/Global/R1_WeldingCurrent,0,0.0,,2228224,2025-08-11 14:32:21
2541,RobotSimForPA/Global/R1_WeldingCurrent,0,0.0,,2228224,2025-08-11 14:32:22
2542,RobotSimForPA/Global/R1_WeldingCurrent,0,0.0,,2228224,2025-08-11 14:32:23
2543,RobotSimForPA/Global/R1_WeldingCurrent,0,0.0,,2228224,2025-08-11 14:32:24
2544,RobotSimForPA/Global/R1_WeldingCurrent,0,0.0,,2228224,2025-08-11 14:32:25
2545,RobotSimForPA/Global/R1_WeldingCurrent,0,0.0,,2228224,2025-08-11 14:32:26
2546,RobotSimForPA/Global/R1_WeldingCurrent,0,0.0,,2228224,2025-08-11 14:32:27
2547,RobotSimForPA/Global/R1_WeldingCurrent,0,0.0,,2228224,2025-08-11 14:32:28
2548,RobotSimForPA/Global/R1_WeldingCurrent,0,0.0,,2228224,2025-08-11 14:32:29
2549,RobotSimForPA/Global/R1_WeldingCurrent,0,0.0,,2228224,2025-08-11 14:32:30
2550,RobotSimForPA/Global/R1_WeldingCurrent,0,0.0,,2228224,2025-08-11 14:32:31
2551,RobotSimForPA/Global/R1_WeldingCurrent,0,0.0,,2228224,2025-08-11 14:32:32
2552,RobotSimForPA/Global/R1_WeldingCurrent,0,0.0,,2228224,2025-08-11 14:32:33
2553,RobotSimForPA/Global/R1_WeldingCurrent,0,250.536,,2228224,2025-08-11 14:32:34
2554,RobotSimForPA/Global/R1_WeldingCurrent,0,245.75300000000001,,2228224,2025-08-11 14:32:35
2555,RobotSimForPA/Global/R1_WeldingCurrent,0,249.734,,2228224,2025-08-11 14:32:36
2556,RobotSimForPA/Global/R1_WeldingCurrent,0,251.421,,2228224,2025-08-11 14:32:37
2557,RobotSimForPA/Global/R1_WeldingCurrent,0,244.853,,2228224,2025-08-11 14:32:38
2558,RobotSimForPA/Global/R1_WeldingCurrent,0,241.583,,2228224,2025-08-11 14:32:39
2559,RobotSimForPA/Global/R1_WeldingCurrent,0,238.34900000000002,,2228224,2025-08-11 14:32:40
2560,RobotSimForPA/Global/R1_WeldingCurrent,0,233.716,,2228224,2025-08-11 14:32:41
2561,RobotSimForPA/Global/R1_WeldingCurrent,0,236.817,,2228224,2025-08-11 14:32:42
2562,RobotSimForPA/Global/R1_WeldingCurrent,0,228.23000000000002,,2228224,2025-08-11 14:32:43
2563,RobotSimForPA/Global/R1_WeldingCurrent,0,226.019,,2228224,2025-08-11 14:32:44
2564,RobotSimForPA/Global/R1_WeldingCurrent,0,219.647,,2228224,2025-08-11 14:32:45
2565,RobotSimForPA/Global/R1_WeldingCurrent,0,219.275,,2228224,2025-08-11 14:32:46
2566,RobotSimForPA/Global/R1_WeldingCurrent,0,214.389,,2228224,2025-08-11 14:32:47
2567,RobotSimForPA/Global/R1_WeldingCurrent,0,0.0,,2228224,2025-08-11 14:32:48
2568,RobotSimForPA/Global/R1_WeldingCurrent,0,0.0,,2228224,2025-08-11 14:32:49
2569,RobotSimForPA/Global/R1_WeldingCurrent,0,0.0,,2228224,2025-08-11 14:32:50
2570,RobotSimForPA/Global/R1_WeldingCurrent,0,0.0,,2228224,2025-08-11 14:32:51
2571,RobotSimForPA/Global/R1_WeldingCurrent,0,0.0,,2228224,2025-08-11 14:32:52
2572,RobotSimForPA/Global/R1_WeldingCurrent,0,0.0,,2228224,2025-08-11 14:32:53
2573,RobotSimForPA/Global/R1_WeldingCurrent,0,0.0,,2228224,2025-08-11 14:32:54
2574,RobotSimForPA/Global/R1_WeldingCurrent,0,0.0,,2228224,2025-08-11 14:32:55
2575,RobotSimForPA/Global/R1_WeldingCurrent,0,0.0,,2228224,2025-08-11 14:32:56
2576,RobotSimForPA/Global/R1_WeldingCurrent,0,0.0,,2228224,2025-08-11 14:32:57
2577,RobotSimForPA/Global/R1_WeldingCurrent,0,0.0,,2228224,2025-08-11 14:32:58
2578,RobotSimForPA/Global/R1_WeldingCurrent,0,0.0,,2228224,2025-08-11 14:32:59
2579,RobotSimForPA/Global/R1_WeldingCurrent,0,0.0,,2228224,2025-08-11 14:33:00
2580,RobotSimForPA/Global/R1_WeldingCurrent,0,0.0,,2228224,2025-08-11 14:33:01
2581,RobotSimForPA/Global/R1_WeldingCurrent,0,0.0,,2228224,2025-08-11 14:33:02
2582,RobotSimForPA/Global/R1_WeldingCurrent,0,0.0,,2228224,2025-08-11 14:33:03
2583,RobotSimForPA/Global/R1_WeldingCurrent,0,250.55700000000002,,2228224,2025-08-11 14:33:04
2584,RobotSimForPA/Global/R1_WeldingCurrent,0,244.064,,2228224,2025-08-11 14:33:05
2585,RobotSimForPA/Global/R1_WeldingCurrent,0,250.156,,2228224,2025-08-11 14:33:06
2586,RobotSimForPA/Global/R1_WeldingCurrent,0,247.012,,2228224,2025-08-11 14:33:07
2587,RobotSimForPA/Global/R1_WeldingCurrent,0,248.026,,2228224,2025-08-11 14:33:08
2588,RobotSimForPA/Global/R1_WeldingCurrent,0,247.997,,2228224,2025-08-11 14:33:09
2589,RobotSimForPA/Global/R1_WeldingCurrent,0,237.22,,2228224,2025-08-11 14:33:10
2590,RobotSimForPA/Global/R1_WeldingCurrent,0,236.868,,2228224,2025-08-11 14:33:11
2591,RobotSimForPA/Global/R1_WeldingCurrent,0,232.897,,2228224,2025-08-11 14:33:12
2592,RobotSimForPA/Global/R1_WeldingCurrent,0,232.376,,2228224,2025-08-11 14:33:13
2593,RobotSimForPA/Global/R1_WeldingCurrent,0,230.221,,2228224,2025-08-11 14:33:14
2594,RobotSimForPA/Global/R1_WeldingCurrent,0,227.17000000000002,,2228224,2025-08-11 14:33:15
2595,RobotSimForPA/Global/R1_WeldingCurrent,0,212.276,,2228224,2025-08-11 14:33:16
2596,RobotSimForPA/Global/R1_WeldingCurrent,0,207.774,,2228224,2025-08-11 14:33:17
2597,RobotSimForPA/Global/R1_WeldingCurrent,0,0.0,,2228224,2025-08-11 14:33:18
2598,RobotSimForPA/Global/R1_WeldingCurrent,0,0.0,,2228224,2025-08-11 14:33:19
2599,RobotSimForPA/Global/R1_WeldingCurrent,0,0.0,,2228224,2025-08-11 14:33:20
2600,RobotSimForPA/Global/R1_WeldingCurrent,0,0.0,,2228224,2025-08-11 14:33:21
2601,RobotSimForPA/Global/R1_WeldingCurrent,0,0.0,,2228224,2025-08-11 14:33:22
2602,RobotSimForPA/Global/R1_WeldingCurrent,0,0.0,,2228224,2025-08-11 14:33:23
2603,RobotSimForPA/Global/R1_WeldingCurrent,0,0.0,,2228224,2025-08-11 14:33:24
2604,RobotSimForPA/Global/R1_WeldingCurrent,0,0.0,,2228224,2025-08-11 14:33:25
2605,RobotSimForPA/Global/R1_WeldingCurrent,0,0.0,,2228224,2025-08-11 14:33:26
2606,RobotSimForPA/Global/R1_WeldingCurrent,0,0.0,,2228224,2025-08-11 14:33:27
2607,RobotSimForPA/Global/R1_WeldingCurrent,0,0.0,,2228224,2025-08-11 14:33:28
2608,RobotSimForPA/Global/R1_WeldingCurrent,0,0.0,,2228224,2025-08-11 14:33:29
2609,RobotSimForPA/Global/R1_WeldingCurrent,0,0.0,,2228224,2025-08-11 14:33:30
2610,RobotSimForPA/Global/R1_WeldingCurrent,0,0.0,,2228224,2025-08-11 14:33:31
2611,RobotSimForPA/Global/R1_WeldingCurrent,0,0.0,,2228224,2025-08-11 14:33:32
2612,RobotSimForPA/Global/R1_WeldingCurrent,0,0.0,,2228224,2025-08-11 14:33:33
2613,RobotSimForPA/Global/R1_WeldingCurrent,0,244.784,,2228224,2025-08-11 14:33:34
2614,RobotSimForPA/Global/R1_WeldingCurrent,0,251.424,,2228224,2025-08-11 14:33:35
2615,RobotSimForPA/Global/R1_WeldingCurrent,0,249.65,,2228224,2025-08-11 14:33:36
2616,RobotSimForPA/Global/R1_WeldingCurrent,0,246.83700000000002,,2228224,2025-08-11 14:33:37
2617,RobotSimForPA/Global/R1_WeldingCurrent,0,248.973,,2228224,2025-08-11 14:33:38
2618,RobotSimForPA/Global/R1_WeldingCurrent,0,244.639,,2228224,2025-08-11 14:33:39
2619,RobotSimForPA/Global/R1_WeldingCurrent,0,243.776,,2228224,2025-08-11 14:33:40
2620,RobotSimForPA/Global/R1_WeldingCurrent,0,242.87800000000001,,2228224,2025-08-11 14:33:41
2621,RobotSimForPA/Global/R1_WeldingCurrent,0,237.804,,2228224,2025-08-11 14:33:42
2622,RobotSimForPA/Global/R1_WeldingCurrent,0,233.655,,2228224,2025-08-11 14:33:43
2623,RobotSimForPA/Global/R1_WeldingCurrent,0,228.132,,2228224,2025-08-11 14:33:44
2624,RobotSimForPA/Global/R1_WeldingCurrent,0,228.595,,2228224,2025-08-11 14:33:45
2625,RobotSimForPA/Global/R1_WeldingCurrent,0,227.845,,2228224,2025-08-11 14:33:46
2626,RobotSimForPA/Global/R1_WeldingCurrent,0,217.99200000000002,,2228224,2025-08-11 14:33:47
2627,RobotSimForPA/Global/R1_WeldingCurrent,0,215.443,,2228224,2025-08-11 14:33:48
2628,RobotSimForPA/Global/R1_WeldingCurrent,0,207.31300000000002,,2228224,2025-08-11 14:33:49
2629,RobotSimForPA/Global/R1_WeldingCurrent,0,0.0,,2228224,2025-08-11 14:33:50
2630,RobotSimForPA/Global/R1_WeldingCurrent,0,0.0,,2228224,2025-08-11 14:33:51
2631,RobotSimForPA/Global/R1_WeldingCurrent,0,0.0,,2228224,2025-08-11 14:33:52
2632,RobotSimForPA/Global/R1_WeldingCurrent,0,0.0,,2228224,2025-08-11 14:33:53
2633,RobotSimForPA/Global/R1_WeldingCurrent,0,0.0,,2228224,2025-08-11 14:33:54
2634,RobotSimForPA/Global/R1_WeldingCurrent,0,0.0,,2228224,2025-08-11 14:33:55
2635,RobotSimForPA/Global/R1_WeldingCurrent,0,0.0,,2228224,2025-08-11 14:33:56
2636,RobotSimForPA/Global/R1_WeldingCurrent,0,0.0,,2228224,2025-08-11 14:33:57
2637,RobotSimForPA/Global/R1_WeldingCurrent,0,0.0,,2228224,2025-08-11 14:33:58
2638,RobotSimForPA/Global/R1_WeldingCurrent,0,0.0,,2228224,2025-08-11 14:33:59
2639,RobotSimForPA/Global/R1_WeldingCurrent,0,0.0,,2228224,2025-08-11 14:34:00
2640,RobotSimForPA/Global/R1_WeldingCurrent,0,0.0,,2228224,2025-08-11 14:34:01
2641,RobotSimForPA/Global/R1_WeldingCurrent,0,0.0,,2228224,2025-08-11 14:34:02
2642,RobotSimForPA/Global/R1_WeldingCurrent,0,0.0,,2228224,2025-08-11 14:34:03
2643,RobotSimForPA/Global/R1_WeldingCurrent,0,0.0,,2228224,2025-08-11 14:34:04
2644,RobotSimForPA/Global/R1_WeldingCurrent,0,0.0,,2228224,2025-08-11 14:34:05
2645,RobotSimForPA/Global/R1_WeldingCurrent,0,0.0,,2228224,2025-08-11 14:34:06
2646,RobotSimForPA/Global/R1_WeldingCurrent,0,241.57500000000002,,2228224,2025-08-11 14:34:07
2647,RobotSimForPA/Global/R1_WeldingCurrent,0,243.202,,2228224,2025-08-11 14:34:08
2648,RobotSimForPA/Global/R1_WeldingCurrent,0,246.77,,2228224,2025-08-11 14:34:09
2649,RobotSimForPA/Global/R1_WeldingCurrent,0,246.604,,2228224,2025-08-11 14:34:10
2650,RobotSimForPA/Global/R1_WeldingCurrent,0,247.99,,2228224,2025-08-11 14:34:11
2651,RobotSimForPA/Global/R1_WeldingCurrent,0,241.686,,2228224,2025-08-11 14:34:12
2652,RobotSimForPA/Global/R1_WeldingCurrent,0,245.916,,2228224,2025-08-11 14:34:13
2653,RobotSimForPA/Global/R1_WeldingCurrent,0,236.154,,2228224,2025-08-11 14:34:14
2654,RobotSimForPA/Global/R1_WeldingCurrent,0,234.96200000000002,,2228224,2025-08-11 14:34:15
2655,RobotSimForPA/Global/R1_WeldingCurrent,0,231.598,,2228224,2025-08-11 14:34:16
2656,RobotSimForPA/Global/R1_WeldingCurrent,0,233.338,,2228224,2025-08-11 14:34:17
2657,RobotSimForPA/Global/R1_WeldingCurrent,0,228.559,,2228224,2025-08-11 14:34:18
2658,RobotSimForPA/Global/R1_WeldingCurrent,0,224.11,,2228224,2025-08-11 14:34:19
2659,RobotSimForPA/Global/R1_WeldingCurrent,0,222.428,,2228224,2025-08-11 14:34:20
2660,RobotSimForPA/Global/R1_WeldingCurrent,0,214.838,,2228224,2025-08-11 14:34:21
2661,RobotSimForPA/Global/R1_WeldingCurrent,0,203.05100000000002,,2228224,2025-08-11 14:34:22
2662,RobotSimForPA/Global/R1_WeldingCurrent,0,0.0,,2228224,2025-08-11 14:34:23
2663,RobotSimForPA/Global/R1_WeldingCurrent,0,0.0,,2228224,2025-08-11 14:34:24
2664,RobotSimForPA/Global/R1_WeldingCurrent,0,0.0,,2228224,2025-08-11 14:34:25
2665,RobotSimForPA/Global/R1_WeldingCurrent,0,0.0,,2228224,2025-08-11 14:34:26
2666,RobotSimForPA/Global/R1_WeldingCurrent,0,0.0,,2228224,2025-08-11 14:34:27
2667,RobotSimForPA/Global/R1_WeldingCurrent,0,0.0,,2228224,2025-08-11 14:34:28
2668,RobotSimForPA/Global/R1_WeldingCurrent,0,0.0,,2228224,2025-08-11 14:34:29
2669,RobotSimForPA/Global/R1_WeldingCurrent,0,0.0,,2228224,2025-08-11 14:34:30
2670,RobotSimForPA/Global/R1_WeldingCurrent,0,0.0,,2228224,2025-08-11 14:34:31
2671,RobotSimForPA/Global/R1_WeldingCurrent,0,0.0,,2228224,2025-08-11 14:34:32
2672,RobotSimForPA/Global/R1_WeldingCurrent,0,0.0,,2228224,2025-08-11 14:34:33
2673,RobotSimForPA/Global/R1_WeldingCurrent,0,0.0,,2228224,2025-08-11 14:34:34
2674,RobotSimForPA/Global/R1_WeldingCurrent,0,0.0,,2228224,2025-08-11 14:34:35
2675,RobotSimForPA/Global/R1_WeldingCurrent,0,0.0,,2228224,2025-08-11 14:34:36
2676,RobotSimForPA/Global/R1_WeldingCurrent,0,0.0,,2228224,2025-08-11 14:34:37
2677,RobotSimForPA/Global/R1_WeldingCurrent,0,0.0,,2228224,2025-08-11 14:34:38
2678,RobotSimForPA/Global/R1_WeldingCurrent,0,249.574,,2228224,2025-08-11 14:34:39
2679,RobotSimForPA/Global/R1_WeldingCurrent,0,249.401,,2228224,2025-08-11 14:34:40
2680,RobotSimForPA/Global/R1_WeldingCurrent,0,252.00400000000002,,2228224,2025-08-11 14:34:41
2681,RobotSimForPA/Global/R1_WeldingCurrent,0,245.288,,2228224,2025-08-11 14:34:42
2682,RobotSimForPA/Global/R1_WeldingCurrent,0,247.711,,2228224,2025-08-11 14:34:43
2683,RobotSimForPA/Global/R1_WeldingCurrent,0,242.291,,2228224,2025-08-11 14:34:44
2684,RobotSimForPA/Global/R1_WeldingCurrent,0,243.451,,2228224,2025-08-11 14:34:45
2685,RobotSimForPA/Global/R1_WeldingCurrent,0,240.72,,2228224,2025-08-11 14:34:46
2686,RobotSimForPA/Global/R1_WeldingCurrent,0,240.11700000000002,,2228224,2025-08-11 14:34:47
2687,RobotSimForPA/Global/R1_WeldingCurrent,0,240.421,,2228224,2025-08-11 14:34:48
2688,RobotSimForPA/Global/R1_WeldingCurrent,0,234.268,,2228224,2025-08-11 14:34:49
2689,RobotSimForPA/Global/R1_WeldingCurrent,0,224.754,,2228224,2025-08-11 14:34:50
2690,RobotSimForPA/Global/R1_WeldingCurrent,0,218.266,,2228224,2025-08-11 14:34:51
2691,RobotSimForPA/Global/R1_WeldingCurrent,0,215.907,,2228224,2025-08-11 14:34:52
2692,RobotSimForPA/Global/R1_WeldingCurrent,0,217.137,,2228224,2025-08-11 14:34:53
2693,RobotSimForPA/Global/R1_WeldingCurrent,0,209.062,,2228224,2025-08-11 14:34:54
2694,RobotSimForPA/Global/R1_WeldingCurrent,0,0.0,,2228224,2025-08-11 14:34:55
2695,RobotSimForPA/Global/R1_WeldingCurrent,0,0.0,,2228224,2025-08-11 14:34:56
2696,RobotSimForPA/Global/R1_WeldingCurrent,0,0.0,,2228224,2025-08-11 14:34:57
2697,RobotSimForPA/Global/R1_WeldingCurrent,0,0.0,,2228224,2025-08-11 14:34:58
2698,RobotSimForPA/Global/R1_WeldingCurrent,0,0.0,,2228224,2025-08-11 14:34:59
2699,RobotSimForPA/Global/R1_WeldingCurrent,0,0.0,,2228224,2025-08-11 14:35:00
2700,RobotSimForPA/Global/R1_WeldingCurrent,0,0.0,,2228224,2025-08-11 14:35:01
2701,RobotSimForPA/Global/R1_WeldingCurrent,0,0.0,,2228224,2025-08-11 14:35:02
2702,RobotSimForPA/Global/R1_WeldingCurrent,0,0.0,,2228224,2025-08-11 14:35:03
2703,RobotSimForPA/Global/R1_WeldingCurrent,0,0.0,,2228224,2025-08-11 14:35:04
2704,RobotSimForPA/Global/R1_WeldingCurrent,0,0.0,,2228224,2025-08-11 14:35:05
2705,RobotSimForPA/Global/R1_WeldingCurrent,0,0.0,,2228224,2025-08-11 14:35:06
2706,RobotSimForPA/Global/R1_WeldingCurrent,0,0.0,,2228224,2025-08-11 14:35:07
2707,RobotSimForPA/Global/R1_WeldingCurrent,0,0.0,,2228224,2025-08-11 14:35:08
2708,RobotSimForPA/Global/R1_WeldingCurrent,0,0.0,,2228224,2025-08-11 14:35:09
2709,RobotSimForPA/Global/R1_WeldingCurrent,0,0.0,,2228224,2025-08-11 14:35:10
2710,RobotSimForPA/Global/R1_WeldingCurrent,0,248.643,,2228224,2025-08-11 14:35:11
2711,RobotSimForPA/Global/R1_WeldingCurrent,0,251.756,,2228224,2025-08-11 14:35:12
2712,RobotSimForPA/Global/R1_WeldingCurrent,0,243.23600000000002,,2228224,2025-08-11 14:35:13
2713,RobotSimForPA/Global/R1_WeldingCurrent,0,247.247,,2228224,2025-08-11 14:35:14
2714,RobotSimForPA/Global/R1_WeldingCurrent,0,251.193,,2228224,2025-08-11 14:35:15
2715,RobotSimForPA/Global/R1_WeldingCurrent,0,241.933,,2228224,2025-08-11 14:35:16
2716,RobotSimForPA/Global/R1_WeldingCurrent,0,248.55100000000002,,2228224,2025-08-11 14:35:17
2717,RobotSimForPA/Global/R1_WeldingCurrent,0,242.948,,2228224,2025-08-11 14:35:18
2718,RobotSimForPA/Global/R1_WeldingCurrent,0,242.749,,2228224,2025-08-11 14:35:19
2719,RobotSimForPA/Global/R1_WeldingCurrent,0,237.16,,2228224,2025-08-11 14:35:20
2720,RobotSimForPA/Global/R1_WeldingCurrent,0,236.217,,2228224,2025-08-11 14:35:21
2721,RobotSimForPA/Global/R1_WeldingCurrent,0,231.304,,2228224,2025-08-11 14:35:22
2722,RobotSimForPA/Global/R1_WeldingCurrent,0,226.787,,2228224,2025-08-11 14:35:23
2723,RobotSimForPA/Global/R1_WeldingCurrent,0,217.60500000000002,,2228224,2025-08-11 14:35:24
2724,RobotSimForPA/Global/R1_WeldingCurrent,0,212.742,,2228224,2025-08-11 14:35:25
2725,RobotSimForPA/Global/R1_WeldingCurrent,0,206.67600000000002,,2228224,2025-08-11 14:35:26
2726,RobotSimForPA/Global/R1_WeldingCurrent,0,0.0,,2228224,2025-08-11 14:35:27
2727,RobotSimForPA/Global/R1_WeldingCurrent,0,0.0,,2228224,2025-08-11 14:35:28
2728,RobotSimForPA/Global/R1_WeldingCurrent,0,0.0,,2228224,2025-08-11 14:35:29
2729,RobotSimForPA/Global/R1_WeldingCurrent,0,0.0,,2228224,2025-08-11 14:35:30
2730,RobotSimForPA/Global/R1_WeldingCurrent,0,0.0,,2228224,2025-08-11 14:35:31
2731,RobotSimForPA/Global/R1_WeldingCurrent,0,0.0,,2228224,2025-08-11 14:35:32
2732,RobotSimForPA/Global/R1_WeldingCurrent,0,0.0,,2228224,2025-08-11 14:35:33
2733,RobotSimForPA/Global/R1_WeldingCurrent,0,0.0,,2228224,2025-08-11 14:35:34
2734,RobotSimForPA/Global/R1_WeldingCurrent,0,0.0,,2228224,2025-08-11 14:35:35
2735,RobotSimForPA/Global/R1_WeldingCurrent,0,0.0,,2228224,2025-08-11 14:35:36
2736,RobotSimForPA/Global/R1_WeldingCurrent,0,0.0,,2228224,2025-08-11 14:35:37
2737,RobotSimForPA/Global/R1_WeldingCurrent,0,0.0,,2228224,2025-08-11 14:35:38
2738,RobotSimForPA/Global/R1_WeldingCurrent,0,0.0,,2228224,2025-08-11 14:35:39
2739,RobotSimForPA/Global/R1_WeldingCurrent,0,0.0,,2228224,2025-08-11 14:35:40
2740,RobotSimForPA/Global/R1_WeldingCurrent,0,0.0,,2228224,2025-08-11 14:35:41
2741,RobotSimForPA/Global/R1_WeldingCurrent,0,0.0,,2228224,2025-08-11 14:35:42
2742,RobotSimForPA/Global/R1_WeldingCurrent,0,242.749,,2228224,2025-08-11 14:35:43
2743,RobotSimForPA/Global/R1_WeldingCurrent,0,245.127,,2228224,2025-08-11 14:35:44
2744,RobotSimForPA/Global/R1_WeldingCurrent,0,249.421,,2228224,2025-08-11 14:35:45
2745,RobotSimForPA/Global/R1_WeldingCurrent,0,251.479,,2228224,2025-08-11 14:35:46
2746,RobotSimForPA/Global/R1_WeldingCurrent,0,243.877,,2228224,2025-08-11 14:35:47
2747,RobotSimForPA/Global/R1_WeldingCurrent,0,243.731,,2228224,2025-08-11 14:35:48
2748,RobotSimForPA/Global/R1_WeldingCurrent,0,245.239,,2228224,2025-08-11 14:35:49
2749,RobotSimForPA/Global/R1_WeldingCurrent,0,244.70600000000002,,2228224,2025-08-11 14:35:50
2750,RobotSimForPA/Global/R1_WeldingCurrent,0,235.392,,2228224,2025-08-11 14:35:51
2751,RobotSimForPA/Global/R1_WeldingCurrent,0,234.821,,2228224,2025-08-11 14:35:52
2752,RobotSimForPA/Global/R1_WeldingCurrent,0,229.798,,2228224,2025-08-11 14:35:53
2753,RobotSimForPA/Global/R1_WeldingCurrent,0,227.41,,2228224,2025-08-11 14:35:54
2754,RobotSimForPA/Global/R1_WeldingCurrent,0,221.994,,2228224,2025-08-11 14:35:55
2755,RobotSimForPA/Global/R1_WeldingCurrent,0,218.417,,2228224,2025-08-11 14:35:56
2756,RobotSimForPA/Global/R1_WeldingCurrent,0,214.75900000000001,,2228224,2025-08-11 14:35:57
2757,RobotSimForPA/Global/R1_WeldingCurrent,0,206.57,,2228224,2025-08-11 14:35:58
2758,RobotSimForPA/Global/R1_WeldingCurrent,0,0.0,,2228224,2025-08-11 14:35:59
2759,RobotSimForPA/Global/R1_WeldingCurrent,0,0.0,,2228224,2025-08-11 14:36:00
2760,RobotSimForPA/Global/R1_WeldingCurrent,0,0.0,,2228224,2025-08-11 14:36:01
2761,RobotSimForPA/Global/R1_WeldingCurrent,0,0.0,,2228224,2025-08-11 14:36:02
2762,RobotSimForPA/Global/R1_WeldingCurrent,0,0.0,,2228224,2025-08-11 14:36:03
2763,RobotSimForPA/Global/R1_WeldingCurrent,0,0.0,,2228224,2025-08-11 14:36:04
2764,RobotSimForPA/Global/R1_WeldingCurrent,0,0.0,,2228224,2025-08-11 14:36:05
2765,RobotSimForPA/Global/R1_WeldingCurrent,0,0.0,,2228224,2025-08-11 14:36:06
2766,RobotSimForPA/Global/R1_WeldingCurrent,0,0.0,,2228224,2025-08-11 14:36:07
2767,RobotSimForPA/Global/R1_WeldingCurrent,0,0.0,,2228224,2025-08-11 14:36:08
2768,RobotSimForPA/Global/R1_WeldingCurrent,0,0.0,,2228224,2025-08-11 14:36:09
2769,RobotSimForPA/Global/R1_WeldingCurrent,0,0.0,,2228224,2025-08-11 14:36:10
2770,RobotSimForPA/Global/R1_WeldingCurrent,0,0.0,,2228224,2025-08-11 14:36:11
2771,RobotSimForPA/Global/R1_WeldingCurrent,0,0.0,,2228224,2025-08-11 14:36:12
2772,RobotSimForPA/Global/R1_WeldingCurrent,0,0.0,,2228224,2025-08-11 14:36:13
2773,RobotSimForPA/Global/R1_WeldingCurrent,0,0.0,,2228224,2025-08-11 14:36:14
2774,RobotSimForPA/Global/R1_WeldingCurrent,0,243.859,,2228224,2025-08-11 14:36:15
2775,RobotSimForPA/Global/R1_WeldingCurrent,0,248.435,,2228224,2025-08-11 14:36:16
2776,RobotSimForPA/Global/R1_WeldingCurrent,0,244.447,,2228224,2025-08-11 14:36:17
2777,RobotSimForPA/Global/R1_WeldingCurrent,0,248.118,,2228224,2025-08-11 14:36:18
2778,RobotSimForPA/Global/R1_WeldingCurrent,0,243.49800000000002,,2228224,2025-08-11 14:36:19
2779,RobotSimForPA/Global/R1_WeldingCurrent,0,247.925,,2228224,2025-08-11 14:36:20
2780,RobotSimForPA/Global/R1_WeldingCurrent,0,245.33700000000002,,2228224,2025-08-11 14:36:21
2781,RobotSimForPA/Global/R1_WeldingCurrent,0,241.615,,2228224,2025-08-11 14:36:22
2782,RobotSimForPA/Global/R1_WeldingCurrent,0,235.155,,2228224,2025-08-11 14:36:23
2783,RobotSimForPA/Global/R1_WeldingCurrent,0,235.25300000000001,,2228224,2025-08-11 14:36:24
2784,RobotSimForPA/Global/R1_WeldingCurrent,0,231.966,,2228224,2025-08-11 14:36:25
2785,RobotSimForPA/Global/R1_WeldingCurrent,0,231.423,,2228224,2025-08-11 14:36:26
2786,RobotSimForPA/Global/R1_WeldingCurrent,0,222.382,,2228224,2025-08-11 14:36:27
2787,RobotSimForPA/Global/R1_WeldingCurrent,0,223.55100000000002,,2228224,2025-08-11 14:36:28
2788,RobotSimForPA/Global/R1_WeldingCurrent,0,217.622,,2228224,2025-08-11 14:36:29
2789,RobotSimForPA/Global/R1_WeldingCurrent,0,207.981,,2228224,2025-08-11 14:36:30
2790,RobotSimForPA/Global/R1_WeldingCurrent,0,206.75900000000001,,2228224,2025-08-11 14:36:31
2791,RobotSimForPA/Global/R1_WeldingCurrent,0,0.0,,2228224,2025-08-11 14:36:32
2792,RobotSimForPA/Global/R1_WeldingCurrent,0,0.0,,2228224,2025-08-11 14:36:33
2793,RobotSimForPA/Global/R1_WeldingCurrent,0,0.0,,2228224,2025-08-11 14:36:34
2794,RobotSimForPA/Global/R1_WeldingCurrent,0,0.0,,2228224,2025-08-11 14:36:35
2795,RobotSimForPA/Global/R1_WeldingCurrent,0,0.0,,2228224,2025-08-11 14:36:36
2796,RobotSimForPA/Global/R1_WeldingCurrent,0,0.0,,2228224,2025-08-11 14:36:37
2797,RobotSimForPA/Global/R1_WeldingCurrent,0,0.0,,2228224,2025-08-11 14:36:38
2798,RobotSimForPA/Global/R1_WeldingCurrent,0,0.0,,2228224,2025-08-11 14:36:39
2799,RobotSimForPA/Global/R1_WeldingCurrent,0,0.0,,2228224,2025-08-11 14:36:40
2800,RobotSimForPA/Global/R1_WeldingCurrent,0,0.0,,2228224,2025-08-11 14:36:41
2801,RobotSimForPA/Global/R1_WeldingCurrent,0,0.0,,2228224,2025-08-11 14:36:42
2802,RobotSimForPA/Global/R1_WeldingCurrent,0,0.0,,2228224,2025-08-11 14:36:43
2803,RobotSimForPA/Global/R1_WeldingCurrent,0,0.0,,2228224,2025-08-11 14:36:44
2804,RobotSimForPA/Global/R1_WeldingCurrent,0,0.0,,2228224,2025-08-11 14:36:45
2805,RobotSimForPA/Global/R1_WeldingCurrent,0,0.0,,2228224,2025-08-11 14:36:46
2806,RobotSimForPA/Global/R1_WeldingCurrent,0,0.0,,2228224,2025-08-11 14:36:47
2807,RobotSimForPA/Global/R1_WeldingCurrent,0,248.21800000000002,,2228224,2025-08-11 14:36:48
2808,RobotSimForPA/Global/R1_WeldingCurrent,0,246.8,,2228224,2025-08-11 14:36:49
2809,RobotSimForPA/Global/R1_WeldingCurrent,0,245.86,,2228224,2025-08-11 14:36:50
2810,RobotSimForPA/Global/R1_WeldingCurrent,0,242.796,,2228224,2025-08-11 14:36:51
2811,RobotSimForPA/Global/R1_WeldingCurrent,0,247.737,,2228224,2025-08-11 14:36:52
2812,RobotSimForPA/Global/R1_WeldingCurrent,0,243.578,,2228224,2025-08-11 14:36:53
2813,RobotSimForPA/Global/R1_WeldingCurrent,0,242.684,,2228224,2025-08-11 14:36:54
2814,RobotSimForPA/Global/R1_WeldingCurrent,0,237.09300000000002,,2228224,2025-08-11 14:36:55
2815,RobotSimForPA/Global/R1_WeldingCurrent,0,242.755,,2228224,2025-08-11 14:36:56
2816,RobotSimForPA/Global/R1_WeldingCurrent,0,233.149,,2228224,2025-08-11 14:36:57
2817,RobotSimForPA/Global/R1_WeldingCurrent,0,232.829,,2228224,2025-08-11 14:36:58
2818,RobotSimForPA/Global/R1_WeldingCurrent,0,225.967,,2228224,2025-08-11 14:36:59
2819,RobotSimForPA/Global/R1_WeldingCurrent,0,225.645,,2228224,2025-08-11 14:37:00
2820,RobotSimForPA/Global/R1_WeldingCurrent,0,219.332,,2228224,2025-08-11 14:37:01
2821,RobotSimForPA/Global/R1_WeldingCurrent,0,210.174,,2228224,2025-08-11 14:37:02
2822,RobotSimForPA/Global/R1_WeldingCurrent,0,208.947,,2228224,2025-08-11 14:37:03
2823,RobotSimForPA/Global/R1_WeldingCurrent,0,0.0,,2228224,2025-08-11 14:37:04
2824,RobotSimForPA/Global/R1_WeldingCurrent,0,0.0,,2228224,2025-08-11 14:37:05
2825,RobotSimForPA/Global/R1_WeldingCurrent,0,0.0,,2228224,2025-08-11 14:37:06
2826,RobotSimForPA/Global/R1_WeldingCurrent,0,0.0,,2228224,2025-08-11 14:37:07
2827,RobotSimForPA/Global/R1_WeldingCurrent,0,0.0,,2228224,2025-08-11 14:37:08
2828,RobotSimForPA/Global/R1_WeldingCurrent,0,0.0,,2228224,2025-08-11 14:37:09
2829,RobotSimForPA/Global/R1_WeldingCurrent,0,0.0,,2228224,2025-08-11 14:37:10
2830,RobotSimForPA/Global/R1_WeldingCurrent,0,0.0,,2228224,2025-08-11 14:37:11
2831,RobotSimForPA/Global/R1_WeldingCurrent,0,0.0,,2228224,2025-08-11 14:37:12
2832,RobotSimForPA/Global/R1_WeldingCurrent,0,0.0,,2228224,2025-08-11 14:37:13
2833,RobotSimForPA/Global/R1_WeldingCurrent,0,0.0,,2228224,2025-08-11 14:37:14
2834,RobotSimForPA/Global/R1_WeldingCurrent,0,0.0,,2228224,2025-08-11 14:37:15
2835,RobotSimForPA/Global/R1_WeldingCurrent,0,0.0,,2228224,2025-08-11 14:37:16
2836,RobotSimForPA/Global/R1_WeldingCurrent,0,0.0,,2228224,2025-08-11 14:37:17
2837,RobotSimForPA/Global/R1_WeldingCurrent,0,0.0,,2228224,2025-08-11 14:37:18
2838,RobotSimForPA/Global/R1_WeldingCurrent,0,0.0,,2228224,2025-08-11 14:37:19
2839,RobotSimForPA/Global/R1_WeldingCurrent,0,249.821,,2228224,2025-08-11 14:37:20
2840,RobotSimForPA/Global/R1_WeldingCurrent,0,242.536,,2228224,2025-08-11 14:37:21
2841,RobotSimForPA/Global/R1_WeldingCurrent,0,251.768,,2228224,2025-08-11 14:37:22
2842,RobotSimForPA/Global/R1_WeldingCurrent,0,246.681,,2228224,2025-08-11 14:37:23
2843,RobotSimForPA/Global/R1_WeldingCurrent,0,249.11100000000002,,2228224,2025-08-11 14:37:24
2844,RobotSimForPA/Global/R1_WeldingCurrent,0,241.35500000000002,,2228224,2025-08-11 14:37:25
2845,RobotSimForPA/Global/R1_WeldingCurrent,0,243.769,,2228224,2025-08-11 14:37:26
2846,RobotSimForPA/Global/R1_WeldingCurrent,0,241.661,,2228224,2025-08-11 14:37:27
2847,RobotSimForPA/Global/R1_WeldingCurrent,0,238.537,,2228224,2025-08-11 14:37:28
2848,RobotSimForPA/Global/R1_WeldingCurrent,0,234.838,,2228224,2025-08-11 14:37:29
2849,RobotSimForPA/Global/R1_WeldingCurrent,0,232.23000000000002,,2228224,2025-08-11 14:37:30
2850,RobotSimForPA/Global/R1_WeldingCurrent,0,222.541,,2228224,2025-08-11 14:37:31
2851,RobotSimForPA/Global/R1_WeldingCurrent,0,216.388,,2228224,2025-08-11 14:37:32
2852,RobotSimForPA/Global/R1_WeldingCurrent,0,218.137,,2228224,2025-08-11 14:37:33
2853,RobotSimForPA/Global/R1_WeldingCurrent,0,209.991,,2228224,2025-08-11 14:37:34
2854,RobotSimForPA/Global/R1_WeldingCurrent,0,0.0,,2228224,2025-08-11 14:37:35
2855,RobotSimForPA/Global/R1_WeldingCurrent,0,0.0,,2228224,2025-08-11 14:37:36
2856,RobotSimForPA/Global/R1_WeldingCurrent,0,0.0,,2228224,2025-08-11 14:37:37
2857,RobotSimForPA/Global/R1_WeldingCurrent,0,0.0,,2228224,2025-08-11 14:37:38
2858,RobotSimForPA/Global/R1_WeldingCurrent,0,0.0,,2228224,2025-08-11 14:37:39
2859,RobotSimForPA/Global/R1_WeldingCurrent,0,0.0,,2228224,2025-08-11 14:37:40
2860,RobotSimForPA/Global/R1_WeldingCurrent,0,0.0,,2228224,2025-08-11 14:37:41
2861,RobotSimForPA/Global/R1_WeldingCurrent,0,0.0,,2228224,2025-08-11 14:37:42
2862,RobotSimForPA/Global/R1_WeldingCurrent,0,0.0,,2228224,2025-08-11 14:37:43
2863,RobotSimForPA/Global/R1_WeldingCurrent,0,0.0,,2228224,2025-08-11 14:37:44
2864,RobotSimForPA/Global/R1_WeldingCurrent,0,0.0,,2228224,2025-08-11 14:37:45
2865,RobotSimForPA/Global/R1_WeldingCurrent,0,0.0,,2228224,2025-08-11 14:37:46
2866,RobotSimForPA/Global/R1_WeldingCurrent,0,0.0,,2228224,2025-08-11 14:37:47
2867,RobotSimForPA/Global/R1_WeldingCurrent,0,0.0,,2228224,2025-08-11 14:37:48
2868,RobotSimForPA/Global/R1_WeldingCurrent,0,0.0,,2228224,2025-08-11 14:37:49
2869,RobotSimForPA/Global/R1_WeldingCurrent,0,0.0,,2228224,2025-08-11 14:37:50
2870,RobotSimForPA/Global/R1_WeldingCurrent,0,242.382,,2228224,2025-08-11 14:37:51
2871,RobotSimForPA/Global/R1_WeldingCurrent,0,243.782,,2228224,2025-08-11 14:37:52
2872,RobotSimForPA/Global/R1_WeldingCurrent,0,248.86,,2228224,2025-08-11 14:37:53
2873,RobotSimForPA/Global/R1_WeldingCurrent,0,246.372,,2228224,2025-08-11 14:37:54
2874,RobotSimForPA/Global/R1_WeldingCurrent,0,244.924,,2228224,2025-08-11 14:37:55
2875,RobotSimForPA/Global/R1_WeldingCurrent,0,244.607,,2228224,2025-08-11 14:37:56
2876,RobotSimForPA/Global/R1_WeldingCurrent,0,243.225,,2228224,2025-08-11 14:37:57
2877,RobotSimForPA/Global/R1_WeldingCurrent,0,244.423,,2228224,2025-08-11 14:37:58
2878,RobotSimForPA/Global/R1_WeldingCurrent,0,238.368,,2228224,2025-08-11 14:37:59
2879,RobotSimForPA/Global/R1_WeldingCurrent,0,236.567,,2228224,2025-08-11 14:38:00
2880,RobotSimForPA/Global/R1_WeldingCurrent,0,228.885,,2228224,2025-08-11 14:38:01
2881,RobotSimForPA/Global/R1_WeldingCurrent,0,227.404,,2228224,2025-08-11 14:38:02
2882,RobotSimForPA/Global/R1_WeldingCurrent,0,217.267,,2228224,2025-08-11 14:38:03
2883,RobotSimForPA/Global/R1_WeldingCurrent,0,212.55,,2228224,2025-08-11 14:38:04
2884,RobotSimForPA/Global/R1_WeldingCurrent,0,207.578,,2228224,2025-08-11 14:38:05
2885,RobotSimForPA/Global/R1_WeldingCurrent,0,0.0,,2228224,2025-08-11 14:38:06
2886,RobotSimForPA/Global/R1_WeldingCurrent,0,0.0,,2228224,2025-08-11 14:38:07
2887,RobotSimForPA/Global/R1_WeldingCurrent,0,0.0,,2228224,2025-08-11 14:38:08
2888,RobotSimForPA/Global/R1_WeldingCurrent,0,0.0,,2228224,2025-08-11 14:38:09
2889,RobotSimForPA/Global/R1_WeldingCurrent,0,0.0,,2228224,2025-08-11 14:38:10
2890,RobotSimForPA/Global/R1_WeldingCurrent,0,0.0,,2228224,2025-08-11 14:38:11
2891,RobotSimForPA/Global/R1_WeldingCurrent,0,0.0,,2228224,2025-08-11 14:38:12
2892,RobotSimForPA/Global/R1_WeldingCurrent,0,0.0,,2228224,2025-08-11 14:38:13
2893,RobotSimForPA/Global/R1_WeldingCurrent,0,0.0,,2228224,2025-08-11 14:38:14
2894,RobotSimForPA/Global/R1_WeldingCurrent,0,0.0,,2228224,2025-08-11 14:38:15
2895,RobotSimForPA/Global/R1_WeldingCurrent,0,0.0,,2228224,2025-08-11 14:38:16
2896,RobotSimForPA/Global/R1_WeldingCurrent,0,0.0,,2228224,2025-08-11 14:38:17
2897,RobotSimForPA/Global/R1_WeldingCurrent,0,0.0,,2228224,2025-08-11 14:38:18
2898,RobotSimForPA/Global/R1_WeldingCurrent,0,0.0,,2228224,2025-08-11 14:38:19
2899,RobotSimForPA/Global/R1_WeldingCurrent,0,0.0,,2228224,2025-08-11 14:38:20
2900,RobotSimForPA/Global/R1_WeldingCurrent,0,0.0,,2228224,2025-08-11 14:38:21
2901,RobotSimForPA/Global/R1_WeldingCurrent,0,247.584,,2228224,2025-08-11 14:38:22
2902,RobotSimForPA/Global/R1_WeldingCurrent,0,248.27100000000002,,2228224,2025-08-11 14:38:23
2903,RobotSimForPA/Global/R1_WeldingCurrent,0,250.151,,2228224,2025-08-11 14:38:24
2904,RobotSimForPA/Global/R1_WeldingCurrent,0,248.481,,2228224,2025-08-11 14:38:25
2905,RobotSimForPA/Global/R1_WeldingCurrent,0,242.45000000000002,,2228224,2025-08-11 14:38:26
2906,RobotSimForPA/Global/R1_WeldingCurrent,0,247.585,,2228224,2025-08-11 14:38:27
2907,RobotSimForPA/Global/R1_WeldingCurrent,0,240.363,,2228224,2025-08-11 14:38:28
2908,RobotSimForPA/Global/R1_WeldingCurrent,0,244.448,,2228224,2025-08-11 14:38:29
2909,RobotSimForPA/Global/R1_WeldingCurrent,0,236.934,,2228224,2025-08-11 14:38:30
2910,RobotSimForPA/Global/R1_WeldingCurrent,0,229.066,,2228224,2025-08-11 14:38:31
2911,RobotSimForPA/Global/R1_WeldingCurrent,0,231.274,,2228224,2025-08-11 14:38:32
2912,RobotSimForPA/Global/R1_WeldingCurrent,0,225.417,,2228224,2025-08-11 14:38:33
2913,RobotSimForPA/Global/R1_WeldingCurrent,0,217.50900000000001,,2228224,2025-08-11 14:38:34
2914,RobotSimForPA/Global/R1_WeldingCurrent,0,212.064,,2228224,2025-08-11 14:38:35
2915,RobotSimForPA/Global/R1_WeldingCurrent,0,0.0,,2228224,2025-08-11 14:38:36
2916,RobotSimForPA/Global/R1_WeldingCurrent,0,0.0,,2228224,2025-08-11 14:38:37
2917,RobotSimForPA/Global/R1_WeldingCurrent,0,0.0,,2228224,2025-08-11 14:38:38
2918,RobotSimForPA/Global/R1_WeldingCurrent,0,0.0,,2228224,2025-08-11 14:38:39
2919,RobotSimForPA/Global/R1_WeldingCurrent,0,0.0,,2228224,2025-08-11 14:38:40
2920,RobotSimForPA/Global/R1_WeldingCurrent,0,0.0,,2228224,2025-08-11 14:38:41
2921,RobotSimForPA/Global/R1_WeldingCurrent,0,0.0,,2228224,2025-08-11 14:38:42
2922,RobotSimForPA/Global/R1_WeldingCurrent,0,0.0,,2228224,2025-08-11 14:38:43
2923,RobotSimForPA/Global/R1_WeldingCurrent,0,0.0,,2228224,2025-08-11 14:38:44
2924,RobotSimForPA/Global/R1_WeldingCurrent,0,0.0,,2228224,2025-08-11 14:38:45
2925,RobotSimForPA/Global/R1_WeldingCurrent,0,0.0,,2228224,2025-08-11 14:38:46
2926,RobotSimForPA/Global/R1_WeldingCurrent,0,0.0,,2228224,2025-08-11 14:38:47
2927,RobotSimForPA/Global/R1_WeldingCurrent,0,0.0,,2228224,2025-08-11 14:38:48
2928,RobotSimForPA/Global/R1_WeldingCurrent,0,0.0,,2228224,2025-08-11 14:38:49
2929,RobotSimForPA/Global/R1_WeldingCurrent,0,0.0,,2228224,2025-08-11 14:38:50
2930,RobotSimForPA/Global/R1_WeldingCurrent,0,0.0,,2228224,2025-08-11 14:38:51
2931,RobotSimForPA/Global/R1_WeldingCurrent,0,0.0,,2228224,2025-08-11 14:38:52
2932,RobotSimForPA/Global/R1_WeldingCurrent,0,248.808,,2228224,2025-08-11 14:38:53
2933,RobotSimForPA/Global/R1_WeldingCurrent,0,245.424,,2228224,2025-08-11 14:38:54
2934,RobotSimForPA/Global/R1_WeldingCurrent,0,251.241,,2228224,2025-08-11 14:38:55
2935,RobotSimForPA/Global/R1_WeldingCurrent,0,246.278,,2228224,2025-08-11 14:38:56
2936,RobotSimForPA/Global/R1_WeldingCurrent,0,248.309,,2228224,2025-08-11 14:38:57
2937,RobotSimForPA/Global/R1_WeldingCurrent,0,246.037,,2228224,2025-08-11 14:38:58
2938,RobotSimForPA/Global/R1_WeldingCurrent,0,242.245,,2228224,2025-08-11 14:38:59
2939,RobotSimForPA/Global/R1_WeldingCurrent,0,240.11700000000002,,2228224,2025-08-11 14:39:00
2940,RobotSimForPA/Global/R1_WeldingCurrent,0,235.031,,2228224,2025-08-11 14:39:01
2941,RobotSimForPA/Global/R1_WeldingCurrent,0,232.256,,2228224,2025-08-11 14:39:02
2942,RobotSimForPA/Global/R1_WeldingCurrent,0,231.09900000000002,,2228224,2025-08-11 14:39:03
2943,RobotSimForPA/Global/R1_WeldingCurrent,0,227.543,,2228224,2025-08-11 14:39:04
2944,RobotSimForPA/Global/R1_WeldingCurrent,0,221.542,,2228224,2025-08-11 14:39:05
2945,RobotSimForPA/Global/R1_WeldingCurrent,0,209.67600000000002,,2228224,2025-08-11 14:39:06
2946,RobotSimForPA/Global/R1_WeldingCurrent,0,210.306,,2228224,2025-08-11 14:39:07
2947,RobotSimForPA/Global/R1_WeldingCurrent,0,0.0,,2228224,2025-08-11 14:39:08
2948,RobotSimForPA/Global/R1_WeldingCurrent,0,0.0,,2228224,2025-08-11 14:39:09
2949,RobotSimForPA/Global/R1_WeldingCurrent,0,0.0,,2228224,2025-08-11 14:39:10
2950,RobotSimForPA/Global/R1_WeldingCurrent,0,0.0,,2228224,2025-08-11 14:39:11
2951,RobotSimForPA/Global/R1_WeldingCurrent,0,0.0,,2228224,2025-08-11 14:39:12
2952,RobotSimForPA/Global/R1_WeldingCurrent,0,0.0,,2228224,2025-08-11 14:39:13
2953,RobotSimForPA/Global/R1_WeldingCurrent,0,0.0,,2228224,2025-08-11 14:39:14
2954,RobotSimForPA/Global/R1_WeldingCurrent,0,0.0,,2228224,2025-08-11 14:39:15
2955,RobotSimForPA/Global/R1_WeldingCurrent,0,0.0,,2228224,2025-08-11 14:39:16
2956,RobotSimForPA/Global/R1_WeldingCurrent,0,0.0,,2228224,2025-08-11 14:39:17
2957,RobotSimForPA/Global/R1_WeldingCurrent,0,0.0,,2228224,2025-08-11 14:39:18
2958,RobotSimForPA/Global/R1_WeldingCurrent,0,0.0,,2228224,2025-08-11 14:39:19
2959,RobotSimForPA/Global/R1_WeldingCurrent,0,0.0,,2228224,2025-08-11 14:39:20
2960,RobotSimForPA/Global/R1_WeldingCurrent,0,0.0,,2228224,2025-08-11 14:39:21
2961,RobotSimForPA/Global/R1_WeldingCurrent,0,0.0,,2228224,2025-08-11 14:39:22
2962,RobotSimForPA/Global/R1_WeldingCurrent,0,0.0,,2228224,2025-08-11 14:39:23
2963,RobotSimForPA/Global/R1_WeldingCurrent,0,244.244,,2228224,2025-08-11 14:39:24
2964,RobotSimForPA/Global/R1_WeldingCurrent,0,244.383,,2228224,2025-08-11 14:39:25
2965,RobotSimForPA/Global/R1_WeldingCurrent,0,245.365,,2228224,2025-08-11 14:39:26
2966,RobotSimForPA/Global/R1_WeldingCurrent,0,243.354,,2228224,2025-08-11 14:39:27
2967,RobotSimForPA/Global/R1_WeldingCurrent,0,245.02700000000002,,2228224,2025-08-11 14:39:28
2968,RobotSimForPA/Global/R1_WeldingCurrent,0,247.76000000000002,,2228224,2025-08-11 14:39:29
2969,RobotSimForPA/Global/R1_WeldingCurrent,0,242.27700000000002,,2228224,2025-08-11 14:39:30
2970,RobotSimForPA/Global/R1_WeldingCurrent,0,240.386,,2228224,2025-08-11 14:39:31
2971,RobotSimForPA/Global/R1_WeldingCurrent,0,240.352,,2228224,2025-08-11 14:39:32
2972,RobotSimForPA/Global/R1_WeldingCurrent,0,235.357,,2228224,2025-08-11 14:39:33
2973,RobotSimForPA/Global/R1_WeldingCurrent,0,233.442,,2228224,2025-08-11 14:39:34
2974,RobotSimForPA/Global/R1_WeldingCurrent,0,224.48600000000002,,2228224,2025-08-11 14:39:35
2975,RobotSimForPA/Global/R1_WeldingCurrent,0,217.11,,2228224,2025-08-11 14:39:36
2976,RobotSimForPA/Global/R1_WeldingCurrent,0,209.781,,2228224,2025-08-11 14:39:37
2977,RobotSimForPA/Global/R1_WeldingCurrent,0,213.088,,2228224,2025-08-11 14:39:38
2978,RobotSimForPA/Global/R1_WeldingCurrent,0,0.0,,2228224,2025-08-11 14:39:39
2979,RobotSimForPA/Global/R1_WeldingCurrent,0,0.0,,2228224,2025-08-11 14:39:40
2980,RobotSimForPA/Global/R1_WeldingCurrent,0,0.0,,2228224,2025-08-11 14:39:41
2981,RobotSimForPA/Global/R1_WeldingCurrent,0,0.0,,2228224,2025-08-11 14:39:42
2982,RobotSimForPA/Global/R1_WeldingCurrent,0,0.0,,2228224,2025-08-11 14:39:43
2983,RobotSimForPA/Global/R1_WeldingCurrent,0,0.0,,2228224,2025-08-11 14:39:44
2984,RobotSimForPA/Global/R1_WeldingCurrent,0,0.0,,2228224,2025-08-11 14:39:45
2985,RobotSimForPA/Global/R1_WeldingCurrent,0,0.0,,2228224,2025-08-11 14:39:46
2986,RobotSimForPA/Global/R1_WeldingCurrent,0,0.0,,2228224,2025-08-11 14:39:47
2987,RobotSimForPA/Global/R1_WeldingCurrent,0,0.0,,2228224,2025-08-11 14:39:48
2988,RobotSimForPA/Global/R1_WeldingCurrent,0,0.0,,2228224,2025-08-11 14:39:49
2989,RobotSimForPA/Global/R1_WeldingCurrent,0,0.0,,2228224,2025-08-11 14:39:50
2990,RobotSimForPA/Global/R1_WeldingCurrent,0,0.0,,2228224,2025-08-11 14:39:51
2991,RobotSimForPA/Global/R1_WeldingCurrent,0,0.0,,2228224,2025-08-11 14:39:52
2992,RobotSimForPA/Global/R1_WeldingCurrent,0,0.0,,2228224,2025-08-11 14:39:53
2993,RobotSimForPA/Global/R1_WeldingCurrent,0,0.0,,2228224,2025-08-11 14:39:54
2994,RobotSimForPA/Global/R1_WeldingCurrent,0,242.22,,2228224,2025-08-11 14:39:55
2995,RobotSimForPA/Global/R1_WeldingCurrent,0,252.108,,2228224,2025-08-11 14:39:56
2996,RobotSimForPA/Global/R1_WeldingCurrent,0,247.267,,2228224,2025-08-11 14:39:57
2997,RobotSimForPA/Global/R1_WeldingCurrent,0,243.417,,2228224,2025-08-11 14:39:58
2998,RobotSimForPA/Global/R1_WeldingCurrent,0,246.324,,2228224,2025-08-11 14:39:59
2999,RobotSimForPA/Global/R1_WeldingCurrent,0,241.82,,2228224,2025-08-11 14:40:00
3000,RobotSimForPA/Global/R1_WeldingCurrent,0,242.16400000000002,,2228224,2025-08-11 14:40:01
3001,RobotSimForPA/Global/R1_WeldingCurrent,0,235.738,,2228224,2025-08-11 14:40:02
3002,RobotSimForPA/Global/R1_WeldingCurrent,0,233.284,,2228224,2025-08-11 14:40:03
3003,RobotSimForPA/Global/R1_WeldingCurrent,0,234.70600000000002,,2228224,2025-08-11 14:40:04
3004,RobotSimForPA/Global/R1_WeldingCurrent,0,230.393,,2228224,2025-08-11 14:40:05
3005,RobotSimForPA/Global/R1_WeldingCurrent,0,219.81,,2228224,2025-08-11 14:40:06
3006,RobotSimForPA/Global/R1_WeldingCurrent,0,222.255,,2228224,2025-08-11 14:40:07
3007,RobotSimForPA/Global/R1_WeldingCurrent,0,216.229,,2228224,2025-08-11 14:40:08
3008,RobotSimForPA/Global/R1_WeldingCurrent,0,203.56300000000002,,2228224,2025-08-11 14:40:09
3009,RobotSimForPA/Global/R1_WeldingCurrent,0,0.0,,2228224,2025-08-11 14:40:10
3010,RobotSimForPA/Global/R1_WeldingCurrent,0,0.0,,2228224,2025-08-11 14:40:11
3011,RobotSimForPA/Global/R1_WeldingCurrent,0,0.0,,2228224,2025-08-11 14:40:12
3012,RobotSimForPA/Global/R1_WeldingCurrent,0,0.0,,2228224,2025-08-11 14:40:13
3013,RobotSimForPA/Global/R1_WeldingCurrent,0,0.0,,2228224,2025-08-11 14:40:14
3014,RobotSimForPA/Global/R1_WeldingCurrent,0,0.0,,2228224,2025-08-11 14:40:15
3015,RobotSimForPA/Global/R1_WeldingCurrent,0,0.0,,2228224,2025-08-11 14:40:16
3016,RobotSimForPA/Global/R1_WeldingCurrent,0,0.0,,2228224,2025-08-11 14:40:17
3017,RobotSimForPA/Global/R1_WeldingCurrent,0,0.0,,2228224,2025-08-11 14:40:18
3018,RobotSimForPA/Global/R1_WeldingCurrent,0,0.0,,2228224,2025-08-11 14:40:19
3019,RobotSimForPA/Global/R1_WeldingCurrent,0,0.0,,2228224,2025-08-11 14:40:20
3020,RobotSimForPA/Global/R1_WeldingCurrent,0,0.0,,2228224,2025-08-11 14:40:21
3021,RobotSimForPA/Global/R1_WeldingCurrent,0,0.0,,2228224,2025-08-11 14:40:22
3022,RobotSimForPA/Global/R1_WeldingCurrent,0,0.0,,2228224,2025-08-11 14:40:23
3023,RobotSimForPA/Global/R1_WeldingCurrent,0,0.0,,2228224,2025-08-11 14:40:24
3024,RobotSimForPA/Global/R1_WeldingCurrent,0,0.0,,2228224,2025-08-11 14:40:25
3025,RobotSimForPA/Global/R1_WeldingCurrent,0,249.112,,2228224,2025-08-11 14:40:26
3026,RobotSimForPA/Global/R1_WeldingCurrent,0,247.625,,2228224,2025-08-11 14:40:27
3027,RobotSimForPA/Global/R1_WeldingCurrent,0,252.324,,2228224,2025-08-11 14:40:28
3028,RobotSimForPA/Global/R1_WeldingCurrent,0,242.941,,2228224,2025-08-11 14:40:29
3029,RobotSimForPA/Global/R1_WeldingCurrent,0,247.616,,2228224,2025-08-11 14:40:30
3030,RobotSimForPA/Global/R1_WeldingCurrent,0,247.436,,2228224,2025-08-11 14:40:31
3031,RobotSimForPA/Global/R1_WeldingCurrent,0,239.179,,2228224,2025-08-11 14:40:32
3032,RobotSimForPA/Global/R1_WeldingCurrent,0,238.162,,2228224,2025-08-11 14:40:33
3033,RobotSimForPA/Global/R1_WeldingCurrent,0,240.326,,2228224,2025-08-11 14:40:34
3034,RobotSimForPA/Global/R1_WeldingCurrent,0,237.641,,2228224,2025-08-11 14:40:35
3035,RobotSimForPA/Global/R1_WeldingCurrent,0,235.33700000000002,,2228224,2025-08-11 14:40:36
3036,RobotSimForPA/Global/R1_WeldingCurrent,0,229.981,,2228224,2025-08-11 14:40:37
3037,RobotSimForPA/Global/R1_WeldingCurrent,0,224.04,,2228224,2025-08-11 14:40:38
3038,RobotSimForPA/Global/R1_WeldingCurrent,0,220.524,,2228224,2025-08-11 14:40:39
3039,RobotSimForPA/Global/R1_WeldingCurrent,0,213.239,,2228224,2025-08-11 14:40:40
3040,RobotSimForPA/Global/R1_WeldingCurrent,0,210.82500000000002,,2228224,2025-08-11 14:40:41
3041,RobotSimForPA/Global/R1_WeldingCurrent,0,0.0,,2228224,2025-08-11 14:40:42
3042,RobotSimForPA/Global/R1_WeldingCurrent,0,0.0,,2228224,2025-08-11 14:40:43
3043,RobotSimForPA/Global/R1_WeldingCurrent,0,0.0,,2228224,2025-08-11 14:40:44
3044,RobotSimForPA/Global/R1_WeldingCurrent,0,0.0,,2228224,2025-08-11 14:40:45
3045,RobotSimForPA/Global/R1_WeldingCurrent,0,0.0,,2228224,2025-08-11 14:40:46
3046,RobotSimForPA/Global/R1_WeldingCurrent,0,0.0,,2228224,2025-08-11 14:40:47
3047,RobotSimForPA/Global/R1_WeldingCurrent,0,0.0,,2228224,2025-08-11 14:40:48
3048,RobotSimForPA/Global/R1_WeldingCurrent,0,0.0,,2228224,2025-08-11 14:40:49
3049,RobotSimForPA/Global/R1_WeldingCurrent,0,0.0,,2228224,2025-08-11 14:40:50
3050,RobotSimForPA/Global/R1_WeldingCurrent,0,0.0,,2228224,2025-08-11 14:40:51
3051,RobotSimForPA/Global/R1_WeldingCurrent,0,0.0,,2228224,2025-08-11 14:40:52
3052,RobotSimForPA/Global/R1_WeldingCurrent,0,0.0,,2228224,2025-08-11 14:40:53
3053,RobotSimForPA/Global/R1_WeldingCurrent,0,0.0,,2228224,2025-08-11 14:40:54
3054,RobotSimForPA/Global/R1_WeldingCurrent,0,0.0,,2228224,2025-08-11 14:40:55
3055,RobotSimForPA/Global/R1_WeldingCurrent,0,0.0,,2228224,2025-08-11 14:40:56
3056,RobotSimForPA/Global/R1_WeldingCurrent,0,0.0,,2228224,2025-08-11 14:40:57
3057,RobotSimForPA/Global/R1_WeldingCurrent,0,248.579,,2228224,2025-08-11 14:40:58
3058,RobotSimForPA/Global/R1_WeldingCurrent,0,248.459,,2228224,2025-08-11 14:40:59
3059,RobotSimForPA/Global/R1_WeldingCurrent,0,245.42000000000002,,2228224,2025-08-11 14:41:00
3060,RobotSimForPA/Global/R1_WeldingCurrent,0,251.672,,2228224,2025-08-11 14:41:01
3061,RobotSimForPA/Global/R1_WeldingCurrent,0,244.415,,2228224,2025-08-11 14:41:02
3062,RobotSimForPA/Global/R1_WeldingCurrent,0,245.086,,2228224,2025-08-11 14:41:03
3063,RobotSimForPA/Global/R1_WeldingCurrent,0,245.725,,2228224,2025-08-11 14:41:04
3064,RobotSimForPA/Global/R1_WeldingCurrent,0,244.024,,2228224,2025-08-11 14:41:05
3065,RobotSimForPA/Global/R1_WeldingCurrent,0,241.059,,2228224,2025-08-11 14:41:06
3066,RobotSimForPA/Global/R1_WeldingCurrent,0,234.794,,2228224,2025-08-11 14:41:07
3067,RobotSimForPA/Global/R1_WeldingCurrent,0,226.348,,2228224,2025-08-11 14:41:08
3068,RobotSimForPA/Global/R1_WeldingCurrent,0,230.477,,2228224,2025-08-11 14:41:09
3069,RobotSimForPA/Global/R1_WeldingCurrent,0,220.739,,2228224,2025-08-11 14:41:10
3070,RobotSimForPA/Global/R1_WeldingCurrent,0,213.211,,2228224,2025-08-11 14:41:11
3071,RobotSimForPA/Global/R1_WeldingCurrent,0,211.481,,2228224,2025-08-11 14:41:12
3072,RobotSimForPA/Global/R1_WeldingCurrent,0,0.0,,2228224,2025-08-11 14:41:13
3073,RobotSimForPA/Global/R1_WeldingCurrent,0,0.0,,2228224,2025-08-11 14:41:14
3074,RobotSimForPA/Global/R1_WeldingCurrent,0,0.0,,2228224,2025-08-11 14:41:15
3075,RobotSimForPA/Global/R1_WeldingCurrent,0,0.0,,2228224,2025-08-11 14:41:16
3076,RobotSimForPA/Global/R1_WeldingCurrent,0,0.0,,2228224,2025-08-11 14:41:17
3077,RobotSimForPA/Global/R1_WeldingCurrent,0,0.0,,2228224,2025-08-11 14:41:18
3078,RobotSimForPA/Global/R1_WeldingCurrent,0,0.0,,2228224,2025-08-11 14:41:19
3079,RobotSimForPA/Global/R1_WeldingCurrent,0,0.0,,2228224,2025-08-11 14:41:20
3080,RobotSimForPA/Global/R1_WeldingCurrent,0,0.0,,2228224,2025-08-11 14:41:21
3081,RobotSimForPA/Global/R1_WeldingCurrent,0,0.0,,2228224,2025-08-11 14:41:22
3082,RobotSimForPA/Global/R1_WeldingCurrent,0,0.0,,2228224,2025-08-11 14:41:23
3083,RobotSimForPA/Global/R1_WeldingCurrent,0,0.0,,2228224,2025-08-11 14:41:24
3084,RobotSimForPA/Global/R1_WeldingCurrent,0,0.0,,2228224,2025-08-11 14:41:25
3085,RobotSimForPA/Global/R1_WeldingCurrent,0,0.0,,2228224,2025-08-11 14:41:26
3086,RobotSimForPA/Global/R1_WeldingCurrent,0,0.0,,2228224,2025-08-11 14:41:27
3087,RobotSimForPA/Global/R1_WeldingCurrent,0,0.0,,2228224,2025-08-11 14:41:28
3088,RobotSimForPA/Global/R1_WeldingCurrent,0,249.387,,2228224,2025-08-11 14:41:29
3089,RobotSimForPA/Global/R1_WeldingCurrent,0,243.778,,2228224,2025-08-11 14:41:30
3090,RobotSimForPA/Global/R1_WeldingCurrent,0,249.857,,2228224,2025-08-11 14:41:31
3091,RobotSimForPA/Global/R1_WeldingCurrent,0,243.383,,2228224,2025-08-11 14:41:32
3092,RobotSimForPA/Global/R1_WeldingCurrent,0,247.292,,2228224,2025-08-11 14:41:33
3093,RobotSimForPA/Global/R1_WeldingCurrent,0,249.624,,2228224,2025-08-11 14:41:34
3094,RobotSimForPA/Global/R1_WeldingCurrent,0,240.232,,2228224,2025-08-11 14:41:35
3095,RobotSimForPA/Global/R1_WeldingCurrent,0,236.37800000000001,,2228224,2025-08-11 14:41:36
3096,RobotSimForPA/Global/R1_WeldingCurrent,0,237.352,,2228224,2025-08-11 14:41:37
3097,RobotSimForPA/Global/R1_WeldingCurrent,0,229.907,,2228224,2025-08-11 14:41:38
3098,RobotSimForPA/Global/R1_WeldingCurrent,0,230.30100000000002,,2228224,2025-08-11 14:41:39
3099,RobotSimForPA/Global/R1_WeldingCurrent,0,228.409,,2228224,2025-08-11 14:41:40
3100,RobotSimForPA/Global/R1_WeldingCurrent,0,217.98000000000002,,2228224,2025-08-11 14:41:41
3101,RobotSimForPA/Global/R1_WeldingCurrent,0,215.809,,2228224,2025-08-11 14:41:42
3102,RobotSimForPA/Global/R1_WeldingCurrent,0,211.56900000000002,,2228224,2025-08-11 14:41:43
3103,RobotSimForPA/Global/R1_WeldingCurrent,0,0.0,,2228224,2025-08-11 14:41:44
3104,RobotSimForPA/Global/R1_WeldingCurrent,0,0.0,,2228224,2025-08-11 14:41:45
3105,RobotSimForPA/Global/R1_WeldingCurrent,0,0.0,,2228224,2025-08-11 14:41:46
3106,RobotSimForPA/Global/R1_WeldingCurrent,0,0.0,,2228224,2025-08-11 14:41:47
3107,RobotSimForPA/Global/R1_WeldingCurrent,0,0.0,,2228224,2025-08-11 14:41:48
3108,RobotSimForPA/Global/R1_WeldingCurrent,0,0.0,,2228224,2025-08-11 14:41:49
3109,RobotSimForPA/Global/R1_WeldingCurrent,0,0.0,,2228224,2025-08-11 14:41:50
3110,RobotSimForPA/Global/R1_WeldingCurrent,0,0.0,,2228224,2025-08-11 14:41:51
3111,RobotSimForPA/Global/R1_WeldingCurrent,0,0.0,,2228224,2025-08-11 14:41:52
3112,RobotSimForPA/Global/R1_WeldingCurrent,0,0.0,,2228224,2025-08-11 14:41:53
3113,RobotSimForPA/Global/R1_WeldingCurrent,0,0.0,,2228224,2025-08-11 14:41:54
3114,RobotSimForPA/Global/R1_WeldingCurrent,0,0.0,,2228224,2025-08-11 14:41:55
3115,RobotSimForPA/Global/R1_WeldingCurrent,0,0.0,,2228224,2025-08-11 14:41:56
3116,RobotSimForPA/Global/R1_WeldingCurrent,0,0.0,,2228224,2025-08-11 14:41:57
3117,RobotSimForPA/Global/R1_WeldingCurrent,0,0.0,,2228224,2025-08-11 14:41:58
3118,RobotSimForPA/Global/R1_WeldingCurrent,0,0.0,,2228224,2025-08-11 14:41:59
3119,RobotSimForPA/Global/R1_WeldingCurrent,0,242.437,,2228224,2025-08-11 14:42:00
3120,RobotSimForPA/Global/R1_WeldingCurrent,0,250.972,,2228224,2025-08-11 14:42:01
3121,RobotSimForPA/Global/R1_WeldingCurrent,0,249.97,,2228224,2025-08-11 14:42:02
3122,RobotSimForPA/Global/R1_WeldingCurrent,0,242.959,,2228224,2025-08-11 14:42:03
3123,RobotSimForPA/Global/R1_WeldingCurrent,0,245.677,,2228224,2025-08-11 14:42:04
3124,RobotSimForPA/Global/R1_WeldingCurrent,0,249.127,,2228224,2025-08-11 14:42:05
3125,RobotSimForPA/Global/R1_WeldingCurrent,0,241.026,,2228224,2025-08-11 14:42:06
3126,RobotSimForPA/Global/R1_WeldingCurrent,0,239.147,,2228224,2025-08-11 14:42:07
3127,RobotSimForPA/Global/R1_WeldingCurrent,0,236.054,,2228224,2025-08-11 14:42:08
3128,RobotSimForPA/Global/R1_WeldingCurrent,0,233.835,,2228224,2025-08-11 14:42:09
3129,RobotSimForPA/Global/R1_WeldingCurrent,0,230.787,,2228224,2025-08-11 14:42:10
3130,RobotSimForPA/Global/R1_WeldingCurrent,0,225.963,,2228224,2025-08-11 14:42:11
3131,RobotSimForPA/Global/R1_WeldingCurrent,0,215.54,,2228224,2025-08-11 14:42:12
3132,RobotSimForPA/Global/R1_WeldingCurrent,0,212.159,,2228224,2025-08-11 14:42:13
3133,RobotSimForPA/Global/R1_WeldingCurrent,0,212.02700000000002,,2228224,2025-08-11 14:42:14
3134,RobotSimForPA/Global/R1_WeldingCurrent,0,0.0,,2228224,2025-08-11 14:42:15
3135,RobotSimForPA/Global/R1_WeldingCurrent,0,0.0,,2228224,2025-08-11 14:42:16
3136,RobotSimForPA/Global/R1_WeldingCurrent,0,0.0,,2228224,2025-08-11 14:42:17
3137,RobotSimForPA/Global/R1_WeldingCurrent,0,0.0,,2228224,2025-08-11 14:42:18
3138,RobotSimForPA/Global/R1_WeldingCurrent,0,0.0,,2228224,2025-08-11 14:42:19
3139,RobotSimForPA/Global/R1_WeldingCurrent,0,0.0,,2228224,2025-08-11 14:42:20
3140,RobotSimForPA/Global/R1_WeldingCurrent,0,0.0,,2228224,2025-08-11 14:42:21
3141,RobotSimForPA/Global/R1_WeldingCurrent,0,0.0,,2228224,2025-08-11 14:42:22
3142,RobotSimForPA/Global/R1_WeldingCurrent,0,0.0,,2228224,2025-08-11 14:42:23
3143,RobotSimForPA/Global/R1_WeldingCurrent,0,0.0,,2228224,2025-08-11 14:42:24
3144,RobotSimForPA/Global/R1_WeldingCurrent,0,0.0,,2228224,2025-08-11 14:42:25
3145,RobotSimForPA/Global/R1_WeldingCurrent,0,0.0,,2228224,2025-08-11 14:42:26
3146,RobotSimForPA/Global/R1_WeldingCurrent,0,0.0,,2228224,2025-08-11 14:42:27
3147,RobotSimForPA/Global/R1_WeldingCurrent,0,0.0,,2228224,2025-08-11 14:42:28
3148,RobotSimForPA/Global/R1_WeldingCurrent,0,0.0,,2228224,2025-08-11 14:42:29
3149,RobotSimForPA/Global/R1_WeldingCurrent,0,0.0,,2228224,2025-08-11 14:42:30
3150,RobotSimForPA/Global/R1_WeldingCurrent,0,244.175,,2228224,2025-08-11 14:42:31
3151,RobotSimForPA/Global/R1_WeldingCurrent,0,245.833,,2228224,2025-08-11 14:42:32
3152,RobotSimForPA/Global/R1_WeldingCurrent,0,247.163,,2228224,2025-08-11 14:42:33
3153,RobotSimForPA/Global/R1_WeldingCurrent,0,252.096,,2228224,2025-08-11 14:42:34
3154,RobotSimForPA/Global/R1_WeldingCurrent,0,245.442,,2228224,2025-08-11 14:42:35
3155,RobotSimForPA/Global/R1_WeldingCurrent,0,248.772,,2228224,2025-08-11 14:42:36
3156,RobotSimForPA/Global/R1_WeldingCurrent,0,244.865,,2228224,2025-08-11 14:42:37
3157,RobotSimForPA/Global/R1_WeldingCurrent,0,241.594,,2228224,2025-08-11 14:42:38
3158,RobotSimForPA/Global/R1_WeldingCurrent,0,238.025,,2228224,2025-08-11 14:42:39
3159,RobotSimForPA/Global/R1_WeldingCurrent,0,229.991,,2228224,2025-08-11 14:42:40
3160,RobotSimForPA/Global/R1_WeldingCurrent,0,235.455,,2228224,2025-08-11 14:42:41
3161,RobotSimForPA/Global/R1_WeldingCurrent,0,227.93200000000002,,2228224,2025-08-11 14:42:42
3162,RobotSimForPA/Global/R1_WeldingCurrent,0,221.086,,2228224,2025-08-11 14:42:43
3163,RobotSimForPA/Global/R1_WeldingCurrent,0,212.761,,2228224,2025-08-11 14:42:44
3164,RobotSimForPA/Global/R1_WeldingCurrent,0,216.034,,2228224,2025-08-11 14:42:45
3165,RobotSimForPA/Global/R1_WeldingCurrent,0,209.671,,2228224,2025-08-11 14:42:46
3166,RobotSimForPA/Global/R1_WeldingCurrent,0,0.0,,2228224,2025-08-11 14:42:47
3167,RobotSimForPA/Global/R1_WeldingCurrent,0,0.0,,2228224,2025-08-11 14:42:48
3168,RobotSimForPA/Global/R1_WeldingCurrent,0,0.0,,2228224,2025-08-11 14:42:49
3169,RobotSimForPA/Global/R1_WeldingCurrent,0,0.0,,2228224,2025-08-11 14:42:50
3170,RobotSimForPA/Global/R1_WeldingCurrent,0,0.0,,2228224,2025-08-11 14:42:51
3171,RobotSimForPA/Global/R1_WeldingCurrent,0,0.0,,2228224,2025-08-11 14:42:52
3172,RobotSimForPA/Global/R1_WeldingCurrent,0,0.0,,2228224,2025-08-11 14:42:53
3173,RobotSimForPA/Global/R1_WeldingCurrent,0,0.0,,2228224,2025-08-11 14:42:54
3174,RobotSimForPA/Global/R1_WeldingCurrent,0,0.0,,2228224,2025-08-11 14:42:55
3175,RobotSimForPA/Global/R1_WeldingCurrent,0,0.0,,2228224,2025-08-11 14:42:56
3176,RobotSimForPA/Global/R1_WeldingCurrent,0,0.0,,2228224,2025-08-11 14:42:57
3177,RobotSimForPA/Global/R1_WeldingCurrent,0,0.0,,2228224,2025-08-11 14:42:58
3178,RobotSimForPA/Global/R1_WeldingCurrent,0,0.0,,2228224,2025-08-11 14:42:59
3179,RobotSimForPA/Global/R1_WeldingCurrent,0,0.0,,2228224,2025-08-11 14:43:00
3180,RobotSimForPA/Global/R1_WeldingCurrent,0,0.0,,2228224,2025-08-11 14:43:01
3181,RobotSimForPA/Global/R1_WeldingCurrent,0,0.0,,2228224,2025-08-11 14:43:02
3182,RobotSimForPA/Global/R1_WeldingCurrent,0,247.904,,2228224,2025-08-11 14:43:03
3183,RobotSimForPA/Global/R1_WeldingCurrent,0,247.25400000000002,,2228224,2025-08-11 14:43:04
3184,RobotSimForPA/Global/R1_WeldingCurrent,0,245.241,,2228224,2025-08-11 14:43:05
3185,RobotSimForPA/Global/R1_WeldingCurrent,0,247.74,,2228224,2025-08-11 14:43:06
3186,RobotSimForPA/Global/R1_WeldingCurrent,0,245.28300000000002,,2228224,2025-08-11 14:43:07
3187,RobotSimForPA/Global/R1_WeldingCurrent,0,242.61,,2228224,2025-08-11 14:43:08
3188,RobotSimForPA/Global/R1_WeldingCurrent,0,246.407,,2228224,2025-08-11 14:43:09
3189,RobotSimForPA/Global/R1_WeldingCurrent,0,244.40800000000002,,2228224,2025-08-11 14:43:10
3190,RobotSimForPA/Global/R1_WeldingCurrent,0,242.806,,2228224,2025-08-11 14:43:11
3191,RobotSimForPA/Global/R1_WeldingCurrent,0,233.585,,2228224,2025-08-11 14:43:12
3192,RobotSimForPA/Global/R1_WeldingCurrent,0,235.288,,2228224,2025-08-11 14:43:13
3193,RobotSimForPA/Global/R1_WeldingCurrent,0,231.535,,2228224,2025-08-11 14:43:14
3194,RobotSimForPA/Global/R1_WeldingCurrent,0,224.883,,2228224,2025-08-11 14:43:15
3195,RobotSimForPA/Global/R1_WeldingCurrent,0,216.74200000000002,,2228224,2025-08-11 14:43:16
3196,RobotSimForPA/Global/R1_WeldingCurrent,0,211.998,,2228224,2025-08-11 14:43:17
3197,RobotSimForPA/Global/R1_WeldingCurrent,0,205.586,,2228224,2025-08-11 14:43:18
3198,RobotSimForPA/Global/R1_WeldingCurrent,0,0.0,,2228224,2025-08-11 14:43:19
3199,RobotSimForPA/Global/R1_WeldingCurrent,0,0.0,,2228224,2025-08-11 14:43:20
3200,RobotSimForPA/Global/R1_WeldingCurrent,0,0.0,,2228224,2025-08-11 14:43:21
3201,RobotSimForPA/Global/R1_WeldingCurrent,0,0.0,,2228224,2025-08-11 14:43:22
3202,RobotSimForPA/Global/R1_WeldingCurrent,0,0.0,,2228224,2025-08-11 14:43:23
3203,RobotSimForPA/Global/R1_WeldingCurrent,0,0.0,,2228224,2025-08-11 14:43:24
3204,RobotSimForPA/Global/R1_WeldingCurrent,0,0.0,,2228224,2025-08-11 14:43:25
3205,RobotSimForPA/Global/R1_WeldingCurrent,0,0.0,,2228224,2025-08-11 14:43:26
3206,RobotSimForPA/Global/R1_WeldingCurrent,0,0.0,,2228224,2025-08-11 14:43:27
3207,RobotSimForPA/Global/R1_WeldingCurrent,0,0.0,,2228224,2025-08-11 14:43:28
3208,RobotSimForPA/Global/R1_WeldingCurrent,0,0.0,,2228224,2025-08-11 14:43:29
3209,RobotSimForPA/Global/R1_WeldingCurrent,0,0.0,,2228224,2025-08-11 14:43:30
3210,RobotSimForPA/Global/R1_WeldingCurrent,0,0.0,,2228224,2025-08-11 14:43:31
3211,RobotSimForPA/Global/R1_WeldingCurrent,0,0.0,,2228224,2025-08-11 14:43:32
3212,RobotSimForPA/Global/R1_WeldingCurrent,0,0.0,,2228224,2025-08-11 14:43:33
3213,RobotSimForPA/Global/R1_WeldingCurrent,0,0.0,,2228224,2025-08-11 14:43:34
3214,RobotSimForPA/Global/R1_WeldingCurrent,0,249.42000000000002,,2228224,2025-08-11 14:43:35
3215,RobotSimForPA/Global/R1_WeldingCurrent,0,245.34900000000002,,2228224,2025-08-11 14:43:36
3216,RobotSimForPA/Global/R1_WeldingCurrent,0,250.467,,2228224,2025-08-11 14:43:37
3217,RobotSimForPA/Global/R1_WeldingCurrent,0,244.626,,2228224,2025-08-11 14:43:38
3218,RobotSimForPA/Global/R1_WeldingCurrent,0,247.75,,2228224,2025-08-11 14:43:39
3219,RobotSimForPA/Global/R1_WeldingCurrent,0,248.371,,2228224,2025-08-11 14:43:40
3220,RobotSimForPA/Global/R1_WeldingCurrent,0,240.375,,2228224,2025-08-11 14:43:41
3221,RobotSimForPA/Global/R1_WeldingCurrent,0,241.282,,2228224,2025-08-11 14:43:42
3222,RobotSimForPA/Global/R1_WeldingCurrent,0,236.88400000000001,,2228224,2025-08-11 14:43:43
3223,RobotSimForPA/Global/R1_WeldingCurrent,0,238.642,,2228224,2025-08-11 14:43:44
3224,RobotSimForPA/Global/R1_WeldingCurrent,0,228.776,,2228224,2025-08-11 14:43:45
3225,RobotSimForPA/Global/R1_WeldingCurrent,0,232.43200000000002,,2228224,2025-08-11 14:43:46
3226,RobotSimForPA/Global/R1_WeldingCurrent,0,222.901,,2228224,2025-08-11 14:43:47
3227,RobotSimForPA/Global/R1_WeldingCurrent,0,220.465,,2228224,2025-08-11 14:43:48
3228,RobotSimForPA/Global/R1_WeldingCurrent,0,207.161,,2228224,2025-08-11 14:43:49
3229,RobotSimForPA/Global/R1_WeldingCurrent,0,203.25300000000001,,2228224,2025-08-11 14:43:50
3230,RobotSimForPA/Global/R1_WeldingCurrent,0,0.0,,2228224,2025-08-11 14:43:51
3231,RobotSimForPA/Global/R1_WeldingCurrent,0,0.0,,2228224,2025-08-11 14:43:52
3232,RobotSimForPA/Global/R1_WeldingCurrent,0,0.0,,2228224,2025-08-11 14:43:53
3233,RobotSimForPA/Global/R1_WeldingCurrent,0,0.0,,2228224,2025-08-11 14:43:54
3234,RobotSimForPA/Global/R1_WeldingCurrent,0,0.0,,2228224,2025-08-11 14:43:55
3235,RobotSimForPA/Global/R1_WeldingCurrent,0,0.0,,2228224,2025-08-11 14:43:56
3236,RobotSimForPA/Global/R1_WeldingCurrent,0,0.0,,2228224,2025-08-11 14:43:57
3237,RobotSimForPA/Global/R1_WeldingCurrent,0,0.0,,2228224,2025-08-11 14:43:58
3238,RobotSimForPA/Global/R1_WeldingCurrent,0,0.0,,2228224,2025-08-11 14:43:59
3239,RobotSimForPA/Global/R1_WeldingCurrent,0,0.0,,2228224,2025-08-11 14:44:00
3240,RobotSimForPA/Global/R1_WeldingCurrent,0,0.0,,2228224,2025-08-11 14:44:01
3241,RobotSimForPA/Global/R1_WeldingCurrent,0,0.0,,2228224,2025-08-11 14:44:02
3242,RobotSimForPA/Global/R1_WeldingCurrent,0,0.0,,2228224,2025-08-11 14:44:03
3243,RobotSimForPA/Global/R1_WeldingCurrent,0,0.0,,2228224,2025-08-11 14:44:04
3244,RobotSimForPA/Global/R1_WeldingCurrent,0,0.0,,2228224,2025-08-11 14:44:05
3245,RobotSimForPA/Global/R1_WeldingCurrent,0,0.0,,2228224,2025-08-11 14:44:06
3246,RobotSimForPA/Global/R1_WeldingCurrent,0,241.382,,2228224,2025-08-11 14:44:07
3247,RobotSimForPA/Global/R1_WeldingCurrent,0,248.984,,2228224,2025-08-11 14:44:08
3248,RobotSimForPA/Global/R1_WeldingCurrent,0,245.059,,2228224,2025-08-11 14:44:09
3249,RobotSimForPA/Global/R1_WeldingCurrent,0,246.02700000000002,,2228224,2025-08-11 14:44:10
3250,RobotSimForPA/Global/R1_WeldingCurrent,0,246.809,,2228224,2025-08-11 14:44:11
3251,RobotSimForPA/Global/R1_WeldingCurrent,0,250.339,,2228224,2025-08-11 14:44:12
3252,RobotSimForPA/Global/R1_WeldingCurrent,0,245.66,,2228224,2025-08-11 14:44:13
3253,RobotSimForPA/Global/R1_WeldingCurrent,0,241.591,,2228224,2025-08-11 14:44:14
3254,RobotSimForPA/Global/R1_WeldingCurrent,0,244.247,,2228224,2025-08-11 14:44:15
3255,RobotSimForPA/Global/R1_WeldingCurrent,0,239.036,,2228224,2025-08-11 14:44:16
3256,RobotSimForPA/Global/R1_WeldingCurrent,0,237.323,,2228224,2025-08-11 14:44:17
3257,RobotSimForPA/Global/R1_WeldingCurrent,0,233.695,,2228224,2025-08-11 14:44:18
3258,RobotSimForPA/Global/R1_WeldingCurrent,0,226.81900000000002,,2228224,2025-08-11 14:44:19
3259,RobotSimForPA/Global/R1_WeldingCurrent,0,221.981,,2228224,2025-08-11 14:44:20
3260,RobotSimForPA/Global/R1_WeldingCurrent,0,209.966,,2228224,2025-08-11 14:44:21
3261,RobotSimForPA/Global/R1_WeldingCurrent,0,208.21,,2228224,2025-08-11 14:44:22
3262,RobotSimForPA/Global/R1_WeldingCurrent,0,205.161,,2228224,2025-08-11 14:44:23
3263,RobotSimForPA/Global/R1_WeldingCurrent,0,0.0,,2228224,2025-08-11 14:44:24
3264,RobotSimForPA/Global/R1_WeldingCurrent,0,0.0,,2228224,2025-08-11 14:44:25
3265,RobotSimForPA/Global/R1_WeldingCurrent,0,0.0,,2228224,2025-08-11 14:44:26
3266,RobotSimForPA/Global/R1_WeldingCurrent,0,0.0,,2228224,2025-08-11 14:44:27
3267,RobotSimForPA/Global/R1_WeldingCurrent,0,0.0,,2228224,2025-08-11 14:44:28
3268,RobotSimForPA/Global/R1_WeldingCurrent,0,0.0,,2228224,2025-08-11 14:44:29
3269,RobotSimForPA/Global/R1_WeldingCurrent,0,0.0,,2228224,2025-08-11 14:44:30
3270,RobotSimForPA/Global/R1_WeldingCurrent,0,0.0,,2228224,2025-08-11 14:44:31
3271,RobotSimForPA/Global/R1_WeldingCurrent,0,0.0,,2228224,2025-08-11 14:44:32
3272,RobotSimForPA/Global/R1_WeldingCurrent,0,0.0,,2228224,2025-08-11 14:44:33
3273,RobotSimForPA/Global/R1_WeldingCurrent,0,0.0,,2228224,2025-08-11 14:44:34
3274,RobotSimForPA/Global/R1_WeldingCurrent,0,0.0,,2228224,2025-08-11 14:44:35
3275,RobotSimForPA/Global/R1_WeldingCurrent,0,0.0,,2228224,2025-08-11 14:44:36
3276,RobotSimForPA/Global/R1_WeldingCurrent,0,0.0,,2228224,2025-08-11 14:44:37
3277,RobotSimForPA/Global/R1_WeldingCurrent,0,0.0,,2228224,2025-08-11 14:44:38
3278,RobotSimForPA/Global/R1_WeldingCurrent,0,0.0,,2228224,2025-08-11 14:44:39
3279,RobotSimForPA/Global/R1_WeldingCurrent,0,245.74,,2228224,2025-08-11 14:44:40
3280,RobotSimForPA/Global/R1_WeldingCurrent,0,250.904,,2228224,2025-08-11 14:44:41
3281,RobotSimForPA/Global/R1_WeldingCurrent,0,252.56300000000002,,2228224,2025-08-11 14:44:42
3282,RobotSimForPA/Global/R1_WeldingCurrent,0,244.55100000000002,,2228224,2025-08-11 14:44:43
3283,RobotSimForPA/Global/R1_WeldingCurrent,0,248.27700000000002,,2228224,2025-08-11 14:44:44
3284,RobotSimForPA/Global/R1_WeldingCurrent,0,244.828,,2228224,2025-08-11 14:44:45
3285,RobotSimForPA/Global/R1_WeldingCurrent,0,244.485,,2228224,2025-08-11 14:44:46
3286,RobotSimForPA/Global/R1_WeldingCurrent,0,235.41,,2228224,2025-08-11 14:44:47
3287,RobotSimForPA/Global/R1_WeldingCurrent,0,234.491,,2228224,2025-08-11 14:44:48
3288,RobotSimForPA/Global/R1_WeldingCurrent,0,232.223,,2228224,2025-08-11 14:44:49
3289,RobotSimForPA/Global/R1_WeldingCurrent,0,227.203,,2228224,2025-08-11 14:44:50
3290,RobotSimForPA/Global/R1_WeldingCurrent,0,223.245,,2228224,2025-08-11 14:44:51
3291,RobotSimForPA/Global/R1_WeldingCurrent,0,219.358,,2228224,2025-08-11 14:44:52
3292,RobotSimForPA/Global/R1_WeldingCurrent,0,212.73000000000002,,2228224,2025-08-11 14:44:53
3293,RobotSimForPA/Global/R1_WeldingCurrent,0,207.155,,2228224,2025-08-11 14:44:54
3294,RobotSimForPA/Global/R1_WeldingCurrent,0,0.0,,2228224,2025-08-11 14:44:55
3295,RobotSimForPA/Global/R1_WeldingCurrent,0,0.0,,2228224,2025-08-11 14:44:56
3296,RobotSimForPA/Global/R1_WeldingCurrent,0,0.0,,2228224,2025-08-11 14:44:57
3297,RobotSimForPA/Global/R1_WeldingCurrent,0,0.0,,2228224,2025-08-11 14:44:58
3298,RobotSimForPA/Global/R1_WeldingCurrent,0,0.0,,2228224,2025-08-11 14:44:59
3299,RobotSimForPA/Global/R1_WeldingCurrent,0,0.0,,2228224,2025-08-11 14:45:00
3300,RobotSimForPA/Global/R1_WeldingCurrent,0,0.0,,2228224,2025-08-11 14:45:01
3301,RobotSimForPA/Global/R1_WeldingCurrent,0,0.0,,2228224,2025-08-11 14:45:02
3302,RobotSimForPA/Global/R1_WeldingCurrent,0,0.0,,2228224,2025-08-11 14:45:03
3303,RobotSimForPA/Global/R1_WeldingCurrent,0,0.0,,2228224,2025-08-11 14:45:04
3304,RobotSimForPA/Global/R1_WeldingCurrent,0,0.0,,2228224,2025-08-11 14:45:05
3305,RobotSimForPA/Global/R1_WeldingCurrent,0,0.0,,2228224,2025-08-11 14:45:06
3306,RobotSimForPA/Global/R1_WeldingCurrent,0,0.0,,2228224,2025-08-11 14:45:07
3307,RobotSimForPA/Global/R1_WeldingCurrent,0,0.0,,2228224,2025-08-11 14:45:08
3308,RobotSimForPA/Global/R1_WeldingCurrent,0,0.0,,2228224,2025-08-11 14:45:09
3309,RobotSimForPA/Global/R1_WeldingCurrent,0,0.0,,2228224,2025-08-11 14:45:10
3310,RobotSimForPA/Global/R1_WeldingCurrent,0,243.678,,2228224,2025-08-11 14:45:11
3311,RobotSimForPA/Global/R1_WeldingCurrent,0,242.45000000000002,,2228224,2025-08-11 14:45:12
3312,RobotSimForPA/Global/R1_WeldingCurrent,0,246.668,,2228224,2025-08-11 14:45:13
3313,RobotSimForPA/Global/R1_WeldingCurrent,0,251.64000000000001,,2228224,2025-08-11 14:45:14
3314,RobotSimForPA/Global/R1_WeldingCurrent,0,244.181,,2228224,2025-08-11 14:45:15
3315,RobotSimForPA/Global/R1_WeldingCurrent,0,247.594,,2228224,2025-08-11 14:45:16
3316,RobotSimForPA/Global/R1_WeldingCurrent,0,243.327,,2228224,2025-08-11 14:45:17
3317,RobotSimForPA/Global/R1_WeldingCurrent,0,242.874,,2228224,2025-08-11 14:45:18
3318,RobotSimForPA/Global/R1_WeldingCurrent,0,240.317,,2228224,2025-08-11 14:45:19
3319,RobotSimForPA/Global/R1_WeldingCurrent,0,237.916,,2228224,2025-08-11 14:45:20
3320,RobotSimForPA/Global/R1_WeldingCurrent,0,237.779,,2228224,2025-08-11 14:45:21
3321,RobotSimForPA/Global/R1_WeldingCurrent,0,230.15200000000002,,2228224,2025-08-11 14:45:22
3322,RobotSimForPA/Global/R1_WeldingCurrent,0,226.983,,2228224,2025-08-11 14:45:23
3323,RobotSimForPA/Global/R1_WeldingCurrent,0,225.095,,2228224,2025-08-11 14:45:24
3324,RobotSimForPA/Global/R1_WeldingCurrent,0,220.106,,2228224,2025-08-11 14:45:25
3325,RobotSimForPA/Global/R1_WeldingCurrent,0,212.243,,2228224,2025-08-11 14:45:26
3326,RobotSimForPA/Global/R1_WeldingCurrent,0,199.229,,2228224,2025-08-11 14:45:27
3327,RobotSimForPA/Global/R1_WeldingCurrent,0,0.0,,2228224,2025-08-11 14:45:28
3328,RobotSimForPA/Global/R1_WeldingCurrent,0,0.0,,2228224,2025-08-11 14:45:29
3329,RobotSimForPA/Global/R1_WeldingCurrent,0,0.0,,2228224,2025-08-11 14:45:30
3330,RobotSimForPA/Global/R1_WeldingCurrent,0,0.0,,2228224,2025-08-11 14:45:31
3331,RobotSimForPA/Global/R1_WeldingCurrent,0,0.0,,2228224,2025-08-11 14:45:32
3332,RobotSimForPA/Global/R1_WeldingCurrent,0,0.0,,2228224,2025-08-11 14:45:33
3333,RobotSimForPA/Global/R1_WeldingCurrent,0,0.0,,2228224,2025-08-11 14:45:34
3334,RobotSimForPA/Global/R1_WeldingCurrent,0,0.0,,2228224,2025-08-11 14:45:35
3335,RobotSimForPA/Global/R1_WeldingCurrent,0,0.0,,2228224,2025-08-11 14:45:36
3336,RobotSimForPA/Global/R1_WeldingCurrent,0,0.0,,2228224,2025-08-11 14:45:37
3337,RobotSimForPA/Global/R1_WeldingCurrent,0,0.0,,2228224,2025-08-11 14:45:38
3338,RobotSimForPA/Global/R1_WeldingCurrent,0,0.0,,2228224,2025-08-11 14:45:39
3339,RobotSimForPA/Global/R1_WeldingCurrent,0,0.0,,2228224,2025-08-11 14:45:40
3340,RobotSimForPA/Global/R1_WeldingCurrent,0,0.0,,2228224,2025-08-11 14:45:41
3341,RobotSimForPA/Global/R1_WeldingCurrent,0,0.0,,2228224,2025-08-11 14:45:42
3342,RobotSimForPA/Global/R1_WeldingCurrent,0,0.0,,2228224,2025-08-11 14:45:43
3343,RobotSimForPA/Global/R1_WeldingCurrent,0,250.564,,2228224,2025-08-11 14:45:44
3344,RobotSimForPA/Global/R1_WeldingCurrent,0,242.293,,2228224,2025-08-11 14:45:45
3345,RobotSimForPA/Global/R1_WeldingCurrent,0,252.26000000000002,,2228224,2025-08-11 14:45:46
3346,RobotSimForPA/Global/R1_WeldingCurrent,0,246.5,,2228224,2025-08-11 14:45:47
3347,RobotSimForPA/Global/R1_WeldingCurrent,0,247.411,,2228224,2025-08-11 14:45:48
3348,RobotSimForPA/Global/R1_WeldingCurrent,0,246.502,,2228224,2025-08-11 14:45:49
3349,RobotSimForPA/Global/R1_WeldingCurrent,0,246.37800000000001,,2228224,2025-08-11 14:45:50
3350,RobotSimForPA/Global/R1_WeldingCurrent,0,240.918,,2228224,2025-08-11 14:45:51
3351,RobotSimForPA/Global/R1_WeldingCurrent,0,242.864,,2228224,2025-08-11 14:45:52
3352,RobotSimForPA/Global/R1_WeldingCurrent,0,234.279,,2228224,2025-08-11 14:45:53
3353,RobotSimForPA/Global/R1_WeldingCurrent,0,234.696,,2228224,2025-08-11 14:45:54
3354,RobotSimForPA/Global/R1_WeldingCurrent,0,230.315,,2228224,2025-08-11 14:45:55
3355,RobotSimForPA/Global/R1_WeldingCurrent,0,223.876,,2228224,2025-08-11 14:45:56
3356,RobotSimForPA/Global/R1_WeldingCurrent,0,214.573,,2228224,2025-08-11 14:45:57
3357,RobotSimForPA/Global/R1_WeldingCurrent,0,208.799,,2228224,2025-08-11 14:45:58
3358,RobotSimForPA/Global/R1_WeldingCurrent,0,202.077,,2228224,2025-08-11 14:45:59
3359,RobotSimForPA/Global/R1_WeldingCurrent,0,0.0,,2228224,2025-08-11 14:46:00
3360,RobotSimForPA/Global/R1_WeldingCurrent,0,0.0,,2228224,2025-08-11 14:46:01
3361,RobotSimForPA/Global/R1_WeldingCurrent,0,0.0,,2228224,2025-08-11 14:46:02
3362,RobotSimForPA/Global/R1_WeldingCurrent,0,0.0,,2228224,2025-08-11 14:46:03
3363,RobotSimForPA/Global/R1_WeldingCurrent,0,0.0,,2228224,2025-08-11 14:46:04
3364,RobotSimForPA/Global/R1_WeldingCurrent,0,0.0,,2228224,2025-08-11 14:46:05
3365,RobotSimForPA/Global/R1_WeldingCurrent,0,0.0,,2228224,2025-08-11 14:46:06
3366,RobotSimForPA/Global/R1_WeldingCurrent,0,0.0,,2228224,2025-08-11 14:46:07
3367,RobotSimForPA/Global/R1_WeldingCurrent,0,0.0,,2228224,2025-08-11 14:46:08
3368,RobotSimForPA/Global/R1_WeldingCurrent,0,0.0,,2228224,2025-08-11 14:46:09
3369,RobotSimForPA/Global/R1_WeldingCurrent,0,0.0,,2228224,2025-08-11 14:46:10
3370,RobotSimForPA/Global/R1_WeldingCurrent,0,0.0,,2228224,2025-08-11 14:46:11
3371,RobotSimForPA/Global/R1_WeldingCurrent,0,0.0,,2228224,2025-08-11 14:46:12
3372,RobotSimForPA/Global/R1_WeldingCurrent,0,0.0,,2228224,2025-08-11 14:46:13
3373,RobotSimForPA/Global/R1_WeldingCurrent,0,0.0,,2228224,2025-08-11 14:46:14
3374,RobotSimForPA/Global/R1_WeldingCurrent,0,0.0,,2228224,2025-08-11 14:46:15
3375,RobotSimForPA/Global/R1_WeldingCurrent,0,244.87300000000002,,2228224,2025-08-11 14:46:16
3376,RobotSimForPA/Global/R1_WeldingCurrent,0,248.258,,2228224,2025-08-11 14:46:17
3377,RobotSimForPA/Global/R1_WeldingCurrent,0,245.382,,2228224,2025-08-11 14:46:18
3378,RobotSimForPA/Global/R1_WeldingCurrent,0,251.696,,2228224,2025-08-11 14:46:19
3379,RobotSimForPA/Global/R1_WeldingCurrent,0,242.187,,2228224,2025-08-11 14:46:20
3380,RobotSimForPA/Global/R1_WeldingCurrent,0,245.792,,2228224,2025-08-11 14:46:21
3381,RobotSimForPA/Global/R1_WeldingCurrent,0,247.734,,2228224,2025-08-11 14:46:22
3382,RobotSimForPA/Global/R1_WeldingCurrent,0,246.816,,2228224,2025-08-11 14:46:23
3383,RobotSimForPA/Global/R1_WeldingCurrent,0,239.4,,2228224,2025-08-11 14:46:24
3384,RobotSimForPA/Global/R1_WeldingCurrent,0,233.979,,2228224,2025-08-11 14:46:25
3385,RobotSimForPA/Global/R1_WeldingCurrent,0,227.615,,2228224,2025-08-11 14:46:26
3386,RobotSimForPA/Global/R1_WeldingCurrent,0,225.412,,2228224,2025-08-11 14:46:27
3387,RobotSimForPA/Global/R1_WeldingCurrent,0,222.889,,2228224,2025-08-11 14:46:28
3388,RobotSimForPA/Global/R1_WeldingCurrent,0,213.951,,2228224,2025-08-11 14:46:29
3389,RobotSimForPA/Global/R1_WeldingCurrent,0,209.3,,2228224,2025-08-11 14:46:30
3390,RobotSimForPA/Global/R1_WeldingCurrent,0,213.524,,2228224,2025-08-11 14:46:31
3391,RobotSimForPA/Global/R1_WeldingCurrent,0,0.0,,2228224,2025-08-11 14:46:32
3392,RobotSimForPA/Global/R1_WeldingCurrent,0,0.0,,2228224,2025-08-11 14:46:33
3393,RobotSimForPA/Global/R1_WeldingCurrent,0,0.0,,2228224,2025-08-11 14:46:34
3394,RobotSimForPA/Global/R1_WeldingCurrent,0,0.0,,2228224,2025-08-11 14:46:35
3395,RobotSimForPA/Global/R1_WeldingCurrent,0,0.0,,2228224,2025-08-11 14:46:36
3396,RobotSimForPA/Global/R1_WeldingCurrent,0,0.0,,2228224,2025-08-11 14:46:37
3397,RobotSimForPA/Global/R1_WeldingCurrent,0,0.0,,2228224,2025-08-11 14:46:38
3398,RobotSimForPA/Global/R1_WeldingCurrent,0,0.0,,2228224,2025-08-11 14:46:39
3399,RobotSimForPA/Global/R1_WeldingCurrent,0,0.0,,2228224,2025-08-11 14:46:40
3400,RobotSimForPA/Global/R1_WeldingCurrent,0,0.0,,2228224,2025-08-11 14:46:41
3401,RobotSimForPA/Global/R1_WeldingCurrent,0,0.0,,2228224,2025-08-11 14:46:42
3402,RobotSimForPA/Global/R1_WeldingCurrent,0,0.0,,2228224,2025-08-11 14:46:43
3403,RobotSimForPA/Global/R1_WeldingCurrent,0,0.0,,2228224,2025-08-11 14:46:44
3404,RobotSimForPA/Global/R1_WeldingCurrent,0,0.0,,2228224,2025-08-11 14:46:45
3405,RobotSimForPA/Global/R1_WeldingCurrent,0,0.0,,2228224,2025-08-11 14:46:46
3406,RobotSimForPA/Global/R1_WeldingCurrent,0,0.0,,2228224,2025-08-11 14:46:47
3407,RobotSimForPA/Global/R1_WeldingCurrent,0,242.439,,2228224,2025-08-11 14:46:48
3408,RobotSimForPA/Global/R1_WeldingCurrent,0,248.74,,2228224,2025-08-11 14:46:49
3409,RobotSimForPA/Global/R1_WeldingCurrent,0,250.27,,2228224,2025-08-11 14:46:50
3410,RobotSimForPA/Global/R1_WeldingCurrent,0,248.667,,2228224,2025-08-11 14:46:51
3411,RobotSimForPA/Global/R1_WeldingCurrent,0,244.417,,2228224,2025-08-11 14:46:52
3412,RobotSimForPA/Global/R1_WeldingCurrent,0,240.38,,2228224,2025-08-11 14:46:53
3413,RobotSimForPA/Global/R1_WeldingCurrent,0,244.001,,2228224,2025-08-11 14:46:54
3414,RobotSimForPA/Global/R1_WeldingCurrent,0,238.973,,2228224,2025-08-11 14:46:55
3415,RobotSimForPA/Global/R1_WeldingCurrent,0,236.96,,2228224,2025-08-11 14:46:56
3416,RobotSimForPA/Global/R1_WeldingCurrent,0,233.84,,2228224,2025-08-11 14:46:57
3417,RobotSimForPA/Global/R1_WeldingCurrent,0,223.279,,2228224,2025-08-11 14:46:58
3418,RobotSimForPA/Global/R1_WeldingCurrent,0,223.431,,2228224,2025-08-11 14:46:59
3419,RobotSimForPA/Global/R1_WeldingCurrent,0,214.42600000000002,,2228224,2025-08-11 14:47:00
3420,RobotSimForPA/Global/R1_WeldingCurrent,0,209.814,,2228224,2025-08-11 14:47:01
3421,RobotSimForPA/Global/R1_WeldingCurrent,0,0.0,,2228224,2025-08-11 14:47:02
3422,RobotSimForPA/Global/R1_WeldingCurrent,0,0.0,,2228224,2025-08-11 14:47:03
3423,RobotSimForPA/Global/R1_WeldingCurrent,0,0.0,,2228224,2025-08-11 14:47:04
3424,RobotSimForPA/Global/R1_WeldingCurrent,0,0.0,,2228224,2025-08-11 14:47:05
3425,RobotSimForPA/Global/R1_WeldingCurrent,0,0.0,,2228224,2025-08-11 14:47:06
3426,RobotSimForPA/Global/R1_WeldingCurrent,0,0.0,,2228224,2025-08-11 14:47:07
3427,RobotSimForPA/Global/R1_WeldingCurrent,0,0.0,,2228224,2025-08-11 14:47:08
3428,RobotSimForPA/Global/R1_WeldingCurrent,0,0.0,,2228224,2025-08-11 14:47:09
3429,RobotSimForPA/Global/R1_WeldingCurrent,0,0.0,,2228224,2025-08-11 14:47:10
3430,RobotSimForPA/Global/R1_WeldingCurrent,0,0.0,,2228224,2025-08-11 14:47:11
3431,RobotSimForPA/Global/R1_WeldingCurrent,0,0.0,,2228224,2025-08-11 14:47:12
3432,RobotSimForPA/Global/R1_WeldingCurrent,0,0.0,,2228224,2025-08-11 14:47:13
3433,RobotSimForPA/Global/R1_WeldingCurrent,0,0.0,,2228224,2025-08-11 14:47:14
3434,RobotSimForPA/Global/R1_WeldingCurrent,0,0.0,,2228224,2025-08-11 14:47:15
3435,RobotSimForPA/Global/R1_WeldingCurrent,0,0.0,,2228224,2025-08-11 14:47:16
3436,RobotSimForPA/Global/R1_WeldingCurrent,0,0.0,,2228224,2025-08-11 14:47:17
3437,RobotSimForPA/Global/R1_WeldingCurrent,0,244.667,,2228224,2025-08-11 14:47:18
3438,RobotSimForPA/Global/R1_WeldingCurrent,0,245.292,,2228224,2025-08-11 14:47:19
3439,RobotSimForPA/Global/R1_WeldingCurrent,0,246.166,,2228224,2025-08-11 14:47:20
3440,RobotSimForPA/Global/R1_WeldingCurrent,0,248.11100000000002,,2228224,2025-08-11 14:47:21
3441,RobotSimForPA/Global/R1_WeldingCurrent,0,250.463,,2228224,2025-08-11 14:47:22
3442,RobotSimForPA/Global/R1_WeldingCurrent,0,243.751,,2228224,2025-08-11 14:47:23
3443,RobotSimForPA/Global/R1_WeldingCurrent,0,246.649,,2228224,2025-08-11 14:47:24
3444,RobotSimForPA/Global/R1_WeldingCurrent,0,244.03,,2228224,2025-08-11 14:47:25
3445,RobotSimForPA/Global/R1_WeldingCurrent,0,237.47400000000002,,2228224,2025-08-11 14:47:26
3446,RobotSimForPA/Global/R1_WeldingCurrent,0,230.522,,2228224,2025-08-11 14:47:27
3447,RobotSimForPA/Global/R1_WeldingCurrent,0,231.317,,2228224,2025-08-11 14:47:28
3448,RobotSimForPA/Global/R1_WeldingCurrent,0,227.769,,2228224,2025-08-11 14:47:29
3449,RobotSimForPA/Global/R1_WeldingCurrent,0,213.118,,2228224,2025-08-11 14:47:30
3450,RobotSimForPA/Global/R1_WeldingCurrent,0,214.667,,2228224,2025-08-11 14:47:31
3451,RobotSimForPA/Global/R1_WeldingCurrent,0,0.0,,2228224,2025-08-11 14:47:32
3452,RobotSimForPA/Global/R1_WeldingCurrent,0,0.0,,2228224,2025-08-11 14:47:33
3453,RobotSimForPA/Global/R1_WeldingCurrent,0,0.0,,2228224,2025-08-11 14:47:34
3454,RobotSimForPA/Global/R1_WeldingCurrent,0,0.0,,2228224,2025-08-11 14:47:35
3455,RobotSimForPA/Global/R1_WeldingCurrent,0,0.0,,2228224,2025-08-11 14:47:36
3456,RobotSimForPA/Global/R1_WeldingCurrent,0,0.0,,2228224,2025-08-11 14:47:37
3457,RobotSimForPA/Global/R1_WeldingCurrent,0,0.0,,2228224,2025-08-11 14:47:38
3458,RobotSimForPA/Global/R1_WeldingCurrent,0,0.0,,2228224,2025-08-11 14:47:39
3459,RobotSimForPA/Global/R1_WeldingCurrent,0,0.0,,2228224,2025-08-11 14:47:40
3460,RobotSimForPA/Global/R1_WeldingCurrent,0,0.0,,2228224,2025-08-11 14:47:41
3461,RobotSimForPA/Global/R1_WeldingCurrent,0,0.0,,2228224,2025-08-11 14:47:42
3462,RobotSimForPA/Global/R1_WeldingCurrent,0,0.0,,2228224,2025-08-11 14:47:43
3463,RobotSimForPA/Global/R1_WeldingCurrent,0,0.0,,2228224,2025-08-11 14:47:44
3464,RobotSimForPA/Global/R1_WeldingCurrent,0,0.0,,2228224,2025-08-11 14:47:45
3465,RobotSimForPA/Global/R1_WeldingCurrent,0,0.0,,2228224,2025-08-11 14:47:46
3466,RobotSimForPA/Global/R1_WeldingCurrent,0,0.0,,2228224,2025-08-11 14:47:47
3467,RobotSimForPA/Global/R1_WeldingCurrent,0,242.25400000000002,,2228224,2025-08-11 14:47:48
3468,RobotSimForPA/Global/R1_WeldingCurrent,0,251.007,,2228224,2025-08-11 14:47:49
3469,RobotSimForPA/Global/R1_WeldingCurrent,0,250.495,,2228224,2025-08-11 14:47:50
3470,RobotSimForPA/Global/R1_WeldingCurrent,0,249.97,,2228224,2025-08-11 14:47:51
3471,RobotSimForPA/Global/R1_WeldingCurrent,0,252.309,,2228224,2025-08-11 14:47:52
3472,RobotSimForPA/Global/R1_WeldingCurrent,0,251.296,,2228224,2025-08-11 14:47:53
3473,RobotSimForPA/Global/R1_WeldingCurrent,0,249.389,,2228224,2025-08-11 14:47:54
3474,RobotSimForPA/Global/R1_WeldingCurrent,0,238.815,,2228224,2025-08-11 14:47:55
3475,RobotSimForPA/Global/R1_WeldingCurrent,0,238.87,,2228224,2025-08-11 14:47:56
3476,RobotSimForPA/Global/R1_WeldingCurrent,0,235.157,,2228224,2025-08-11 14:47:57
3477,RobotSimForPA/Global/R1_WeldingCurrent,0,237.893,,2228224,2025-08-11 14:47:58
3478,RobotSimForPA/Global/R1_WeldingCurrent,0,234.71,,2228224,2025-08-11 14:47:59
3479,RobotSimForPA/Global/R1_WeldingCurrent,0,221.885,,2228224,2025-08-11 14:48:00
3480,RobotSimForPA/Global/R1_WeldingCurrent,0,224.607,,2228224,2025-08-11 14:48:01
3481,RobotSimForPA/Global/R1_WeldingCurrent,0,214.042,,2228224,2025-08-11 14:48:02
3482,RobotSimForPA/Global/R1_WeldingCurrent,0,213.791,,2228224,2025-08-11 14:48:03
3483,RobotSimForPA/Global/R1_WeldingCurrent,0,208.70600000000002,,2228224,2025-08-11 14:48:04
3484,RobotSimForPA/Global/R1_WeldingCurrent,0,0.0,,2228224,2025-08-11 14:48:05
3485,RobotSimForPA/Global/R1_WeldingCurrent,0,0.0,,2228224,2025-08-11 14:48:06
3486,RobotSimForPA/Global/R1_WeldingCurrent,0,0.0,,2228224,2025-08-11 14:48:07
3487,RobotSimForPA/Global/R1_WeldingCurrent,0,0.0,,2228224,2025-08-11 14:48:08
3488,RobotSimForPA/Global/R1_WeldingCurrent,0,0.0,,2228224,2025-08-11 14:48:09
3489,RobotSimForPA/Global/R1_WeldingCurrent,0,0.0,,2228224,2025-08-11 14:48:10
3490,RobotSimForPA/Global/R1_WeldingCurrent,0,0.0,,2228224,2025-08-11 14:48:11
3491,RobotSimForPA/Global/R1_WeldingCurrent,0,0.0,,2228224,2025-08-11 14:48:12
3492,RobotSimForPA/Global/R1_WeldingCurrent,0,0.0,,2228224,2025-08-11 14:48:13
3493,RobotSimForPA/Global/R1_WeldingCurrent,0,0.0,,2228224,2025-08-11 14:48:14
3494,RobotSimForPA/Global/R1_WeldingCurrent,0,0.0,,2228224,2025-08-11 14:48:15
3495,RobotSimForPA/Global/R1_WeldingCurrent,0,0.0,,2228224,2025-08-11 14:48:16
3496,RobotSimForPA/Global/R1_WeldingCurrent,0,0.0,,2228224,2025-08-11 14:48:17
3497,RobotSimForPA/Global/R1_WeldingCurrent,0,0.0,,2228224,2025-08-11 14:48:18
3498,RobotSimForPA/Global/R1_WeldingCurrent,0,0.0,,2228224,2025-08-11 14:48:19
3499,RobotSimForPA/Global/R1_WeldingCurrent,0,0.0,,2228224,2025-08-11 14:48:20
3500,RobotSimForPA/Global/R1_WeldingCurrent,0,250.252,,2228224,2025-08-11 14:48:21
3501,RobotSimForPA/Global/R1_WeldingCurrent,0,243.394,,2228224,2025-08-11 14:48:22
3502,RobotSimForPA/Global/R1_WeldingCurrent,0,249.96800000000002,,2228224,2025-08-11 14:48:23
3503,RobotSimForPA/Global/R1_WeldingCurrent,0,247.735,,2228224,2025-08-11 14:48:24
3504,RobotSimForPA/Global/R1_WeldingCurrent,0,250.56,,2228224,2025-08-11 14:48:25
3505,RobotSimForPA/Global/R1_WeldingCurrent,0,249.5,,2228224,2025-08-11 14:48:26
3506,RobotSimForPA/Global/R1_WeldingCurrent,0,245.353,,2228224,2025-08-11 14:48:27
3507,RobotSimForPA/Global/R1_WeldingCurrent,0,242.68200000000002,,2228224,2025-08-11 14:48:28
3508,RobotSimForPA/Global/R1_WeldingCurrent,0,239.973,,2228224,2025-08-11 14:48:29
3509,RobotSimForPA/Global/R1_WeldingCurrent,0,229.648,,2228224,2025-08-11 14:48:30
3510,RobotSimForPA/Global/R1_WeldingCurrent,0,227.96,,2228224,2025-08-11 14:48:31
3511,RobotSimForPA/Global/R1_WeldingCurrent,0,224.08,,2228224,2025-08-11 14:48:32
3512,RobotSimForPA/Global/R1_WeldingCurrent,0,220.755,,2228224,2025-08-11 14:48:33
3513,RobotSimForPA/Global/R1_WeldingCurrent,0,210.92000000000002,,2228224,2025-08-11 14:48:34
3514,RobotSimForPA/Global/R1_WeldingCurrent,0,210.428,,2228224,2025-08-11 14:48:35
3515,RobotSimForPA/Global/R1_WeldingCurrent,0,0.0,,2228224,2025-08-11 14:48:36
3516,RobotSimForPA/Global/R1_WeldingCurrent,0,0.0,,2228224,2025-08-11 14:48:37
3517,RobotSimForPA/Global/R1_WeldingCurrent,0,0.0,,2228224,2025-08-11 14:48:38
3518,RobotSimForPA/Global/R1_WeldingCurrent,0,0.0,,2228224,2025-08-11 14:48:39
3519,RobotSimForPA/Global/R1_WeldingCurrent,0,0.0,,2228224,2025-08-11 14:48:40
3520,RobotSimForPA/Global/R1_WeldingCurrent,0,0.0,,2228224,2025-08-11 14:48:41
3521,RobotSimForPA/Global/R1_WeldingCurrent,0,0.0,,2228224,2025-08-11 14:48:42
3522,RobotSimForPA/Global/R1_WeldingCurrent,0,0.0,,2228224,2025-08-11 14:48:43
3523,RobotSimForPA/Global/R1_WeldingCurrent,0,0.0,,2228224,2025-08-11 14:48:44
3524,RobotSimForPA/Global/R1_WeldingCurrent,0,0.0,,2228224,2025-08-11 14:48:45
3525,RobotSimForPA/Global/R1_WeldingCurrent,0,0.0,,2228224,2025-08-11 14:48:46
3526,RobotSimForPA/Global/R1_WeldingCurrent,0,0.0,,2228224,2025-08-11 14:48:47
3527,RobotSimForPA/Global/R1_WeldingCurrent,0,0.0,,2228224,2025-08-11 14:48:48
3528,RobotSimForPA/Global/R1_WeldingCurrent,0,0.0,,2228224,2025-08-11 14:48:49
3529,RobotSimForPA/Global/R1_WeldingCurrent,0,0.0,,2228224,2025-08-11 14:48:50
3530,RobotSimForPA/Global/R1_WeldingCurrent,0,0.0,,2228224,2025-08-11 14:48:51
3531,RobotSimForPA/Global/R1_WeldingCurrent,0,245.025,,2228224,2025-08-11 14:48:52
3532,RobotSimForPA/Global/R1_WeldingCurrent,0,244.625,,2228224,2025-08-11 14:48:53
3533,RobotSimForPA/Global/R1_WeldingCurrent,0,248.865,,2228224,2025-08-11 14:48:54
3534,RobotSimForPA/Global/R1_WeldingCurrent,0,242.75900000000001,,2228224,2025-08-11 14:48:55
3535,RobotSimForPA/Global/R1_WeldingCurrent,0,250.833,,2228224,2025-08-11 14:48:56
3536,RobotSimForPA/Global/R1_WeldingCurrent,0,240.887,,2228224,2025-08-11 14:48:57
3537,RobotSimForPA/Global/R1_WeldingCurrent,0,241.687,,2228224,2025-08-11 14:48:58
3538,RobotSimForPA/Global/R1_WeldingCurrent,0,236.665,,2228224,2025-08-11 14:48:59
3539,RobotSimForPA/Global/R1_WeldingCurrent,0,242.358,,2228224,2025-08-11 14:49:00
3540,RobotSimForPA/Global/R1_WeldingCurrent,0,239.50300000000001,,2228224,2025-08-11 14:49:01
3541,RobotSimForPA/Global/R1_WeldingCurrent,0,234.806,,2228224,2025-08-11 14:49:02
3542,RobotSimForPA/Global/R1_WeldingCurrent,0,227.366,,2228224,2025-08-11 14:49:03
3543,RobotSimForPA/Global/R1_WeldingCurrent,0,218.00300000000001,,2228224,2025-08-11 14:49:04
3544,RobotSimForPA/Global/R1_WeldingCurrent,0,213.379,,2228224,2025-08-11 14:49:05
3545,RobotSimForPA/Global/R1_WeldingCurrent,0,215.123,,2228224,2025-08-11 14:49:06
3546,RobotSimForPA/Global/R1_WeldingCurrent,0,203.8,,2228224,2025-08-11 14:49:07
3547,RobotSimForPA/Global/R1_WeldingCurrent,0,0.0,,2228224,2025-08-11 14:49:08
3548,RobotSimForPA/Global/R1_WeldingCurrent,0,0.0,,2228224,2025-08-11 14:49:09
3549,RobotSimForPA/Global/R1_WeldingCurrent,0,0.0,,2228224,2025-08-11 14:49:10
3550,RobotSimForPA/Global/R1_WeldingCurrent,0,0.0,,2228224,2025-08-11 14:49:11
3551,RobotSimForPA/Global/R1_WeldingCurrent,0,0.0,,2228224,2025-08-11 14:49:12
3552,RobotSimForPA/Global/R1_WeldingCurrent,0,0.0,,2228224,2025-08-11 14:49:13
3553,RobotSimForPA/Global/R1_WeldingCurrent,0,0.0,,2228224,2025-08-11 14:49:14
3554,RobotSimForPA/Global/R1_WeldingCurrent,0,0.0,,2228224,2025-08-11 14:49:15
3555,RobotSimForPA/Global/R1_WeldingCurrent,0,0.0,,2228224,2025-08-11 14:49:16
3556,RobotSimForPA/Global/R1_WeldingCurrent,0,0.0,,2228224,2025-08-11 14:49:17
3557,RobotSimForPA/Global/R1_WeldingCurrent,0,0.0,,2228224,2025-08-11 14:49:18
3558,RobotSimForPA/Global/R1_WeldingCurrent,0,0.0,,2228224,2025-08-11 14:49:19
3559,RobotSimForPA/Global/R1_WeldingCurrent,0,0.0,,2228224,2025-08-11 14:49:20
3560,RobotSimForPA/Global/R1_WeldingCurrent,0,0.0,,2228224,2025-08-11 14:49:21
3561,RobotSimForPA/Global/R1_WeldingCurrent,0,0.0,,2228224,2025-08-11 14:49:22
3562,RobotSimForPA/Global/R1_WeldingCurrent,0,0.0,,2228224,2025-08-11 14:49:23
3563,RobotSimForPA/Global/R1_WeldingCurrent,0,246.84,,2228224,2025-08-11 14:49:24
3564,RobotSimForPA/Global/R1_WeldingCurrent,0,247.20000000000002,,2228224,2025-08-11 14:49:25
3565,RobotSimForPA/Global/R1_WeldingCurrent,0,246.868,,2228224,2025-08-11 14:49:26
3566,RobotSimForPA/Global/R1_WeldingCurrent,0,247.924,,2228224,2025-08-11 14:49:27
3567,RobotSimForPA/Global/R1_WeldingCurrent,0,245.827,,2228224,2025-08-11 14:49:28
3568,RobotSimForPA/Global/R1_WeldingCurrent,0,246.365,,2228224,2025-08-11 14:49:29
3569,RobotSimForPA/Global/R1_WeldingCurrent,0,242.39600000000002,,2228224,2025-08-11 14:49:30
3570,RobotSimForPA/Global/R1_WeldingCurrent,0,235.96800000000002,,2228224,2025-08-11 14:49:31
3571,RobotSimForPA/Global/R1_WeldingCurrent,0,237.531,,2228224,2025-08-11 14:49:32
3572,RobotSimForPA/Global/R1_WeldingCurrent,0,228.172,,2228224,2025-08-11 14:49:33
3573,RobotSimForPA/Global/R1_WeldingCurrent,0,227.381,,2228224,2025-08-11 14:49:34
3574,RobotSimForPA/Global/R1_WeldingCurrent,0,221.972,,2228224,2025-08-11 14:49:35
3575,RobotSimForPA/Global/R1_WeldingCurrent,0,216.876,,2228224,2025-08-11 14:49:36
3576,RobotSimForPA/Global/R1_WeldingCurrent,0,213.522,,2228224,2025-08-11 14:49:37
3577,RobotSimForPA/Global/R1_WeldingCurrent,0,210.4,,2228224,2025-08-11 14:49:38
3578,RobotSimForPA/Global/R1_WeldingCurrent,0,0.0,,2228224,2025-08-11 14:49:39
3579,RobotSimForPA/Global/R1_WeldingCurrent,0,0.0,,2228224,2025-08-11 14:49:40
3580,RobotSimForPA/Global/R1_WeldingCurrent,0,0.0,,2228224,2025-08-11 14:49:41
3581,RobotSimForPA/Global/R1_WeldingCurrent,0,0.0,,2228224,2025-08-11 14:49:42
3582,RobotSimForPA/Global/R1_WeldingCurrent,0,0.0,,2228224,2025-08-11 14:49:43
3583,RobotSimForPA/Global/R1_WeldingCurrent,0,0.0,,2228224,2025-08-11 14:49:44
3584,RobotSimForPA/Global/R1_WeldingCurrent,0,0.0,,2228224,2025-08-11 14:49:45
3585,RobotSimForPA/Global/R1_WeldingCurrent,0,0.0,,2228224,2025-08-11 14:49:46
3586,RobotSimForPA/Global/R1_WeldingCurrent,0,0.0,,2228224,2025-08-11 14:49:47
3587,RobotSimForPA/Global/R1_WeldingCurrent,0,0.0,,2228224,2025-08-11 14:49:48
3588,RobotSimForPA/Global/R1_WeldingCurrent,0,0.0,,2228224,2025-08-11 14:49:49
3589,RobotSimForPA/Global/R1_WeldingCurrent,0,0.0,,2228224,2025-08-11 14:49:50
3590,RobotSimForPA/Global/R1_WeldingCurrent,0,0.0,,2228224,2025-08-11 14:49:51
3591,RobotSimForPA/Global/R1_WeldingCurrent,0,0.0,,2228224,2025-08-11 14:49:52
3592,RobotSimForPA/Global/R1_WeldingCurrent,0,0.0,,2228224,2025-08-11 14:49:53
3593,RobotSimForPA/Global/R1_WeldingCurrent,0,0.0,,2228224,2025-08-11 14:49:54
3594,RobotSimForPA/Global/R1_WeldingCurrent,0,247.538,,2228224,2025-08-11 14:49:55
3595,RobotSimForPA/Global/R1_WeldingCurrent,0,246.87,,2228224,2025-08-11 14:49:56
3596,RobotSimForPA/Global/R1_WeldingCurrent,0,250.354,,2228224,2025-08-11 14:49:57
3597,RobotSimForPA/Global/R1_WeldingCurrent,0,248.60500000000002,,2228224,2025-08-11 14:49:58
3598,RobotSimForPA/Global/R1_WeldingCurrent,0,245.297,,2228224,2025-08-11 14:49:59
3599,RobotSimForPA/Global/R1_WeldingCurrent,0,245.576,,2228224,2025-08-11 14:50:00
3600,RobotSimForPA/Global/R1_Status,0,0.0,,2228224,2025-08-11 14:20:01
3601,RobotSimForPA/Global/R1_Status,0,0.0,,2228224,2025-08-11 14:20:02
3602,RobotSimForPA/Global/R1_Status,0,0.0,,2228224,2025-08-11 14:20:03
3603,RobotSimForPA/Global/R1_Status,0,0.0,,2228224,2025-08-11 14:20:04
3604,RobotSimForPA/Global/R1_Status,0,0.0,,2228224,2025-08-11 14:20:05
3605,RobotSimForPA/Global/R1_Status,0,0.0,,2228224,2025-08-11 14:20:06
3606,RobotSimForPA/Global/R1_Status,0,0.0,,2228224,2025-08-11 14:20:07
3607,RobotSimForPA/Global/R1_Status,0,0.0,,2228224,2025-08-11 14:20:08
3608,RobotSimForPA/Global/R1_Status,0,0.0,,2228224,2025-08-11 14:20:09
3609,RobotSimForPA/Global/R1_Status,0,0.0,,2228224,2025-08-11 14:20:10
3610,RobotSimForPA/Global/R1_Status,0,0.0,,2228224,2025-08-11 14:20:11
3611,RobotSimForPA/Global/R1_Status,0,0.0,,2228224,2025-08-11 14:20:12
3612,RobotSimForPA/Global/R1_Status,0,0.0,,2228224,2025-08-11 14:20:13
3613,RobotSimForPA/Global/R1_Status,0,1.0,,2228224,2025-08-11 14:20:14
3614,RobotSimForPA/Global/R1_Status,0,1.0,,2228224,2025-08-11 14:20:15
3615,RobotSimForPA/Global/R1_Status,0,1.0,,2228224,2025-08-11 14:20:16
3616,RobotSimForPA/Global/R1_Status,0,1.0,,2228224,2025-08-11 14:20:17
3617,RobotSimForPA/Global/R1_Status,0,1.0,,2228224,2025-08-11 14:20:18
3618,RobotSimForPA/Global/R1_Status,0,1.0,,2228224,2025-08-11 14:20:19
3619,RobotSimForPA/Global/R1_Status,0,2.0,,2228224,2025-08-11 14:20:20
3620,RobotSimForPA/Global/R1_Status,0,2.0,,2228224,2025-08-11 14:20:21
3621,RobotSimForPA/Global/R1_Status,0,2.0,,2228224,2025-08-11 14:20:22
3622,RobotSimForPA/Global/R1_Status,0,2.0,,2228224,2025-08-11 14:20:23
3623,RobotSimForPA/Global/R1_Status,0,1.0,,2228224,2025-08-11 14:20:24
3624,RobotSimForPA/Global/R1_Status,0,1.0,,2228224,2025-08-11 14:20:25
3625,RobotSimForPA/Global/R1_Status,0,1.0,,2228224,2025-08-11 14:20:26
3626,RobotSimForPA/Global/R1_Status,0,1.0,,2228224,2025-08-11 14:20:27
3627,RobotSimForPA/Global/R1_Status,0,1.0,,2228224,2025-08-11 14:20:28
3628,RobotSimForPA/Global/R1_Status,0,1.0,,2228224,2025-08-11 14:20:29
3629,RobotSimForPA/Global/R1_Status,0,0.0,,2228224,2025-08-11 14:20:30
3630,RobotSimForPA/Global/R1_Status,0,0.0,,2228224,2025-08-11 14:20:31
3631,RobotSimForPA/Global/R1_Status,0,0.0,,2228224,2025-08-11 14:20:32
3632,RobotSimForPA/Global/R1_Status,0,0.0,,2228224,2025-08-11 14:20:33
3633,RobotSimForPA/Global/R1_Status,0,0.0,,2228224,2025-08-11 14:20:34
3634,RobotSimForPA/Global/R1_Status,0,0.0,,2228224,2025-08-11 14:20:35
3635,RobotSimForPA/Global/R1_Status,0,0.0,,2228224,2025-08-11 14:20:36
3636,RobotSimForPA/Global/R1_Status,0,0.0,,2228224,2025-08-11 14:20:37
3637,RobotSimForPA/Global/R1_Status,0,0.0,,2228224,2025-08-11 14:20:38
3638,RobotSimForPA/Global/R1_Status,0,0.0,,2228224,2025-08-11 14:20:39
3639,RobotSimForPA/Global/R1_Status,0,0.0,,2228224,2025-08-11 14:20:40
3640,RobotSimForPA/Global/R1_Status,0,0.0,,2228224,2025-08-11 14:20:41
3641,RobotSimForPA/Global/R1_Status,0,0.0,,2228224,2025-08-11 14:20:42
3642,RobotSimForPA/Global/R1_Status,0,0.0,,2228224,2025-08-11 14:20:43
3643,RobotSimForPA/Global/R1_Status,0,0.0,,2228224,2025-08-11 14:20:44
3644,RobotSimForPA/Global/R1_Status,0,0.0,,2228224,2025-08-11 14:20:45
3645,RobotSimForPA/Global/R1_Status,0,0.0,,2228224,2025-08-11 14:20:46
3646,RobotSimForPA/Global/R1_Status,0,1.0,,2228224,2025-08-11 14:20:47
3647,RobotSimForPA/Global/R1_Status,0,1.0,,2228224,2025-08-11 14:20:48
3648,RobotSimForPA/Global/R1_Status,0,1.0,,2228224,2025-08-11 14:20:49
3649,RobotSimForPA/Global/R1_Status,0,1.0,,2228224,2025-08-11 14:20:50
3650,RobotSimForPA/Global/R1_Status,0,1.0,,2228224,2025-08-11 14:20:51
3651,RobotSimForPA/Global/R1_Status,0,1.0,,2228224,2025-08-11 14:20:52
3652,RobotSimForPA/Global/R1_Status,0,2.0,,2228224,2025-08-11 14:20:53
3653,RobotSimForPA/Global/R1_Status,0,2.0,,2228224,2025-08-11 14:20:54
3654,RobotSimForPA/Global/R1_Status,0,2.0,,2228224,2025-08-11 14:20:55
3655,RobotSimForPA/Global/R1_Status,0,2.0,,2228224,2025-08-11 14:20:56
3656,RobotSimForPA/Global/R1_Status,0,1.0,,2228224,2025-08-11 14:20:57
3657,RobotSimForPA/Global/R1_Status,0,1.0,,2228224,2025-08-11 14:20:58
3658,RobotSimForPA/Global/R1_Status,0,1.0,,2228224,2025-08-11 14:20:59
3659,RobotSimForPA/Global/R1_Status,0,1.0,,2228224,2025-08-11 14:21:00
3660,RobotSimForPA/Global/R1_Status,0,1.0,,2228224,2025-08-11 14:21:01
3661,RobotSimForPA/Global/R1_Status,0,1.0,,2228224,2025-08-11 14:21:02
3662,RobotSimForPA/Global/R1_Status,0,0.0,,2228224,2025-08-11 14:21:03
3663,RobotSimForPA/Global/R1_Status,0,0.0,,2228224,2025-08-11 14:21:04
3664,RobotSimForPA/Global/R1_Status,0,0.0,,2228224,2025-08-11 14:21:05
3665,RobotSimForPA/Global/R1_Status,0,0.0,,2228224,2025-08-11 14:21:06
3666,RobotSimForPA/Global/R1_Status,0,0.0,,2228224,2025-08-11 14:21:07
3667,RobotSimForPA/Global/R1_Status,0,0.0,,2228224,2025-08-11 14:21:08
3668,RobotSimForPA/Global/R1_Status,0,0.0,,2228224,2025-08-11 14:21:09
3669,RobotSimForPA/Global/R1_Status,0,0.0,,2228224,2025-08-11 14:21:10
3670,RobotSimForPA/Global/R1_Status,0,0.0,,2228224,2025-08-11 14:21:11
3671,RobotSimForPA/Global/R1_Status,0,0.0,,2228224,2025-08-11 14:21:12
3672,RobotSimForPA/Global/R1_Status,0,0.0,,2228224,2025-08-11 14:21:13
3673,RobotSimForPA/Global/R1_Status,0,0.0,,2228224,2025-08-11 14:21:14
3674,RobotSimForPA/Global/R1_Status,0,0.0,,2228224,2025-08-11 14:21:15
3675,RobotSimForPA/Global/R1_Status,0,0.0,,2228224,2025-08-11 14:21:16
3676,RobotSimForPA/Global/R1_Status,0,1.0,,2228224,2025-08-11 14:21:17
3677,RobotSimForPA/Global/R1_Status,0,1.0,,2228224,2025-08-11 14:21:18
3678,RobotSimForPA/Global/R1_Status,0,1.0,,2228224,2025-08-11 14:21:19
3679,RobotSimForPA/Global/R1_Status,0,1.0,,2228224,2025-08-11 14:21:20
3680,RobotSimForPA/Global/R1_Status,0,1.0,,2228224,2025-08-11 14:21:21
3681,RobotSimForPA/Global/R1_Status,0,1.0,,2228224,2025-08-11 14:21:22
3682,RobotSimForPA/Global/R1_Status,0,2.0,,2228224,2025-08-11 14:21:23
3683,RobotSimForPA/Global/R1_Status,0,2.0,,2228224,2025-08-11 14:21:24
3684,RobotSimForPA/Global/R1_Status,0,2.0,,2228224,2025-08-11 14:21:25
3685,RobotSimForPA/Global/R1_Status,0,2.0,,2228224,2025-08-11 14:21:26
3686,RobotSimForPA/Global/R1_Status,0,1.0,,2228224,2025-08-11 14:21:27
3687,RobotSimForPA/Global/R1_Status,0,1.0,,2228224,2025-08-11 14:21:28
3688,RobotSimForPA/Global/R1_Status,0,1.0,,2228224,2025-08-11 14:21:29
3689,RobotSimForPA/Global/R1_Status,0,1.0,,2228224,2025-08-11 14:21:30
3690,RobotSimForPA/Global/R1_Status,0,1.0,,2228224,2025-08-11 14:21:31
3691,RobotSimForPA/Global/R1_Status,0,1.0,,2228224,2025-08-11 14:21:32
3692,RobotSimForPA/Global/R1_Status,0,0.0,,2228224,2025-08-11 14:21:33
3693,RobotSimForPA/Global/R1_Status,0,0.0,,2228224,2025-08-11 14:21:34
3694,RobotSimForPA/Global/R1_Status,0,0.0,,2228224,2025-08-11 14:21:35
3695,RobotSimForPA/Global/R1_Status,0,0.0,,2228224,2025-08-11 14:21:36
3696,RobotSimForPA/Global/R1_Status,0,0.0,,2228224,2025-08-11 14:21:37
3697,RobotSimForPA/Global/R1_Status,0,0.0,,2228224,2025-08-11 14:21:38
3698,RobotSimForPA/Global/R1_Status,0,0.0,,2228224,2025-08-11 14:21:39
3699,RobotSimForPA/Global/R1_Status,0,0.0,,2228224,2025-08-11 14:21:40
3700,RobotSimForPA/Global/R1_Status,0,0.0,,2228224,2025-08-11 14:21:41
3701,RobotSimForPA/Global/R1_Status,0,0.0,,2228224,2025-08-11 14:21:42
3702,RobotSimForPA/Global/R1_Status,0,0.0,,2228224,2025-08-11 14:21:43
3703,RobotSimForPA/Global/R1_Status,0,0.0,,2228224,2025-08-11 14:21:44
3704,RobotSimForPA/Global/R1_Status,0,0.0,,2228224,2025-08-11 14:21:45
3705,RobotSimForPA/Global/R1_Status,0,0.0,,2228224,2025-08-11 14:21:46
3706,RobotSimForPA/Global/R1_Status,0,0.0,,2228224,2025-08-11 14:21:47
3707,RobotSimForPA/Global/R1_Status,0,1.0,,2228224,2025-08-11 14:21:48
3708,RobotSimForPA/Global/R1_Status,0,1.0,,2228224,2025-08-11 14:21:49
3709,RobotSimForPA/Global/R1_Status,0,1.0,,2228224,2025-08-11 14:21:50
3710,RobotSimForPA/Global/R1_Status,0,1.0,,2228224,2025-08-11 14:21:51
3711,RobotSimForPA/Global/R1_Status,0,1.0,,2228224,2025-08-11 14:21:52
3712,RobotSimForPA/Global/R1_Status,0,1.0,,2228224,2025-08-11 14:21:53
3713,RobotSimForPA/Global/R1_Status,0,2.0,,2228224,2025-08-11 14:21:54
3714,RobotSimForPA/Global/R1_Status,0,2.0,,2228224,2025-08-11 14:21:55
3715,RobotSimForPA/Global/R1_Status,0,2.0,,2228224,2025-08-11 14:21:56
3716,RobotSimForPA/Global/R1_Status,0,2.0,,2228224,2025-08-11 14:21:57
3717,RobotSimForPA/Global/R1_Status,0,1.0,,2228224,2025-08-11 14:21:58
3718,RobotSimForPA/Global/R1_Status,0,1.0,,2228224,2025-08-11 14:21:59
3719,RobotSimForPA/Global/R1_Status,0,1.0,,2228224,2025-08-11 14:22:00
3720,RobotSimForPA/Global/R1_Status,0,1.0,,2228224,2025-08-11 14:22:01
3721,RobotSimForPA/Global/R1_Status,0,1.0,,2228224,2025-08-11 14:22:02
3722,RobotSimForPA/Global/R1_Status,0,1.0,,2228224,2025-08-11 14:22:03
3723,RobotSimForPA/Global/R1_Status,0,0.0,,2228224,2025-08-11 14:22:04
3724,RobotSimForPA/Global/R1_Status,0,0.0,,2228224,2025-08-11 14:22:05
3725,RobotSimForPA/Global/R1_Status,0,0.0,,2228224,2025-08-11 14:22:06
3726,RobotSimForPA/Global/R1_Status,0,0.0,,2228224,2025-08-11 14:22:07
3727,RobotSimForPA/Global/R1_Status,0,0.0,,2228224,2025-08-11 14:22:08
3728,RobotSimForPA/Global/R1_Status,0,0.0,,2228224,2025-08-11 14:22:09
3729,RobotSimForPA/Global/R1_Status,0,0.0,,2228224,2025-08-11 14:22:10
3730,RobotSimForPA/Global/R1_Status,0,0.0,,2228224,2025-08-11 14:22:11
3731,RobotSimForPA/Global/R1_Status,0,0.0,,2228224,2025-08-11 14:22:12
3732,RobotSimForPA/Global/R1_Status,0,0.0,,2228224,2025-08-11 14:22:13
3733,RobotSimForPA/Global/R1_Status,0,0.0,,2228224,2025-08-11 14:22:14
3734,RobotSimForPA/Global/R1_Status,0,0.0,,2228224,2025-08-11 14:22:15
3735,RobotSimForPA/Global/R1_Status,0,0.0,,2228224,2025-08-11 14:22:16
3736,RobotSimForPA/Global/R1_Status,0,0.0,,2228224,2025-08-11 14:22:17
3737,RobotSimForPA/Global/R1_Status,0,0.0,,2228224,2025-08-11 14:22:18
3738,RobotSimForPA/Global/R1_Status,0,0.0,,2228224,2025-08-11 14:22:19
3739,RobotSimForPA/Global/R1_Status,0,0.0,,2228224,2025-08-11 14:22:20
3740,RobotSimForPA/Global/R1_Status,0,1.0,,2228224,2025-08-11 14:22:21
3741,RobotSimForPA/Global/R1_Status,0,1.0,,2228224,2025-08-11 14:22:22
3742,RobotSimForPA/Global/R1_Status,0,1.0,,2228224,2025-08-11 14:22:23
3743,RobotSimForPA/Global/R1_Status,0,1.0,,2228224,2025-08-11 14:22:24
3744,RobotSimForPA/Global/R1_Status,0,1.0,,2228224,2025-08-11 14:22:25
3745,RobotSimForPA/Global/R1_Status,0,1.0,,2228224,2025-08-11 14:22:26
3746,RobotSimForPA/Global/R1_Status,0,2.0,,2228224,2025-08-11 14:22:27
3747,RobotSimForPA/Global/R1_Status,0,2.0,,2228224,2025-08-11 14:22:28
3748,RobotSimForPA/Global/R1_Status,0,2.0,,2228224,2025-08-11 14:22:29
3749,RobotSimForPA/Global/R1_Status,0,2.0,,2228224,2025-08-11 14:22:30
3750,RobotSimForPA/Global/R1_Status,0,1.0,,2228224,2025-08-11 14:22:31
3751,RobotSimForPA/Global/R1_Status,0,1.0,,2228224,2025-08-11 14:22:32
3752,RobotSimForPA/Global/R1_Status,0,1.0,,2228224,2025-08-11 14:22:33
3753,RobotSimForPA/Global/R1_Status,0,1.0,,2228224,2025-08-11 14:22:34
3754,RobotSimForPA/Global/R1_Status,0,1.0,,2228224,2025-08-11 14:22:35
3755,RobotSimForPA/Global/R1_Status,0,1.0,,2228224,2025-08-11 14:22:36
3756,RobotSimForPA/Global/R1_Status,0,0.0,,2228224,2025-08-11 14:22:37
3757,RobotSimForPA/Global/R1_Status,0,0.0,,2228224,2025-08-11 14:22:38
3758,RobotSimForPA/Global/R1_Status,0,0.0,,2228224,2025-08-11 14:22:39
3759,RobotSimForPA/Global/R1_Status,0,0.0,,2228224,2025-08-11 14:22:40
3760,RobotSimForPA/Global/R1_Status,0,0.0,,2228224,2025-08-11 14:22:41
3761,RobotSimForPA/Global/R1_Status,0,0.0,,2228224,2025-08-11 14:22:42
3762,RobotSimForPA/Global/R1_Status,0,0.0,,2228224,2025-08-11 14:22:43
3763,RobotSimForPA/Global/R1_Status,0,0.0,,2228224,2025-08-11 14:22:44
3764,RobotSimForPA/Global/R1_Status,0,0.0,,2228224,2025-08-11 14:22:45
3765,RobotSimForPA/Global/R1_Status,0,0.0,,2228224,2025-08-11 14:22:46
3766,RobotSimForPA/Global/R1_Status,0,0.0,,2228224,2025-08-11 14:22:47
3767,RobotSimForPA/Global/R1_Status,0,0.0,,2228224,2025-08-11 14:22:48
3768,RobotSimForPA/Global/R1_Status,0,0.0,,2228224,2025-08-11 14:22:49
3769,RobotSimForPA/Global/R1_Status,0,0.0,,2228224,2025-08-11 14:22:50
3770,RobotSimForPA/Global/R1_Status,0,0.0,,2228224,2025-08-11 14:22:51
3771,RobotSimForPA/Global/R1_Status,0,1.0,,2228224,2025-08-11 14:22:52
3772,RobotSimForPA/Global/R1_Status,0,1.0,,2228224,2025-08-11 14:22:53
3773,RobotSimForPA/Global/R1_Status,0,1.0,,2228224,2025-08-11 14:22:54
3774,RobotSimForPA/Global/R1_Status,0,1.0,,2228224,2025-08-11 14:22:55
3775,RobotSimForPA/Global/R1_Status,0,1.0,,2228224,2025-08-11 14:22:56
3776,RobotSimForPA/Global/R1_Status,0,1.0,,2228224,2025-08-11 14:22:57
3777,RobotSimForPA/Global/R1_Status,0,2.0,,2228224,2025-08-11 14:22:58
3778,RobotSimForPA/Global/R1_Status,0,2.0,,2228224,2025-08-11 14:22:59
3779,RobotSimForPA/Global/R1_Status,0,2.0,,2228224,2025-08-11 14:23:00
3780,RobotSimForPA/Global/R1_Status,0,2.0,,2228224,2025-08-11 14:23:01
3781,RobotSimForPA/Global/R1_Status,0,1.0,,2228224,2025-08-11 14:23:02
3782,RobotSimForPA/Global/R1_Status,0,1.0,,2228224,2025-08-11 14:23:03
3783,RobotSimForPA/Global/R1_Status,0,1.0,,2228224,2025-08-11 14:23:04
3784,RobotSimForPA/Global/R1_Status,0,1.0,,2228224,2025-08-11 14:23:05
3785,RobotSimForPA/Global/R1_Status,0,1.0,,2228224,2025-08-11 14:23:06
3786,RobotSimForPA/Global/R1_Status,0,1.0,,2228224,2025-08-11 14:23:07
3787,RobotSimForPA/Global/R1_Status,0,0.0,,2228224,2025-08-11 14:23:08
3788,RobotSimForPA/Global/R1_Status,0,0.0,,2228224,2025-08-11 14:23:09
3789,RobotSimForPA/Global/R1_Status,0,0.0,,2228224,2025-08-11 14:23:10
3790,RobotSimForPA/Global/R1_Status,0,0.0,,2228224,2025-08-11 14:23:11
3791,RobotSimForPA/Global/R1_Status,0,0.0,,2228224,2025-08-11 14:23:12
3792,RobotSimForPA/Global/R1_Status,0,0.0,,2228224,2025-08-11 14:23:13
3793,RobotSimForPA/Global/R1_Status,0,0.0,,2228224,2025-08-11 14:23:14
3794,RobotSimForPA/Global/R1_Status,0,0.0,,2228224,2025-08-11 14:23:15
3795,RobotSimForPA/Global/R1_Status,0,0.0,,2228224,2025-08-11 14:23:16
3796,RobotSimForPA/Global/R1_Status,0,0.0,,2228224,2025-08-11 14:23:17
3797,RobotSimForPA/Global/R1_Status,0,0.0,,2228224,2025-08-11 14:23:18
3798,RobotSimForPA/Global/R1_Status,0,0.0,,2228224,2025-08-11 14:23:19
3799,RobotSimForPA/Global/R1_Status,0,0.0,,2228224,2025-08-11 14:23:20
3800,RobotSimForPA/Global/R1_Status,0,0.0,,2228224,2025-08-11 14:23:21
3801,RobotSimForPA/Global/R1_Status,0,0.0,,2228224,2025-08-11 14:23:22
3802,RobotSimForPA/Global/R1_Status,0,1.0,,2228224,2025-08-11 14:23:23
3803,RobotSimForPA/Global/R1_Status,0,1.0,,2228224,2025-08-11 14:23:24
3804,RobotSimForPA/Global/R1_Status,0,1.0,,2228224,2025-08-11 14:23:25
3805,RobotSimForPA/Global/R1_Status,0,1.0,,2228224,2025-08-11 14:23:26
3806,RobotSimForPA/Global/R1_Status,0,1.0,,2228224,2025-08-11 14:23:27
3807,RobotSimForPA/Global/R1_Status,0,2.0,,2228224,2025-08-11 14:23:28
3808,RobotSimForPA/Global/R1_Status,0,2.0,,2228224,2025-08-11 14:23:29
3809,RobotSimForPA/Global/R1_Status,0,2.0,,2228224,2025-08-11 14:23:30
3810,RobotSimForPA/Global/R1_Status,0,2.0,,2228224,2025-08-11 14:23:31
3811,RobotSimForPA/Global/R1_Status,0,1.0,,2228224,2025-08-11 14:23:32
3812,RobotSimForPA/Global/R1_Status,0,1.0,,2228224,2025-08-11 14:23:33
3813,RobotSimForPA/Global/R1_Status,0,1.0,,2228224,2025-08-11 14:23:34
3814,RobotSimForPA/Global/R1_Status,0,1.0,,2228224,2025-08-11 14:23:35
3815,RobotSimForPA/Global/R1_Status,0,1.0,,2228224,2025-08-11 14:23:36
3816,RobotSimForPA/Global/R1_Status,0,1.0,,2228224,2025-08-11 14:23:37
3817,RobotSimForPA/Global/R1_Status,0,0.0,,2228224,2025-08-11 14:23:38
3818,RobotSimForPA/Global/R1_Status,0,0.0,,2228224,2025-08-11 14:23:39
3819,RobotSimForPA/Global/R1_Status,0,0.0,,2228224,2025-08-11 14:23:40
3820,RobotSimForPA/Global/R1_Status,0,0.0,,2228224,2025-08-11 14:23:41
3821,RobotSimForPA/Global/R1_Status,0,0.0,,2228224,2025-08-11 14:23:42
3822,RobotSimForPA/Global/R1_Status,0,0.0,,2228224,2025-08-11 14:23:43
3823,RobotSimForPA/Global/R1_Status,0,0.0,,2228224,2025-08-11 14:23:44
3824,RobotSimForPA/Global/R1_Status,0,0.0,,2228224,2025-08-11 14:23:45
3825,RobotSimForPA/Global/R1_Status,0,0.0,,2228224,2025-08-11 14:23:46
3826,RobotSimForPA/Global/R1_Status,0,0.0,,2228224,2025-08-11 14:23:47
3827,RobotSimForPA/Global/R1_Status,0,0.0,,2228224,2025-08-11 14:23:48
3828,RobotSimForPA/Global/R1_Status,0,0.0,,2228224,2025-08-11 14:23:49
3829,RobotSimForPA/Global/R1_Status,0,0.0,,2228224,2025-08-11 14:23:50
3830,RobotSimForPA/Global/R1_Status,0,0.0,,2228224,2025-08-11 14:23:51
3831,RobotSimForPA/Global/R1_Status,0,0.0,,2228224,2025-08-11 14:23:52
3832,RobotSimForPA/Global/R1_Status,0,1.0,,2228224,2025-08-11 14:23:53
3833,RobotSimForPA/Global/R1_Status,0,1.0,,2228224,2025-08-11 14:23:54
3834,RobotSimForPA/Global/R1_Status,0,1.0,,2228224,2025-08-11 14:23:55
3835,RobotSimForPA/Global/R1_Status,0,1.0,,2228224,2025-08-11 14:23:56
3836,RobotSimForPA/Global/R1_Status,0,1.0,,2228224,2025-08-11 14:23:57
3837,RobotSimForPA/Global/R1_Status,0,2.0,,2228224,2025-08-11 14:23:58
3838,RobotSimForPA/Global/R1_Status,0,2.0,,2228224,2025-08-11 14:23:59
3839,RobotSimForPA/Global/R1_Status,0,2.0,,2228224,2025-08-11 14:24:00
3840,RobotSimForPA/Global/R1_Status,0,2.0,,2228224,2025-08-11 14:24:01
3841,RobotSimForPA/Global/R1_Status,0,2.0,,2228224,2025-08-11 14:24:02
3842,RobotSimForPA/Global/R1_Status,0,1.0,,2228224,2025-08-11 14:24:03
3843,RobotSimForPA/Global/R1_Status,0,1.0,,2228224,2025-08-11 14:24:04
3844,RobotSimForPA/Global/R1_Status,0,1.0,,2228224,2025-08-11 14:24:05
3845,RobotSimForPA/Global/R1_Status,0,1.0,,2228224,2025-08-11 14:24:06
3846,RobotSimForPA/Global/R1_Status,0,1.0,,2228224,2025-08-11 14:24:07
3847,RobotSimForPA/Global/R1_Status,0,0.0,,2228224,2025-08-11 14:24:08
3848,RobotSimForPA/Global/R1_Status,0,0.0,,2228224,2025-08-11 14:24:09
3849,RobotSimForPA/Global/R1_Status,0,0.0,,2228224,2025-08-11 14:24:10
3850,RobotSimForPA/Global/R1_Status,0,0.0,,2228224,2025-08-11 14:24:11
3851,RobotSimForPA/Global/R1_Status,0,0.0,,2228224,2025-08-11 14:24:12
3852,RobotSimForPA/Global/R1_Status,0,0.0,,2228224,2025-08-11 14:24:13
3853,RobotSimForPA/Global/R1_Status,0,0.0,,2228224,2025-08-11 14:24:14
3854,RobotSimForPA/Global/R1_Status,0,0.0,,2228224,2025-08-11 14:24:15
3855,RobotSimForPA/Global/R1_Status,0,0.0,,2228224,2025-08-11 14:24:16
3856,RobotSimForPA/Global/R1_Status,0,0.0,,2228224,2025-08-11 14:24:17
3857,RobotSimForPA/Global/R1_Status,0,0.0,,2228224,2025-08-11 14:24:18
3858,RobotSimForPA/Global/R1_Status,0,0.0,,2228224,2025-08-11 14:24:19
3859,RobotSimForPA/Global/R1_Status,0,0.0,,2228224,2025-08-11 14:24:20
3860,RobotSimForPA/Global/R1_Status,0,0.0,,2228224,2025-08-11 14:24:21
3861,RobotSimForPA/Global/R1_Status,0,0.0,,2228224,2025-08-11 14:24:22
3862,RobotSimForPA/Global/R1_Status,0,0.0,,2228224,2025-08-11 14:24:23
3863,RobotSimForPA/Global/R1_Status,0,1.0,,2228224,2025-08-11 14:24:24
3864,RobotSimForPA/Global/R1_Status,0,1.0,,2228224,2025-08-11 14:24:25
3865,RobotSimForPA/Global/R1_Status,0,1.0,,2228224,2025-08-11 14:24:26
3866,RobotSimForPA/Global/R1_Status,0,1.0,,2228224,2025-08-11 14:24:27
3867,RobotSimForPA/Global/R1_Status,0,1.0,,2228224,2025-08-11 14:24:28
3868,RobotSimForPA/Global/R1_Status,0,1.0,,2228224,2025-08-11 14:24:29
3869,RobotSimForPA/Global/R1_Status,0,2.0,,2228224,2025-08-11 14:24:30
3870,RobotSimForPA/Global/R1_Status,0,2.0,,2228224,2025-08-11 14:24:31
3871,RobotSimForPA/Global/R1_Status,0,2.0,,2228224,2025-08-11 14:24:32
3872,RobotSimForPA/Global/R1_Status,0,2.0,,2228224,2025-08-11 14:24:33
3873,RobotSimForPA/Global/R1_Status,0,1.0,,2228224,2025-08-11 14:24:34
3874,RobotSimForPA/Global/R1_Status,0,1.0,,2228224,2025-08-11 14:24:35
3875,RobotSimForPA/Global/R1_Status,0,1.0,,2228224,2025-08-11 14:24:36
3876,RobotSimForPA/Global/R1_Status,0,1.0,,2228224,2025-08-11 14:24:37
3877,RobotSimForPA/Global/R1_Status,0,1.0,,2228224,2025-08-11 14:24:38
3878,RobotSimForPA/Global/R1_Status,0,1.0,,2228224,2025-08-11 14:24:39
3879,RobotSimForPA/Global/R1_Status,0,0.0,,2228224,2025-08-11 14:24:40
3880,RobotSimForPA/Global/R1_Status,0,0.0,,2228224,2025-08-11 14:24:41
3881,RobotSimForPA/Global/R1_Status,0,0.0,,2228224,2025-08-11 14:24:42
3882,RobotSimForPA/Global/R1_Status,0,0.0,,2228224,2025-08-11 14:24:43
3883,RobotSimForPA/Global/R1_Status,0,0.0,,2228224,2025-08-11 14:24:44
3884,RobotSimForPA/Global/R1_Status,0,0.0,,2228224,2025-08-11 14:24:45
3885,RobotSimForPA/Global/R1_Status,0,0.0,,2228224,2025-08-11 14:24:46
3886,RobotSimForPA/Global/R1_Status,0,0.0,,2228224,2025-08-11 14:24:47
3887,RobotSimForPA/Global/R1_Status,0,0.0,,2228224,2025-08-11 14:24:48
3888,RobotSimForPA/Global/R1_Status,0,0.0,,2228224,2025-08-11 14:24:49
3889,RobotSimForPA/Global/R1_Status,0,0.0,,2228224,2025-08-11 14:24:50
3890,RobotSimForPA/Global/R1_Status,0,0.0,,2228224,2025-08-11 14:24:51
3891,RobotSimForPA/Global/R1_Status,0,0.0,,2228224,2025-08-11 14:24:52
3892,RobotSimForPA/Global/R1_Status,0,0.0,,2228224,2025-08-11 14:24:53
3893,RobotSimForPA/Global/R1_Status,0,0.0,,2228224,2025-08-11 14:24:54
3894,RobotSimForPA/Global/R1_Status,0,0.0,,2228224,2025-08-11 14:24:55
3895,RobotSimForPA/Global/R1_Status,0,1.0,,2228224,2025-08-11 14:24:56
3896,RobotSimForPA/Global/R1_Status,0,1.0,,2228224,2025-08-11 14:24:57
3897,RobotSimForPA/Global/R1_Status,0,1.0,,2228224,2025-08-11 14:24:58
3898,RobotSimForPA/Global/R1_Status,0,1.0,,2228224,2025-08-11 14:24:59
3899,RobotSimForPA/Global/R1_Status,0,1.0,,2228224,2025-08-11 14:25:00
3900,RobotSimForPA/Global/R1_Status,0,1.0,,2228224,2025-08-11 14:25:01
3901,RobotSimForPA/Global/R1_Status,0,2.0,,2228224,2025-08-11 14:25:02
3902,RobotSimForPA/Global/R1_Status,0,2.0,,2228224,2025-08-11 14:25:03
3903,RobotSimForPA/Global/R1_Status,0,2.0,,2228224,2025-08-11 14:25:04
3904,RobotSimForPA/Global/R1_Status,0,2.0,,2228224,2025-08-11 14:25:05
3905,RobotSimForPA/Global/R1_Status,0,1.0,,2228224,2025-08-11 14:25:06
3906,RobotSimForPA/Global/R1_Status,0,1.0,,2228224,2025-08-11 14:25:07
3907,RobotSimForPA/Global/R1_Status,0,1.0,,2228224,2025-08-11 14:25:08
3908,RobotSimForPA/Global/R1_Status,0,1.0,,2228224,2025-08-11 14:25:09
3909,RobotSimForPA/Global/R1_Status,0,1.0,,2228224,2025-08-11 14:25:10
3910,RobotSimForPA/Global/R1_Status,0,1.0,,2228224,2025-08-11 14:25:11
3911,RobotSimForPA/Global/R1_Status,0,0.0,,2228224,2025-08-11 14:25:12
3912,RobotSimForPA/Global/R1_Status,0,0.0,,2228224,2025-08-11 14:25:13
3913,RobotSimForPA/Global/R1_Status,0,0.0,,2228224,2025-08-11 14:25:14
3914,RobotSimForPA/Global/R1_Status,0,0.0,,2228224,2025-08-11 14:25:15
3915,RobotSimForPA/Global/R1_Status,0,0.0,,2228224,2025-08-11 14:25:16
3916,RobotSimForPA/Global/R1_Status,0,0.0,,2228224,2025-08-11 14:25:17
3917,RobotSimForPA/Global/R1_Status,0,0.0,,2228224,2025-08-11 14:25:18
3918,RobotSimForPA/Global/R1_Status,0,0.0,,2228224,2025-08-11 14:25:19
3919,RobotSimForPA/Global/R1_Status,0,0.0,,2228224,2025-08-11 14:25:20
3920,RobotSimForPA/Global/R1_Status,0,0.0,,2228224,2025-08-11 14:25:21
3921,RobotSimForPA/Global/R1_Status,0,0.0,,2228224,2025-08-11 14:25:22
3922,RobotSimForPA/Global/R1_Status,0,0.0,,2228224,2025-08-11 14:25:23
3923,RobotSimForPA/Global/R1_Status,0,0.0,,2228224,2025-08-11 14:25:24
3924,RobotSimForPA/Global/R1_Status,0,0.0,,2228224,2025-08-11 14:25:25
3925,RobotSimForPA/Global/R1_Status,0,0.0,,2228224,2025-08-11 14:25:26
3926,RobotSimForPA/Global/R1_Status,0,1.0,,2228224,2025-08-11 14:25:27
3927,RobotSimForPA/Global/R1_Status,0,1.0,,2228224,2025-08-11 14:25:28
3928,RobotSimForPA/Global/R1_Status,0,1.0,,2228224,2025-08-11 14:25:29
3929,RobotSimForPA/Global/R1_Status,0,1.0,,2228224,2025-08-11 14:25:30
3930,RobotSimForPA/Global/R1_Status,0,1.0,,2228224,2025-08-11 14:25:31
3931,RobotSimForPA/Global/R1_Status,0,1.0,,2228224,2025-08-11 14:25:32
3932,RobotSimForPA/Global/R1_Status,0,2.0,,2228224,2025-08-11 14:25:33
3933,RobotSimForPA/Global/R1_Status,0,2.0,,2228224,2025-08-11 14:25:34
3934,RobotSimForPA/Global/R1_Status,0,2.0,,2228224,2025-08-11 14:25:35
3935,RobotSimForPA/Global/R1_Status,0,2.0,,2228224,2025-08-11 14:25:36
3936,RobotSimForPA/Global/R1_Status,0,1.0,,2228224,2025-08-11 14:25:37
3937,RobotSimForPA/Global/R1_Status,0,1.0,,2228224,2025-08-11 14:25:38
3938,RobotSimForPA/Global/R1_Status,0,1.0,,2228224,2025-08-11 14:25:39
3939,RobotSimForPA/Global/R1_Status,0,1.0,,2228224,2025-08-11 14:25:40
3940,RobotSimForPA/Global/R1_Status,0,1.0,,2228224,2025-08-11 14:25:41
3941,RobotSimForPA/Global/R1_Status,0,1.0,,2228224,2025-08-11 14:25:42
3942,RobotSimForPA/Global/R1_Status,0,0.0,,2228224,2025-08-11 14:25:43
3943,RobotSimForPA/Global/R1_Status,0,0.0,,2228224,2025-08-11 14:25:44
3944,RobotSimForPA/Global/R1_Status,0,0.0,,2228224,2025-08-11 14:25:45
3945,RobotSimForPA/Global/R1_Status,0,0.0,,2228224,2025-08-11 14:25:46
3946,RobotSimForPA/Global/R1_Status,0,0.0,,2228224,2025-08-11 14:25:47
3947,RobotSimForPA/Global/R1_Status,0,0.0,,2228224,2025-08-11 14:25:48
3948,RobotSimForPA/Global/R1_Status,0,0.0,,2228224,2025-08-11 14:25:49
3949,RobotSimForPA/Global/R1_Status,0,0.0,,2228224,2025-08-11 14:25:50
3950,RobotSimForPA/Global/R1_Status,0,0.0,,2228224,2025-08-11 14:25:51
3951,RobotSimForPA/Global/R1_Status,0,0.0,,2228224,2025-08-11 14:25:52
3952,RobotSimForPA/Global/R1_Status,0,0.0,,2228224,2025-08-11 14:25:53
3953,RobotSimForPA/Global/R1_Status,0,0.0,,2228224,2025-08-11 14:25:54
3954,RobotSimForPA/Global/R1_Status,0,0.0,,2228224,2025-08-11 14:25:55
3955,RobotSimForPA/Global/R1_Status,0,0.0,,2228224,2025-08-11 14:25:56
3956,RobotSimForPA/Global/R1_Status,0,0.0,,2228224,2025-08-11 14:25:57
3957,RobotSimForPA/Global/R1_Status,0,0.0,,2228224,2025-08-11 14:25:58
3958,RobotSimForPA/Global/R1_Status,0,1.0,,2228224,2025-08-11 14:25:59
3959,RobotSimForPA/Global/R1_Status,0,1.0,,2228224,2025-08-11 14:26:00
3960,RobotSimForPA/Global/R1_Status,0,1.0,,2228224,2025-08-11 14:26:01
3961,RobotSimForPA/Global/R1_Status,0,1.0,,2228224,2025-08-11 14:26:02
3962,RobotSimForPA/Global/R1_Status,0,1.0,,2228224,2025-08-11 14:26:03
3963,RobotSimForPA/Global/R1_Status,0,1.0,,2228224,2025-08-11 14:26:04
3964,RobotSimForPA/Global/R1_Status,0,2.0,,2228224,2025-08-11 14:26:05
3965,RobotSimForPA/Global/R1_Status,0,2.0,,2228224,2025-08-11 14:26:06
3966,RobotSimForPA/Global/R1_Status,0,2.0,,2228224,2025-08-11 14:26:07
3967,RobotSimForPA/Global/R1_Status,0,2.0,,2228224,2025-08-11 14:26:08
3968,RobotSimForPA/Global/R1_Status,0,1.0,,2228224,2025-08-11 14:26:09
3969,RobotSimForPA/Global/R1_Status,0,1.0,,2228224,2025-08-11 14:26:10
3970,RobotSimForPA/Global/R1_Status,0,1.0,,2228224,2025-08-11 14:26:11
3971,RobotSimForPA/Global/R1_Status,0,1.0,,2228224,2025-08-11 14:26:12
3972,RobotSimForPA/Global/R1_Status,0,1.0,,2228224,2025-08-11 14:26:13
3973,RobotSimForPA/Global/R1_Status,0,1.0,,2228224,2025-08-11 14:26:14
3974,RobotSimForPA/Global/R1_Status,0,0.0,,2228224,2025-08-11 14:26:15
3975,RobotSimForPA/Global/R1_Status,0,0.0,,2228224,2025-08-11 14:26:16
3976,RobotSimForPA/Global/R1_Status,0,0.0,,2228224,2025-08-11 14:26:17
3977,RobotSimForPA/Global/R1_Status,0,0.0,,2228224,2025-08-11 14:26:18
3978,RobotSimForPA/Global/R1_Status,0,0.0,,2228224,2025-08-11 14:26:19
3979,RobotSimForPA/Global/R1_Status,0,0.0,,2228224,2025-08-11 14:26:20
3980,RobotSimForPA/Global/R1_Status,0,0.0,,2228224,2025-08-11 14:26:21
3981,RobotSimForPA/Global/R1_Status,0,0.0,,2228224,2025-08-11 14:26:22
3982,RobotSimForPA/Global/R1_Status,0,0.0,,2228224,2025-08-11 14:26:23
3983,RobotSimForPA/Global/R1_Status,0,0.0,,2228224,2025-08-11 14:26:24
3984,RobotSimForPA/Global/R1_Status,0,0.0,,2228224,2025-08-11 14:26:25
3985,RobotSimForPA/Global/R1_Status,0,0.0,,2228224,2025-08-11 14:26:26
3986,RobotSimForPA/Global/R1_Status,0,0.0,,2228224,2025-08-11 14:26:27
3987,RobotSimForPA/Global/R1_Status,0,0.0,,2228224,2025-08-11 14:26:28
3988,RobotSimForPA/Global/R1_Status,0,1.0,,2228224,2025-08-11 14:26:29
3989,RobotSimForPA/Global/R1_Status,0,1.0,,2228224,2025-08-11 14:26:30
3990,RobotSimForPA/Global/R1_Status,0,1.0,,2228224,2025-08-11 14:26:31
3991,RobotSimForPA/Global/R1_Status,0,1.0,,2228224,2025-08-11 14:26:32
3992,RobotSimForPA/Global/R1_Status,0,1.0,,2228224,2025-08-11 14:26:33
3993,RobotSimForPA/Global/R1_Status,0,1.0,,2228224,2025-08-11 14:26:34
3994,RobotSimForPA/Global/R1_Status,0,2.0,,2228224,2025-08-11 14:26:35
3995,RobotSimForPA/Global/R1_Status,0,2.0,,2228224,2025-08-11 14:26:36
3996,RobotSimForPA/Global/R1_Status,0,2.0,,2228224,2025-08-11 14:26:37
3997,RobotSimForPA/Global/R1_Status,0,2.0,,2228224,2025-08-11 14:26:38
3998,RobotSimForPA/Global/R1_Status,0,1.0,,2228224,2025-08-11 14:26:39
3999,RobotSimForPA/Global/R1_Status,0,1.0,,2228224,2025-08-11 14:26:40
4000,RobotSimForPA/Global/R1_Status,0,1.0,,2228224,2025-08-11 14:26:41
4001,RobotSimForPA/Global/R1_Status,0,1.0,,2228224,2025-08-11 14:26:42
4002,RobotSimForPA/Global/R1_Status,0,1.0,,2228224,2025-08-11 14:26:43
4003,RobotSimForPA/Global/R1_Status,0,1.0,,2228224,2025-08-11 14:26:44
4004,RobotSimForPA/Global/R1_Status,0,0.0,,2228224,2025-08-11 14:26:45
4005,RobotSimForPA/Global/R1_Status,0,0.0,,2228224,2025-08-11 14:26:46
4006,RobotSimForPA/Global/R1_Status,0,0.0,,2228224,2025-08-11 14:26:47
4007,RobotSimForPA/Global/R1_Status,0,0.0,,2228224,2025-08-11 14:26:48
4008,RobotSimForPA/Global/R1_Status,0,0.0,,2228224,2025-08-11 14:26:49
4009,RobotSimForPA/Global/R1_Status,0,0.0,,2228224,2025-08-11 14:26:50
4010,RobotSimForPA/Global/R1_Status,0,0.0,,2228224,2025-08-11 14:26:51
4011,RobotSimForPA/Global/R1_Status,0,0.0,,2228224,2025-08-11 14:26:52
4012,RobotSimForPA/Global/R1_Status,0,0.0,,2228224,2025-08-11 14:26:53
4013,RobotSimForPA/Global/R1_Status,0,0.0,,2228224,2025-08-11 14:26:54
4014,RobotSimForPA/Global/R1_Status,0,0.0,,2228224,2025-08-11 14:26:55
4015,RobotSimForPA/Global/R1_Status,0,0.0,,2228224,2025-08-11 14:26:56
4016,RobotSimForPA/Global/R1_Status,0,0.0,,2228224,2025-08-11 14:26:57
4017,RobotSimForPA/Global/R1_Status,0,0.0,,2228224,2025-08-11 14:26:58
4018,RobotSimForPA/Global/R1_Status,0,0.0,,2228224,2025-08-11 14:26:59
4019,RobotSimForPA/Global/R1_Status,0,0.0,,2228224,2025-08-11 14:27:00
4020,RobotSimForPA/Global/R1_Status,0,1.0,,2228224,2025-08-11 14:27:01
4021,RobotSimForPA/Global/R1_Status,0,1.0,,2228224,2025-08-11 14:27:02
4022,RobotSimForPA/Global/R1_Status,0,1.0,,2228224,2025-08-11 14:27:03
4023,RobotSimForPA/Global/R1_Status,0,1.0,,2228224,2025-08-11 14:27:04
4024,RobotSimForPA/Global/R1_Status,0,1.0,,2228224,2025-08-11 14:27:05
4025,RobotSimForPA/Global/R1_Status,0,1.0,,2228224,2025-08-11 14:27:06
4026,RobotSimForPA/Global/R1_Status,0,2.0,,2228224,2025-08-11 14:27:07
4027,RobotSimForPA/Global/R1_Status,0,2.0,,2228224,2025-08-11 14:27:08
4028,RobotSimForPA/Global/R1_Status,0,2.0,,2228224,2025-08-11 14:27:09
4029,RobotSimForPA/Global/R1_Status,0,2.0,,2228224,2025-08-11 14:27:10
4030,RobotSimForPA/Global/R1_Status,0,1.0,,2228224,2025-08-11 14:27:11
4031,RobotSimForPA/Global/R1_Status,0,1.0,,2228224,2025-08-11 14:27:12
4032,RobotSimForPA/Global/R1_Status,0,1.0,,2228224,2025-08-11 14:27:13
4033,RobotSimForPA/Global/R1_Status,0,1.0,,2228224,2025-08-11 14:27:14
4034,RobotSimForPA/Global/R1_Status,0,1.0,,2228224,2025-08-11 14:27:15
4035,RobotSimForPA/Global/R1_Status,0,1.0,,2228224,2025-08-11 14:27:16
4036,RobotSimForPA/Global/R1_Status,0,0.0,,2228224,2025-08-11 14:27:17
4037,RobotSimForPA/Global/R1_Status,0,0.0,,2228224,2025-08-11 14:27:18
4038,RobotSimForPA/Global/R1_Status,0,0.0,,2228224,2025-08-11 14:27:19
4039,RobotSimForPA/Global/R1_Status,0,0.0,,2228224,2025-08-11 14:27:20
4040,RobotSimForPA/Global/R1_Status,0,0.0,,2228224,2025-08-11 14:27:21
4041,RobotSimForPA/Global/R1_Status,0,0.0,,2228224,2025-08-11 14:27:22
4042,RobotSimForPA/Global/R1_Status,0,0.0,,2228224,2025-08-11 14:27:23
4043,RobotSimForPA/Global/R1_Status,0,0.0,,2228224,2025-08-11 14:27:24
4044,RobotSimForPA/Global/R1_Status,0,0.0,,2228224,2025-08-11 14:27:25
4045,RobotSimForPA/Global/R1_Status,0,0.0,,2228224,2025-08-11 14:27:26
4046,RobotSimForPA/Global/R1_Status,0,0.0,,2228224,2025-08-11 14:27:27
4047,RobotSimForPA/Global/R1_Status,0,0.0,,2228224,2025-08-11 14:27:28
4048,RobotSimForPA/Global/R1_Status,0,0.0,,2228224,2025-08-11 14:27:29
4049,RobotSimForPA/Global/R1_Status,0,0.0,,2228224,2025-08-11 14:27:30
4050,RobotSimForPA/Global/R1_Status,0,0.0,,2228224,2025-08-11 14:27:31
4051,RobotSimForPA/Global/R1_Status,0,0.0,,2228224,2025-08-11 14:27:32
4052,RobotSimForPA/Global/R1_Status,0,0.0,,2228224,2025-08-11 14:27:33
4053,RobotSimForPA/Global/R1_Status,0,1.0,,2228224,2025-08-11 14:27:34
4054,RobotSimForPA/Global/R1_Status,0,1.0,,2228224,2025-08-11 14:27:35
4055,RobotSimForPA/Global/R1_Status,0,1.0,,2228224,2025-08-11 14:27:36
4056,RobotSimForPA/Global/R1_Status,0,1.0,,2228224,2025-08-11 14:27:37
4057,RobotSimForPA/Global/R1_Status,0,1.0,,2228224,2025-08-11 14:27:38
4058,RobotSimForPA/Global/R1_Status,0,1.0,,2228224,2025-08-11 14:27:39
4059,RobotSimForPA/Global/R1_Status,0,2.0,,2228224,2025-08-11 14:27:40
4060,RobotSimForPA/Global/R1_Status,0,2.0,,2228224,2025-08-11 14:27:41
4061,RobotSimForPA/Global/R1_Status,0,2.0,,2228224,2025-08-11 14:27:42
4062,RobotSimForPA/Global/R1_Status,0,2.0,,2228224,2025-08-11 14:27:43
4063,RobotSimForPA/Global/R1_Status,0,1.0,,2228224,2025-08-11 14:27:44
4064,RobotSimForPA/Global/R1_Status,0,1.0,,2228224,2025-08-11 14:27:45
4065,RobotSimForPA/Global/R1_Status,0,1.0,,2228224,2025-08-11 14:27:46
4066,RobotSimForPA/Global/R1_Status,0,1.0,,2228224,2025-08-11 14:27:47
4067,RobotSimForPA/Global/R1_Status,0,1.0,,2228224,2025-08-11 14:27:48
4068,RobotSimForPA/Global/R1_Status,0,1.0,,2228224,2025-08-11 14:27:49
4069,RobotSimForPA/Global/R1_Status,0,0.0,,2228224,2025-08-11 14:27:50
4070,RobotSimForPA/Global/R1_Status,0,0.0,,2228224,2025-08-11 14:27:51
4071,RobotSimForPA/Global/R1_Status,0,0.0,,2228224,2025-08-11 14:27:52
4072,RobotSimForPA/Global/R1_Status,0,0.0,,2228224,2025-08-11 14:27:53
4073,RobotSimForPA/Global/R1_Status,0,0.0,,2228224,2025-08-11 14:27:54
4074,RobotSimForPA/Global/R1_Status,0,0.0,,2228224,2025-08-11 14:27:55
4075,RobotSimForPA/Global/R1_Status,0,0.0,,2228224,2025-08-11 14:27:56
4076,RobotSimForPA/Global/R1_Status,0,0.0,,2228224,2025-08-11 14:27:57
4077,RobotSimForPA/Global/R1_Status,0,0.0,,2228224,2025-08-11 14:27:58
4078,RobotSimForPA/Global/R1_Status,0,0.0,,2228224,2025-08-11 14:27:59
4079,RobotSimForPA/Global/R1_Status,0,0.0,,2228224,2025-08-11 14:28:00
4080,RobotSimForPA/Global/R1_Status,0,0.0,,2228224,2025-08-11 14:28:01
4081,RobotSimForPA/Global/R1_Status,0,0.0,,2228224,2025-08-11 14:28:02
4082,RobotSimForPA/Global/R1_Status,0,0.0,,2228224,2025-08-11 14:28:03
4083,RobotSimForPA/Global/R1_Status,0,0.0,,2228224,2025-08-11 14:28:04
4084,RobotSimForPA/Global/R1_Status,0,1.0,,2228224,2025-08-11 14:28:05
4085,RobotSimForPA/Global/R1_Status,0,1.0,,2228224,2025-08-11 14:28:06
4086,RobotSimForPA/Global/R1_Status,0,1.0,,2228224,2025-08-11 14:28:07
4087,RobotSimForPA/Global/R1_Status,0,1.0,,2228224,2025-08-11 14:28:08
4088,RobotSimForPA/Global/R1_Status,0,1.0,,2228224,2025-08-11 14:28:09
4089,RobotSimForPA/Global/R1_Status,0,1.0,,2228224,2025-08-11 14:28:10
4090,RobotSimForPA/Global/R1_Status,0,2.0,,2228224,2025-08-11 14:28:11
4091,RobotSimForPA/Global/R1_Status,0,2.0,,2228224,2025-08-11 14:28:12
4092,RobotSimForPA/Global/R1_Status,0,2.0,,2228224,2025-08-11 14:28:13
4093,RobotSimForPA/Global/R1_Status,0,2.0,,2228224,2025-08-11 14:28:14
4094,RobotSimForPA/Global/R1_Status,0,1.0,,2228224,2025-08-11 14:28:15
4095,RobotSimForPA/Global/R1_Status,0,1.0,,2228224,2025-08-11 14:28:16
4096,RobotSimForPA/Global/R1_Status,0,1.0,,2228224,2025-08-11 14:28:17
4097,RobotSimForPA/Global/R1_Status,0,1.0,,2228224,2025-08-11 14:28:18
4098,RobotSimForPA/Global/R1_Status,0,1.0,,2228224,2025-08-11 14:28:19
4099,RobotSimForPA/Global/R1_Status,0,1.0,,2228224,2025-08-11 14:28:20
4100,RobotSimForPA/Global/R1_Status,0,0.0,,2228224,2025-08-11 14:28:21
4101,RobotSimForPA/Global/R1_Status,0,0.0,,2228224,2025-08-11 14:28:22
4102,RobotSimForPA/Global/R1_Status,0,0.0,,2228224,2025-08-11 14:28:23
4103,RobotSimForPA/Global/R1_Status,0,0.0,,2228224,2025-08-11 14:28:24
4104,RobotSimForPA/Global/R1_Status,0,0.0,,2228224,2025-08-11 14:28:25
4105,RobotSimForPA/Global/R1_Status,0,0.0,,2228224,2025-08-11 14:28:26
4106,RobotSimForPA/Global/R1_Status,0,0.0,,2228224,2025-08-11 14:28:27
4107,RobotSimForPA/Global/R1_Status,0,0.0,,2228224,2025-08-11 14:28:28
4108,RobotSimForPA/Global/R1_Status,0,0.0,,2228224,2025-08-11 14:28:29
4109,RobotSimForPA/Global/R1_Status,0,0.0,,2228224,2025-08-11 14:28:30
4110,RobotSimForPA/Global/R1_Status,0,0.0,,2228224,2025-08-11 14:28:31
4111,RobotSimForPA/Global/R1_Status,0,0.0,,2228224,2025-08-11 14:28:32
4112,RobotSimForPA/Global/R1_Status,0,0.0,,2228224,2025-08-11 14:28:33
4113,RobotSimForPA/Global/R1_Status,0,0.0,,2228224,2025-08-11 14:28:34
4114,RobotSimForPA/Global/R1_Status,0,0.0,,2228224,2025-08-11 14:28:35
4115,RobotSimForPA/Global/R1_Status,0,1.0,,2228224,2025-08-11 14:28:36
4116,RobotSimForPA/Global/R1_Status,0,1.0,,2228224,2025-08-11 14:28:37
4117,RobotSimForPA/Global/R1_Status,0,1.0,,2228224,2025-08-11 14:28:38
4118,RobotSimForPA/Global/R1_Status,0,1.0,,2228224,2025-08-11 14:28:39
4119,RobotSimForPA/Global/R1_Status,0,1.0,,2228224,2025-08-11 14:28:40
4120,RobotSimForPA/Global/R1_Status,0,1.0,,2228224,2025-08-11 14:28:41
4121,RobotSimForPA/Global/R1_Status,0,2.0,,2228224,2025-08-11 14:28:42
4122,RobotSimForPA/Global/R1_Status,0,2.0,,2228224,2025-08-11 14:28:43
4123,RobotSimForPA/Global/R1_Status,0,2.0,,2228224,2025-08-11 14:28:44
4124,RobotSimForPA/Global/R1_Status,0,2.0,,2228224,2025-08-11 14:28:45
4125,RobotSimForPA/Global/R1_Status,0,1.0,,2228224,2025-08-11 14:28:46
4126,RobotSimForPA/Global/R1_Status,0,1.0,,2228224,2025-08-11 14:28:47
4127,RobotSimForPA/Global/R1_Status,0,1.0,,2228224,2025-08-11 14:28:48
4128,RobotSimForPA/Global/R1_Status,0,1.0,,2228224,2025-08-11 14:28:49
4129,RobotSimForPA/Global/R1_Status,0,1.0,,2228224,2025-08-11 14:28:50
4130,RobotSimForPA/Global/R1_Status,0,1.0,,2228224,2025-08-11 14:28:51
4131,RobotSimForPA/Global/R1_Status,0,0.0,,2228224,2025-08-11 14:28:52
4132,RobotSimForPA/Global/R1_Status,0,0.0,,2228224,2025-08-11 14:28:53
4133,RobotSimForPA/Global/R1_Status,0,0.0,,2228224,2025-08-11 14:28:54
4134,RobotSimForPA/Global/R1_Status,0,0.0,,2228224,2025-08-11 14:28:55
4135,RobotSimForPA/Global/R1_Status,0,0.0,,2228224,2025-08-11 14:28:56
4136,RobotSimForPA/Global/R1_Status,0,0.0,,2228224,2025-08-11 14:28:57
4137,RobotSimForPA/Global/R1_Status,0,0.0,,2228224,2025-08-11 14:28:58
4138,RobotSimForPA/Global/R1_Status,0,0.0,,2228224,2025-08-11 14:28:59
4139,RobotSimForPA/Global/R1_Status,0,0.0,,2228224,2025-08-11 14:29:00
4140,RobotSimForPA/Global/R1_Status,0,0.0,,2228224,2025-08-11 14:29:01
4141,RobotSimForPA/Global/R1_Status,0,0.0,,2228224,2025-08-11 14:29:02
4142,RobotSimForPA/Global/R1_Status,0,0.0,,2228224,2025-08-11 14:29:03
4143,RobotSimForPA/Global/R1_Status,0,0.0,,2228224,2025-08-11 14:29:04
4144,RobotSimForPA/Global/R1_Status,0,0.0,,2228224,2025-08-11 14:29:05
4145,RobotSimForPA/Global/R1_Status,0,0.0,,2228224,2025-08-11 14:29:06
4146,RobotSimForPA/Global/R1_Status,0,0.0,,2228224,2025-08-11 14:29:07
4147,RobotSimForPA/Global/R1_Status,0,1.0,,2228224,2025-08-11 14:29:08
4148,RobotSimForPA/Global/R1_Status,0,1.0,,2228224,2025-08-11 14:29:09
4149,RobotSimForPA/Global/R1_Status,0,1.0,,2228224,2025-08-11 14:29:10
4150,RobotSimForPA/Global/R1_Status,0,1.0,,2228224,2025-08-11 14:29:11
4151,RobotSimForPA/Global/R1_Status,0,1.0,,2228224,2025-08-11 14:29:12
4152,RobotSimForPA/Global/R1_Status,0,1.0,,2228224,2025-08-11 14:29:13
4153,RobotSimForPA/Global/R1_Status,0,1.0,,2228224,2025-08-11 14:29:14
4154,RobotSimForPA/Global/R1_Status,0,1.0,,2228224,2025-08-11 14:29:15
4155,RobotSimForPA/Global/R1_Status,0,2.0,,2228224,2025-08-11 14:29:16
4156,RobotSimForPA/Global/R1_Status,0,2.0,,2228224,2025-08-11 14:29:17
4157,RobotSimForPA/Global/R1_Status,0,1.0,,2228224,2025-08-11 14:29:18
4158,RobotSimForPA/Global/R1_Status,0,1.0,,2228224,2025-08-11 14:29:19
4159,RobotSimForPA/Global/R1_Status,0,1.0,,2228224,2025-08-11 14:29:20
4160,RobotSimForPA/Global/R1_Status,0,1.0,,2228224,2025-08-11 14:29:21
4161,RobotSimForPA/Global/R1_Status,0,1.0,,2228224,2025-08-11 14:29:22
4162,RobotSimForPA/Global/R1_Status,0,1.0,,2228224,2025-08-11 14:29:23
4163,RobotSimForPA/Global/R1_Status,0,0.0,,2228224,2025-08-11 14:29:24
4164,RobotSimForPA/Global/R1_Status,0,0.0,,2228224,2025-08-11 14:29:25
4165,RobotSimForPA/Global/R1_Status,0,0.0,,2228224,2025-08-11 14:29:26
4166,RobotSimForPA/Global/R1_Status,0,0.0,,2228224,2025-08-11 14:29:27
4167,RobotSimForPA/Global/R1_Status,0,0.0,,2228224,2025-08-11 14:29:28
4168,RobotSimForPA/Global/R1_Status,0,0.0,,2228224,2025-08-11 14:29:29
4169,RobotSimForPA/Global/R1_Status,0,0.0,,2228224,2025-08-11 14:29:30
4170,RobotSimForPA/Global/R1_Status,0,0.0,,2228224,2025-08-11 14:29:31
4171,RobotSimForPA/Global/R1_Status,0,0.0,,2228224,2025-08-11 14:29:32
4172,RobotSimForPA/Global/R1_Status,0,0.0,,2228224,2025-08-11 14:29:33
4173,RobotSimForPA/Global/R1_Status,0,0.0,,2228224,2025-08-11 14:29:34
4174,RobotSimForPA/Global/R1_Status,0,0.0,,2228224,2025-08-11 14:29:35
4175,RobotSimForPA/Global/R1_Status,0,0.0,,2228224,2025-08-11 14:29:36
4176,RobotSimForPA/Global/R1_Status,0,0.0,,2228224,2025-08-11 14:29:37
4177,RobotSimForPA/Global/R1_Status,0,0.0,,2228224,2025-08-11 14:29:38
4178,RobotSimForPA/Global/R1_Status,0,1.0,,2228224,2025-08-11 14:29:39
4179,RobotSimForPA/Global/R1_Status,0,1.0,,2228224,2025-08-11 14:29:40
4180,RobotSimForPA/Global/R1_Status,0,1.0,,2228224,2025-08-11 14:29:41
4181,RobotSimForPA/Global/R1_Status,0,1.0,,2228224,2025-08-11 14:29:42
4182,RobotSimForPA/Global/R1_Status,0,1.0,,2228224,2025-08-11 14:29:43
4183,RobotSimForPA/Global/R1_Status,0,1.0,,2228224,2025-08-11 14:29:44
4184,RobotSimForPA/Global/R1_Status,0,2.0,,2228224,2025-08-11 14:29:45
4185,RobotSimForPA/Global/R1_Status,0,2.0,,2228224,2025-08-11 14:29:46
4186,RobotSimForPA/Global/R1_Status,0,2.0,,2228224,2025-08-11 14:29:47
4187,RobotSimForPA/Global/R1_Status,0,2.0,,2228224,2025-08-11 14:29:48
4188,RobotSimForPA/Global/R1_Status,0,1.0,,2228224,2025-08-11 14:29:49
4189,RobotSimForPA/Global/R1_Status,0,1.0,,2228224,2025-08-11 14:29:50
4190,RobotSimForPA/Global/R1_Status,0,1.0,,2228224,2025-08-11 14:29:51
4191,RobotSimForPA/Global/R1_Status,0,1.0,,2228224,2025-08-11 14:29:52
4192,RobotSimForPA/Global/R1_Status,0,1.0,,2228224,2025-08-11 14:29:53
4193,RobotSimForPA/Global/R1_Status,0,1.0,,2228224,2025-08-11 14:29:54
4194,RobotSimForPA/Global/R1_Status,0,0.0,,2228224,2025-08-11 14:29:55
4195,RobotSimForPA/Global/R1_Status,0,0.0,,2228224,2025-08-11 14:29:56
4196,RobotSimForPA/Global/R1_Status,0,0.0,,2228224,2025-08-11 14:29:57
4197,RobotSimForPA/Global/R1_Status,0,0.0,,2228224,2025-08-11 14:29:58
4198,RobotSimForPA/Global/R1_Status,0,0.0,,2228224,2025-08-11 14:29:59
4199,RobotSimForPA/Global/R1_Status,0,0.0,,2228224,2025-08-11 14:30:00
4200,RobotSimForPA/Global/R1_Status,0,0.0,,2228224,2025-08-11 14:30:01
4201,RobotSimForPA/Global/R1_Status,0,0.0,,2228224,2025-08-11 14:30:02
4202,RobotSimForPA/Global/R1_Status,0,0.0,,2228224,2025-08-11 14:30:03
4203,RobotSimForPA/Global/R1_Status,0,0.0,,2228224,2025-08-11 14:30:04
4204,RobotSimForPA/Global/R1_Status,0,0.0,,2228224,2025-08-11 14:30:05
4205,RobotSimForPA/Global/R1_Status,0,0.0,,2228224,2025-08-11 14:30:06
4206,RobotSimForPA/Global/R1_Status,0,0.0,,2228224,2025-08-11 14:30:07
4207,RobotSimForPA/Global/R1_Status,0,0.0,,2228224,2025-08-11 14:30:08
4208,RobotSimForPA/Global/R1_Status,0,0.0,,2228224,2025-08-11 14:30:09
4209,RobotSimForPA/Global/R1_Status,0,0.0,,2228224,2025-08-11 14:30:10
4210,RobotSimForPA/Global/R1_Status,0,0.0,,2228224,2025-08-11 14:30:11
4211,RobotSimForPA/Global/R1_Status,0,1.0,,2228224,2025-08-11 14:30:12
4212,RobotSimForPA/Global/R1_Status,0,1.0,,2228224,2025-08-11 14:30:13
4213,RobotSimForPA/Global/R1_Status,0,1.0,,2228224,2025-08-11 14:30:14
4214,RobotSimForPA/Global/R1_Status,0,1.0,,2228224,2025-08-11 14:30:15
4215,RobotSimForPA/Global/R1_Status,0,1.0,,2228224,2025-08-11 14:30:16
4216,RobotSimForPA/Global/R1_Status,0,2.0,,2228224,2025-08-11 14:30:17
4217,RobotSimForPA/Global/R1_Status,0,2.0,,2228224,2025-08-11 14:30:18
4218,RobotSimForPA/Global/R1_Status,0,2.0,,2228224,2025-08-11 14:30:19
4219,RobotSimForPA/Global/R1_Status,0,2.0,,2228224,2025-08-11 14:30:20
4220,RobotSimForPA/Global/R1_Status,0,2.0,,2228224,2025-08-11 14:30:21
4221,RobotSimForPA/Global/R1_Status,0,1.0,,2228224,2025-08-11 14:30:22
4222,RobotSimForPA/Global/R1_Status,0,1.0,,2228224,2025-08-11 14:30:23
4223,RobotSimForPA/Global/R1_Status,0,1.0,,2228224,2025-08-11 14:30:24
4224,RobotSimForPA/Global/R1_Status,0,1.0,,2228224,2025-08-11 14:30:25
4225,RobotSimForPA/Global/R1_Status,0,1.0,,2228224,2025-08-11 14:30:26
4226,RobotSimForPA/Global/R1_Status,0,0.0,,2228224,2025-08-11 14:30:27
4227,RobotSimForPA/Global/R1_Status,0,0.0,,2228224,2025-08-11 14:30:28
4228,RobotSimForPA/Global/R1_Status,0,0.0,,2228224,2025-08-11 14:30:29
4229,RobotSimForPA/Global/R1_Status,0,0.0,,2228224,2025-08-11 14:30:30
4230,RobotSimForPA/Global/R1_Status,0,0.0,,2228224,2025-08-11 14:30:31
4231,RobotSimForPA/Global/R1_Status,0,0.0,,2228224,2025-08-11 14:30:32
4232,RobotSimForPA/Global/R1_Status,0,0.0,,2228224,2025-08-11 14:30:33
4233,RobotSimForPA/Global/R1_Status,0,0.0,,2228224,2025-08-11 14:30:34
4234,RobotSimForPA/Global/R1_Status,0,0.0,,2228224,2025-08-11 14:30:35
4235,RobotSimForPA/Global/R1_Status,0,0.0,,2228224,2025-08-11 14:30:36
4236,RobotSimForPA/Global/R1_Status,0,0.0,,2228224,2025-08-11 14:30:37
4237,RobotSimForPA/Global/R1_Status,0,0.0,,2228224,2025-08-11 14:30:38
4238,RobotSimForPA/Global/R1_Status,0,0.0,,2228224,2025-08-11 14:30:39
4239,RobotSimForPA/Global/R1_Status,0,0.0,,2228224,2025-08-11 14:30:40
4240,RobotSimForPA/Global/R1_Status,0,0.0,,2228224,2025-08-11 14:30:41
4241,RobotSimForPA/Global/R1_Status,0,0.0,,2228224,2025-08-11 14:30:42
4242,RobotSimForPA/Global/R1_Status,0,1.0,,2228224,2025-08-11 14:30:43
4243,RobotSimForPA/Global/R1_Status,0,1.0,,2228224,2025-08-11 14:30:44
4244,RobotSimForPA/Global/R1_Status,0,1.0,,2228224,2025-08-11 14:30:45
4245,RobotSimForPA/Global/R1_Status,0,1.0,,2228224,2025-08-11 14:30:46
4246,RobotSimForPA/Global/R1_Status,0,1.0,,2228224,2025-08-11 14:30:47
4247,RobotSimForPA/Global/R1_Status,0,1.0,,2228224,2025-08-11 14:30:48
4248,RobotSimForPA/Global/R1_Status,0,2.0,,2228224,2025-08-11 14:30:49
4249,RobotSimForPA/Global/R1_Status,0,2.0,,2228224,2025-08-11 14:30:50
4250,RobotSimForPA/Global/R1_Status,0,2.0,,2228224,2025-08-11 14:30:51
4251,RobotSimForPA/Global/R1_Status,0,2.0,,2228224,2025-08-11 14:30:52
4252,RobotSimForPA/Global/R1_Status,0,1.0,,2228224,2025-08-11 14:30:53
4253,RobotSimForPA/Global/R1_Status,0,1.0,,2228224,2025-08-11 14:30:54
4254,RobotSimForPA/Global/R1_Status,0,1.0,,2228224,2025-08-11 14:30:55
4255,RobotSimForPA/Global/R1_Status,0,1.0,,2228224,2025-08-11 14:30:56
4256,RobotSimForPA/Global/R1_Status,0,1.0,,2228224,2025-08-11 14:30:57
4257,RobotSimForPA/Global/R1_Status,0,1.0,,2228224,2025-08-11 14:30:58
4258,RobotSimForPA/Global/R1_Status,0,0.0,,2228224,2025-08-11 14:30:59
4259,RobotSimForPA/Global/R1_Status,0,0.0,,2228224,2025-08-11 14:31:00
4260,RobotSimForPA/Global/R1_Status,0,0.0,,2228224,2025-08-11 14:31:01
4261,RobotSimForPA/Global/R1_Status,0,0.0,,2228224,2025-08-11 14:31:02
4262,RobotSimForPA/Global/R1_Status,0,0.0,,2228224,2025-08-11 14:31:03
4263,RobotSimForPA/Global/R1_Status,0,0.0,,2228224,2025-08-11 14:31:04
4264,RobotSimForPA/Global/R1_Status,0,0.0,,2228224,2025-08-11 14:31:05
4265,RobotSimForPA/Global/R1_Status,0,0.0,,2228224,2025-08-11 14:31:06
4266,RobotSimForPA/Global/R1_Status,0,0.0,,2228224,2025-08-11 14:31:07
4267,RobotSimForPA/Global/R1_Status,0,0.0,,2228224,2025-08-11 14:31:08
4268,RobotSimForPA/Global/R1_Status,0,0.0,,2228224,2025-08-11 14:31:09
4269,RobotSimForPA/Global/R1_Status,0,0.0,,2228224,2025-08-11 14:31:10
4270,RobotSimForPA/Global/R1_Status,0,0.0,,2228224,2025-08-11 14:31:11
4271,RobotSimForPA/Global/R1_Status,0,0.0,,2228224,2025-08-11 14:31:12
4272,RobotSimForPA/Global/R1_Status,0,0.0,,2228224,2025-08-11 14:31:13
4273,RobotSimForPA/Global/R1_Status,0,1.0,,2228224,2025-08-11 14:31:14
4274,RobotSimForPA/Global/R1_Status,0,1.0,,2228224,2025-08-11 14:31:15
4275,RobotSimForPA/Global/R1_Status,0,1.0,,2228224,2025-08-11 14:31:16
4276,RobotSimForPA/Global/R1_Status,0,1.0,,2228224,2025-08-11 14:31:17
4277,RobotSimForPA/Global/R1_Status,0,1.0,,2228224,2025-08-11 14:31:18
4278,RobotSimForPA/Global/R1_Status,0,1.0,,2228224,2025-08-11 14:31:19
4279,RobotSimForPA/Global/R1_Status,0,2.0,,2228224,2025-08-11 14:31:20
4280,RobotSimForPA/Global/R1_Status,0,2.0,,2228224,2025-08-11 14:31:21
4281,RobotSimForPA/Global/R1_Status,0,2.0,,2228224,2025-08-11 14:31:22
4282,RobotSimForPA/Global/R1_Status,0,2.0,,2228224,2025-08-11 14:31:23
4283,RobotSimForPA/Global/R1_Status,0,1.0,,2228224,2025-08-11 14:31:24
4284,RobotSimForPA/Global/R1_Status,0,1.0,,2228224,2025-08-11 14:31:25
4285,RobotSimForPA/Global/R1_Status,0,1.0,,2228224,2025-08-11 14:31:26
4286,RobotSimForPA/Global/R1_Status,0,1.0,,2228224,2025-08-11 14:31:27
4287,RobotSimForPA/Global/R1_Status,0,1.0,,2228224,2025-08-11 14:31:28
4288,RobotSimForPA/Global/R1_Status,0,1.0,,2228224,2025-08-11 14:31:29
4289,RobotSimForPA/Global/R1_Status,0,0.0,,2228224,2025-08-11 14:31:30
4290,RobotSimForPA/Global/R1_Status,0,0.0,,2228224,2025-08-11 14:31:31
4291,RobotSimForPA/Global/R1_Status,0,0.0,,2228224,2025-08-11 14:31:32
4292,RobotSimForPA/Global/R1_Status,0,0.0,,2228224,2025-08-11 14:31:33
4293,RobotSimForPA/Global/R1_Status,0,0.0,,2228224,2025-08-11 14:31:34
4294,RobotSimForPA/Global/R1_Status,0,0.0,,2228224,2025-08-11 14:31:35
4295,RobotSimForPA/Global/R1_Status,0,0.0,,2228224,2025-08-11 14:31:36
4296,RobotSimForPA/Global/R1_Status,0,0.0,,2228224,2025-08-11 14:31:37
4297,RobotSimForPA/Global/R1_Status,0,0.0,,2228224,2025-08-11 14:31:38
4298,RobotSimForPA/Global/R1_Status,0,0.0,,2228224,2025-08-11 14:31:39
4299,RobotSimForPA/Global/R1_Status,0,0.0,,2228224,2025-08-11 14:31:40
4300,RobotSimForPA/Global/R1_Status,0,0.0,,2228224,2025-08-11 14:31:41
4301,RobotSimForPA/Global/R1_Status,0,0.0,,2228224,2025-08-11 14:31:42
4302,RobotSimForPA/Global/R1_Status,0,0.0,,2228224,2025-08-11 14:31:43
4303,RobotSimForPA/Global/R1_Status,0,0.0,,2228224,2025-08-11 14:31:44
4304,RobotSimForPA/Global/R1_Status,0,0.0,,2228224,2025-08-11 14:31:45
4305,RobotSimForPA/Global/R1_Status,0,1.0,,2228224,2025-08-11 14:31:46
4306,RobotSimForPA/Global/R1_Status,0,1.0,,2228224,2025-08-11 14:31:47
4307,RobotSimForPA/Global/R1_Status,0,1.0,,2228224,2025-08-11 14:31:48
4308,RobotSimForPA/Global/R1_Status,0,1.0,,2228224,2025-08-11 14:31:49
4309,RobotSimForPA/Global/R1_Status,0,1.0,,2228224,2025-08-11 14:31:50
4310,RobotSimForPA/Global/R1_Status,0,1.0,,2228224,2025-08-11 14:31:51
4311,RobotSimForPA/Global/R1_Status,0,2.0,,2228224,2025-08-11 14:31:52
4312,RobotSimForPA/Global/R1_Status,0,2.0,,2228224,2025-08-11 14:31:53
4313,RobotSimForPA/Global/R1_Status,0,2.0,,2228224,2025-08-11 14:31:54
4314,RobotSimForPA/Global/R1_Status,0,2.0,,2228224,2025-08-11 14:31:55
4315,RobotSimForPA/Global/R1_Status,0,1.0,,2228224,2025-08-11 14:31:56
4316,RobotSimForPA/Global/R1_Status,0,1.0,,2228224,2025-08-11 14:31:57
4317,RobotSimForPA/Global/R1_Status,0,1.0,,2228224,2025-08-11 14:31:58
4318,RobotSimForPA/Global/R1_Status,0,1.0,,2228224,2025-08-11 14:31:59
4319,RobotSimForPA/Global/R1_Status,0,1.0,,2228224,2025-08-11 14:32:00
4320,RobotSimForPA/Global/R1_Status,0,1.0,,2228224,2025-08-11 14:32:01
4321,RobotSimForPA/Global/R1_Status,0,0.0,,2228224,2025-08-11 14:32:02
4322,RobotSimForPA/Global/R1_Status,0,0.0,,2228224,2025-08-11 14:32:03
4323,RobotSimForPA/Global/R1_Status,0,0.0,,2228224,2025-08-11 14:32:04
4324,RobotSimForPA/Global/R1_Status,0,0.0,,2228224,2025-08-11 14:32:05
4325,RobotSimForPA/Global/R1_Status,0,0.0,,2228224,2025-08-11 14:32:06
4326,RobotSimForPA/Global/R1_Status,0,0.0,,2228224,2025-08-11 14:32:07
4327,RobotSimForPA/Global/R1_Status,0,0.0,,2228224,2025-08-11 14:32:08
4328,RobotSimForPA/Global/R1_Status,0,0.0,,2228224,2025-08-11 14:32:09
4329,RobotSimForPA/Global/R1_Status,0,0.0,,2228224,2025-08-11 14:32:10
4330,RobotSimForPA/Global/R1_Status,0,0.0,,2228224,2025-08-11 14:32:11
4331,RobotSimForPA/Global/R1_Status,0,0.0,,2228224,2025-08-11 14:32:12
4332,RobotSimForPA/Global/R1_Status,0,0.0,,2228224,2025-08-11 14:32:13
4333,RobotSimForPA/Global/R1_Status,0,0.0,,2228224,2025-08-11 14:32:14
4334,RobotSimForPA/Global/R1_Status,0,0.0,,2228224,2025-08-11 14:32:15
4335,RobotSimForPA/Global/R1_Status,0,0.0,,2228224,2025-08-11 14:32:16
4336,RobotSimForPA/Global/R1_Status,0,0.0,,2228224,2025-08-11 14:32:17
4337,RobotSimForPA/Global/R1_Status,0,0.0,,2228224,2025-08-11 14:32:18
4338,RobotSimForPA/Global/R1_Status,0,1.0,,2228224,2025-08-11 14:32:19
4339,RobotSimForPA/Global/R1_Status,0,1.0,,2228224,2025-08-11 14:32:20
4340,RobotSimForPA/Global/R1_Status,0,1.0,,2228224,2025-08-11 14:32:21
4341,RobotSimForPA/Global/R1_Status,0,1.0,,2228224,2025-08-11 14:32:22
4342,RobotSimForPA/Global/R1_Status,0,1.0,,2228224,2025-08-11 14:32:23
4343,RobotSimForPA/Global/R1_Status,0,2.0,,2228224,2025-08-11 14:32:24
4344,RobotSimForPA/Global/R1_Status,0,2.0,,2228224,2025-08-11 14:32:25
4345,RobotSimForPA/Global/R1_Status,0,2.0,,2228224,2025-08-11 14:32:26
4346,RobotSimForPA/Global/R1_Status,0,2.0,,2228224,2025-08-11 14:32:27
4347,RobotSimForPA/Global/R1_Status,0,1.0,,2228224,2025-08-11 14:32:28
4348,RobotSimForPA/Global/R1_Status,0,1.0,,2228224,2025-08-11 14:32:29
4349,RobotSimForPA/Global/R1_Status,0,1.0,,2228224,2025-08-11 14:32:30
4350,RobotSimForPA/Global/R1_Status,0,1.0,,2228224,2025-08-11 14:32:31
4351,RobotSimForPA/Global/R1_Status,0,1.0,,2228224,2025-08-11 14:32:32
4352,RobotSimForPA/Global/R1_Status,0,1.0,,2228224,2025-08-11 14:32:33
4353,RobotSimForPA/Global/R1_Status,0,0.0,,2228224,2025-08-11 14:32:34
4354,RobotSimForPA/Global/R1_Status,0,0.0,,2228224,2025-08-11 14:32:35
4355,RobotSimForPA/Global/R1_Status,0,0.0,,2228224,2025-08-11 14:32:36
4356,RobotSimForPA/Global/R1_Status,0,0.0,,2228224,2025-08-11 14:32:37
4357,RobotSimForPA/Global/R1_Status,0,0.0,,2228224,2025-08-11 14:32:38
4358,RobotSimForPA/Global/R1_Status,0,0.0,,2228224,2025-08-11 14:32:39
4359,RobotSimForPA/Global/R1_Status,0,0.0,,2228224,2025-08-11 14:32:40
4360,RobotSimForPA/Global/R1_Status,0,0.0,,2228224,2025-08-11 14:32:41
4361,RobotSimForPA/Global/R1_Status,0,0.0,,2228224,2025-08-11 14:32:42
4362,RobotSimForPA/Global/R1_Status,0,0.0,,2228224,2025-08-11 14:32:43
4363,RobotSimForPA/Global/R1_Status,0,0.0,,2228224,2025-08-11 14:32:44
4364,RobotSimForPA/Global/R1_Status,0,0.0,,2228224,2025-08-11 14:32:45
4365,RobotSimForPA/Global/R1_Status,0,0.0,,2228224,2025-08-11 14:32:46
4366,RobotSimForPA/Global/R1_Status,0,0.0,,2228224,2025-08-11 14:32:47
4367,RobotSimForPA/Global/R1_Status,0,1.0,,2228224,2025-08-11 14:32:48
4368,RobotSimForPA/Global/R1_Status,0,1.0,,2228224,2025-08-11 14:32:49
4369,RobotSimForPA/Global/R1_Status,0,1.0,,2228224,2025-08-11 14:32:50
4370,RobotSimForPA/Global/R1_Status,0,1.0,,2228224,2025-08-11 14:32:51
4371,RobotSimForPA/Global/R1_Status,0,1.0,,2228224,2025-08-11 14:32:52
4372,RobotSimForPA/Global/R1_Status,0,1.0,,2228224,2025-08-11 14:32:53
4373,RobotSimForPA/Global/R1_Status,0,2.0,,2228224,2025-08-11 14:32:54
4374,RobotSimForPA/Global/R1_Status,0,2.0,,2228224,2025-08-11 14:32:55
4375,RobotSimForPA/Global/R1_Status,0,2.0,,2228224,2025-08-11 14:32:56
4376,RobotSimForPA/Global/R1_Status,0,2.0,,2228224,2025-08-11 14:32:57
4377,RobotSimForPA/Global/R1_Status,0,1.0,,2228224,2025-08-11 14:32:58
4378,RobotSimForPA/Global/R1_Status,0,1.0,,2228224,2025-08-11 14:32:59
4379,RobotSimForPA/Global/R1_Status,0,1.0,,2228224,2025-08-11 14:33:00
4380,RobotSimForPA/Global/R1_Status,0,1.0,,2228224,2025-08-11 14:33:01
4381,RobotSimForPA/Global/R1_Status,0,1.0,,2228224,2025-08-11 14:33:02
4382,RobotSimForPA/Global/R1_Status,0,1.0,,2228224,2025-08-11 14:33:03
4383,RobotSimForPA/Global/R1_Status,0,0.0,,2228224,2025-08-11 14:33:04
4384,RobotSimForPA/Global/R1_Status,0,0.0,,2228224,2025-08-11 14:33:05
4385,RobotSimForPA/Global/R1_Status,0,0.0,,2228224,2025-08-11 14:33:06
4386,RobotSimForPA/Global/R1_Status,0,0.0,,2228224,2025-08-11 14:33:07
4387,RobotSimForPA/Global/R1_Status,0,0.0,,2228224,2025-08-11 14:33:08
4388,RobotSimForPA/Global/R1_Status,0,0.0,,2228224,2025-08-11 14:33:09
4389,RobotSimForPA/Global/R1_Status,0,0.0,,2228224,2025-08-11 14:33:10
4390,RobotSimForPA/Global/R1_Status,0,0.0,,2228224,2025-08-11 14:33:11
4391,RobotSimForPA/Global/R1_Status,0,0.0,,2228224,2025-08-11 14:33:12
4392,RobotSimForPA/Global/R1_Status,0,0.0,,2228224,2025-08-11 14:33:13
4393,RobotSimForPA/Global/R1_Status,0,0.0,,2228224,2025-08-11 14:33:14
4394,RobotSimForPA/Global/R1_Status,0,0.0,,2228224,2025-08-11 14:33:15
4395,RobotSimForPA/Global/R1_Status,0,0.0,,2228224,2025-08-11 14:33:16
4396,RobotSimForPA/Global/R1_Status,0,0.0,,2228224,2025-08-11 14:33:17
4397,RobotSimForPA/Global/R1_Status,0,1.0,,2228224,2025-08-11 14:33:18
4398,RobotSimForPA/Global/R1_Status,0,1.0,,2228224,2025-08-11 14:33:19
4399,RobotSimForPA/Global/R1_Status,0,1.0,,2228224,2025-08-11 14:33:20
4400,RobotSimForPA/Global/R1_Status,0,1.0,,2228224,2025-08-11 14:33:21
4401,RobotSimForPA/Global/R1_Status,0,1.0,,2228224,2025-08-11 14:33:22
4402,RobotSimForPA/Global/R1_Status,0,1.0,,2228224,2025-08-11 14:33:23
4403,RobotSimForPA/Global/R1_Status,0,2.0,,2228224,2025-08-11 14:33:24
4404,RobotSimForPA/Global/R1_Status,0,2.0,,2228224,2025-08-11 14:33:25
4405,RobotSimForPA/Global/R1_Status,0,2.0,,2228224,2025-08-11 14:33:26
4406,RobotSimForPA/Global/R1_Status,0,2.0,,2228224,2025-08-11 14:33:27
4407,RobotSimForPA/Global/R1_Status,0,1.0,,2228224,2025-08-11 14:33:28
4408,RobotSimForPA/Global/R1_Status,0,1.0,,2228224,2025-08-11 14:33:29
4409,RobotSimForPA/Global/R1_Status,0,1.0,,2228224,2025-08-11 14:33:30
4410,RobotSimForPA/Global/R1_Status,0,1.0,,2228224,2025-08-11 14:33:31
4411,RobotSimForPA/Global/R1_Status,0,1.0,,2228224,2025-08-11 14:33:32
4412,RobotSimForPA/Global/R1_Status,0,1.0,,2228224,2025-08-11 14:33:33
4413,RobotSimForPA/Global/R1_Status,0,0.0,,2228224,2025-08-11 14:33:34
4414,RobotSimForPA/Global/R1_Status,0,0.0,,2228224,2025-08-11 14:33:35
4415,RobotSimForPA/Global/R1_Status,0,0.0,,2228224,2025-08-11 14:33:36
4416,RobotSimForPA/Global/R1_Status,0,0.0,,2228224,2025-08-11 14:33:37
4417,RobotSimForPA/Global/R1_Status,0,0.0,,2228224,2025-08-11 14:33:38
4418,RobotSimForPA/Global/R1_Status,0,0.0,,2228224,2025-08-11 14:33:39
4419,RobotSimForPA/Global/R1_Status,0,0.0,,2228224,2025-08-11 14:33:40
4420,RobotSimForPA/Global/R1_Status,0,0.0,,2228224,2025-08-11 14:33:41
4421,RobotSimForPA/Global/R1_Status,0,0.0,,2228224,2025-08-11 14:33:42
4422,RobotSimForPA/Global/R1_Status,0,0.0,,2228224,2025-08-11 14:33:43
4423,RobotSimForPA/Global/R1_Status,0,0.0,,2228224,2025-08-11 14:33:44
4424,RobotSimForPA/Global/R1_Status,0,0.0,,2228224,2025-08-11 14:33:45
4425,RobotSimForPA/Global/R1_Status,0,0.0,,2228224,2025-08-11 14:33:46
4426,RobotSimForPA/Global/R1_Status,0,0.0,,2228224,2025-08-11 14:33:47
4427,RobotSimForPA/Global/R1_Status,0,0.0,,2228224,2025-08-11 14:33:48
4428,RobotSimForPA/Global/R1_Status,0,0.0,,2228224,2025-08-11 14:33:49
4429,RobotSimForPA/Global/R1_Status,0,1.0,,2228224,2025-08-11 14:33:50
4430,RobotSimForPA/Global/R1_Status,0,1.0,,2228224,2025-08-11 14:33:51
4431,RobotSimForPA/Global/R1_Status,0,1.0,,2228224,2025-08-11 14:33:52
4432,RobotSimForPA/Global/R1_Status,0,1.0,,2228224,2025-08-11 14:33:53
4433,RobotSimForPA/Global/R1_Status,0,1.0,,2228224,2025-08-11 14:33:54
4434,RobotSimForPA/Global/R1_Status,0,1.0,,2228224,2025-08-11 14:33:55
4435,RobotSimForPA/Global/R1_Status,0,2.0,,2228224,2025-08-11 14:33:56
4436,RobotSimForPA/Global/R1_Status,0,2.0,,2228224,2025-08-11 14:33:57
4437,RobotSimForPA/Global/R1_Status,0,2.0,,2228224,2025-08-11 14:33:58
4438,RobotSimForPA/Global/R1_Status,0,2.0,,2228224,2025-08-11 14:33:59
4439,RobotSimForPA/Global/R1_Status,0,1.0,,2228224,2025-08-11 14:34:00
4440,RobotSimForPA/Global/R1_Status,0,1.0,,2228224,2025-08-11 14:34:01
4441,RobotSimForPA/Global/R1_Status,0,1.0,,2228224,2025-08-11 14:34:02
4442,RobotSimForPA/Global/R1_Status,0,1.0,,2228224,2025-08-11 14:34:03
4443,RobotSimForPA/Global/R1_Status,0,1.0,,2228224,2025-08-11 14:34:04
4444,RobotSimForPA/Global/R1_Status,0,1.0,,2228224,2025-08-11 14:34:05
4445,RobotSimForPA/Global/R1_Status,0,1.0,,2228224,2025-08-11 14:34:06
4446,RobotSimForPA/Global/R1_Status,0,0.0,,2228224,2025-08-11 14:34:07
4447,RobotSimForPA/Global/R1_Status,0,0.0,,2228224,2025-08-11 14:34:08
4448,RobotSimForPA/Global/R1_Status,0,0.0,,2228224,2025-08-11 14:34:09
4449,RobotSimForPA/Global/R1_Status,0,0.0,,2228224,2025-08-11 14:34:10
4450,RobotSimForPA/Global/R1_Status,0,0.0,,2228224,2025-08-11 14:34:11
4451,RobotSimForPA/Global/R1_Status,0,0.0,,2228224,2025-08-11 14:34:12
4452,RobotSimForPA/Global/R1_Status,0,0.0,,2228224,2025-08-11 14:34:13
4453,RobotSimForPA/Global/R1_Status,0,0.0,,2228224,2025-08-11 14:34:14
4454,RobotSimForPA/Global/R1_Status,0,0.0,,2228224,2025-08-11 14:34:15
4455,RobotSimForPA/Global/R1_Status,0,0.0,,2228224,2025-08-11 14:34:16
4456,RobotSimForPA/Global/R1_Status,0,0.0,,2228224,2025-08-11 14:34:17
4457,RobotSimForPA/Global/R1_Status,0,0.0,,2228224,2025-08-11 14:34:18
4458,RobotSimForPA/Global/R1_Status,0,0.0,,2228224,2025-08-11 14:34:19
4459,RobotSimForPA/Global/R1_Status,0,0.0,,2228224,2025-08-11 14:34:20
4460,RobotSimForPA/Global/R1_Status,0,0.0,,2228224,2025-08-11 14:34:21
4461,RobotSimForPA/Global/R1_Status,0,0.0,,2228224,2025-08-11 14:34:22
4462,RobotSimForPA/Global/R1_Status,0,1.0,,2228224,2025-08-11 14:34:23
4463,RobotSimForPA/Global/R1_Status,0,1.0,,2228224,2025-08-11 14:34:24
4464,RobotSimForPA/Global/R1_Status,0,1.0,,2228224,2025-08-11 14:34:25
4465,RobotSimForPA/Global/R1_Status,0,1.0,,2228224,2025-08-11 14:34:26
4466,RobotSimForPA/Global/R1_Status,0,1.0,,2228224,2025-08-11 14:34:27
4467,RobotSimForPA/Global/R1_Status,0,1.0,,2228224,2025-08-11 14:34:28
4468,RobotSimForPA/Global/R1_Status,0,2.0,,2228224,2025-08-11 14:34:29
4469,RobotSimForPA/Global/R1_Status,0,2.0,,2228224,2025-08-11 14:34:30
4470,RobotSimForPA/Global/R1_Status,0,2.0,,2228224,2025-08-11 14:34:31
4471,RobotSimForPA/Global/R1_Status,0,2.0,,2228224,2025-08-11 14:34:32
4472,RobotSimForPA/Global/R1_Status,0,1.0,,2228224,2025-08-11 14:34:33
4473,RobotSimForPA/Global/R1_Status,0,1.0,,2228224,2025-08-11 14:34:34
4474,RobotSimForPA/Global/R1_Status,0,1.0,,2228224,2025-08-11 14:34:35
4475,RobotSimForPA/Global/R1_Status,0,1.0,,2228224,2025-08-11 14:34:36
4476,RobotSimForPA/Global/R1_Status,0,1.0,,2228224,2025-08-11 14:34:37
4477,RobotSimForPA/Global/R1_Status,0,1.0,,2228224,2025-08-11 14:34:38
4478,RobotSimForPA/Global/R1_Status,0,0.0,,2228224,2025-08-11 14:34:39
4479,RobotSimForPA/Global/R1_Status,0,0.0,,2228224,2025-08-11 14:34:40
4480,RobotSimForPA/Global/R1_Status,0,0.0,,2228224,2025-08-11 14:34:41
4481,RobotSimForPA/Global/R1_Status,0,0.0,,2228224,2025-08-11 14:34:42
4482,RobotSimForPA/Global/R1_Status,0,0.0,,2228224,2025-08-11 14:34:43
4483,RobotSimForPA/Global/R1_Status,0,0.0,,2228224,2025-08-11 14:34:44
4484,RobotSimForPA/Global/R1_Status,0,0.0,,2228224,2025-08-11 14:34:45
4485,RobotSimForPA/Global/R1_Status,0,0.0,,2228224,2025-08-11 14:34:46
4486,RobotSimForPA/Global/R1_Status,0,0.0,,2228224,2025-08-11 14:34:47
4487,RobotSimForPA/Global/R1_Status,0,0.0,,2228224,2025-08-11 14:34:48
4488,RobotSimForPA/Global/R1_Status,0,0.0,,2228224,2025-08-11 14:34:49
4489,RobotSimForPA/Global/R1_Status,0,0.0,,2228224,2025-08-11 14:34:50
4490,RobotSimForPA/Global/R1_Status,0,0.0,,2228224,2025-08-11 14:34:51
4491,RobotSimForPA/Global/R1_Status,0,0.0,,2228224,2025-08-11 14:34:52
4492,RobotSimForPA/Global/R1_Status,0,0.0,,2228224,2025-08-11 14:34:53
4493,RobotSimForPA/Global/R1_Status,0,0.0,,2228224,2025-08-11 14:34:54
4494,RobotSimForPA/Global/R1_Status,0,1.0,,2228224,2025-08-11 14:34:55
4495,RobotSimForPA/Global/R1_Status,0,1.0,,2228224,2025-08-11 14:34:56
4496,RobotSimForPA/Global/R1_Status,0,1.0,,2228224,2025-08-11 14:34:57
4497,RobotSimForPA/Global/R1_Status,0,1.0,,2228224,2025-08-11 14:34:58
4498,RobotSimForPA/Global/R1_Status,0,1.0,,2228224,2025-08-11 14:34:59
4499,RobotSimForPA/Global/R1_Status,0,1.0,,2228224,2025-08-11 14:35:00
4500,RobotSimForPA/Global/R1_Status,0,2.0,,2228224,2025-08-11 14:35:01
4501,RobotSimForPA/Global/R1_Status,0,2.0,,2228224,2025-08-11 14:35:02
4502,RobotSimForPA/Global/R1_Status,0,2.0,,2228224,2025-08-11 14:35:03
4503,RobotSimForPA/Global/R1_Status,0,2.0,,2228224,2025-08-11 14:35:04
4504,RobotSimForPA/Global/R1_Status,0,1.0,,2228224,2025-08-11 14:35:05
4505,RobotSimForPA/Global/R1_Status,0,1.0,,2228224,2025-08-11 14:35:06
4506,RobotSimForPA/Global/R1_Status,0,1.0,,2228224,2025-08-11 14:35:07
4507,RobotSimForPA/Global/R1_Status,0,1.0,,2228224,2025-08-11 14:35:08
4508,RobotSimForPA/Global/R1_Status,0,1.0,,2228224,2025-08-11 14:35:09
4509,RobotSimForPA/Global/R1_Status,0,1.0,,2228224,2025-08-11 14:35:10
4510,RobotSimForPA/Global/R1_Status,0,0.0,,2228224,2025-08-11 14:35:11
4511,RobotSimForPA/Global/R1_Status,0,0.0,,2228224,2025-08-11 14:35:12
4512,RobotSimForPA/Global/R1_Status,0,0.0,,2228224,2025-08-11 14:35:13
4513,RobotSimForPA/Global/R1_Status,0,0.0,,2228224,2025-08-11 14:35:14
4514,RobotSimForPA/Global/R1_Status,0,0.0,,2228224,2025-08-11 14:35:15
4515,RobotSimForPA/Global/R1_Status,0,0.0,,2228224,2025-08-11 14:35:16
4516,RobotSimForPA/Global/R1_Status,0,0.0,,2228224,2025-08-11 14:35:17
4517,RobotSimForPA/Global/R1_Status,0,0.0,,2228224,2025-08-11 14:35:18
4518,RobotSimForPA/Global/R1_Status,0,0.0,,2228224,2025-08-11 14:35:19
4519,RobotSimForPA/Global/R1_Status,0,0.0,,2228224,2025-08-11 14:35:20
4520,RobotSimForPA/Global/R1_Status,0,0.0,,2228224,2025-08-11 14:35:21
4521,RobotSimForPA/Global/R1_Status,0,0.0,,2228224,2025-08-11 14:35:22
4522,RobotSimForPA/Global/R1_Status,0,0.0,,2228224,2025-08-11 14:35:23
4523,RobotSimForPA/Global/R1_Status,0,0.0,,2228224,2025-08-11 14:35:24
4524,RobotSimForPA/Global/R1_Status,0,0.0,,2228224,2025-08-11 14:35:25
4525,RobotSimForPA/Global/R1_Status,0,0.0,,2228224,2025-08-11 14:35:26
4526,RobotSimForPA/Global/R1_Status,0,1.0,,2228224,2025-08-11 14:35:27
4527,RobotSimForPA/Global/R1_Status,0,1.0,,2228224,2025-08-11 14:35:28
4528,RobotSimForPA/Global/R1_Status,0,1.0,,2228224,2025-08-11 14:35:29
4529,RobotSimForPA/Global/R1_Status,0,1.0,,2228224,2025-08-11 14:35:30
4530,RobotSimForPA/Global/R1_Status,0,1.0,,2228224,2025-08-11 14:35:31
4531,RobotSimForPA/Global/R1_Status,0,1.0,,2228224,2025-08-11 14:35:32
4532,RobotSimForPA/Global/R1_Status,0,2.0,,2228224,2025-08-11 14:35:33
4533,RobotSimForPA/Global/R1_Status,0,2.0,,2228224,2025-08-11 14:35:34
4534,RobotSimForPA/Global/R1_Status,0,2.0,,2228224,2025-08-11 14:35:35
4535,RobotSimForPA/Global/R1_Status,0,2.0,,2228224,2025-08-11 14:35:36
4536,RobotSimForPA/Global/R1_Status,0,1.0,,2228224,2025-08-11 14:35:37
4537,RobotSimForPA/Global/R1_Status,0,1.0,,2228224,2025-08-11 14:35:38
4538,RobotSimForPA/Global/R1_Status,0,1.0,,2228224,2025-08-11 14:35:39
4539,RobotSimForPA/Global/R1_Status,0,1.0,,2228224,2025-08-11 14:35:40
4540,RobotSimForPA/Global/R1_Status,0,1.0,,2228224,2025-08-11 14:35:41
4541,RobotSimForPA/Global/R1_Status,0,1.0,,2228224,2025-08-11 14:35:42
4542,RobotSimForPA/Global/R1_Status,0,0.0,,2228224,2025-08-11 14:35:43
4543,RobotSimForPA/Global/R1_Status,0,0.0,,2228224,2025-08-11 14:35:44
4544,RobotSimForPA/Global/R1_Status,0,0.0,,2228224,2025-08-11 14:35:45
4545,RobotSimForPA/Global/R1_Status,0,0.0,,2228224,2025-08-11 14:35:46
4546,RobotSimForPA/Global/R1_Status,0,0.0,,2228224,2025-08-11 14:35:47
4547,RobotSimForPA/Global/R1_Status,0,0.0,,2228224,2025-08-11 14:35:48
4548,RobotSimForPA/Global/R1_Status,0,0.0,,2228224,2025-08-11 14:35:49
4549,RobotSimForPA/Global/R1_Status,0,0.0,,2228224,2025-08-11 14:35:50
4550,RobotSimForPA/Global/R1_Status,0,0.0,,2228224,2025-08-11 14:35:51
4551,RobotSimForPA/Global/R1_Status,0,0.0,,2228224,2025-08-11 14:35:52
4552,RobotSimForPA/Global/R1_Status,0,0.0,,2228224,2025-08-11 14:35:53
4553,RobotSimForPA/Global/R1_Status,0,0.0,,2228224,2025-08-11 14:35:54
4554,RobotSimForPA/Global/R1_Status,0,0.0,,2228224,2025-08-11 14:35:55
4555,RobotSimForPA/Global/R1_Status,0,0.0,,2228224,2025-08-11 14:35:56
4556,RobotSimForPA/Global/R1_Status,0,0.0,,2228224,2025-08-11 14:35:57
4557,RobotSimForPA/Global/R1_Status,0,0.0,,2228224,2025-08-11 14:35:58
4558,RobotSimForPA/Global/R1_Status,0,1.0,,2228224,2025-08-11 14:35:59
4559,RobotSimForPA/Global/R1_Status,0,1.0,,2228224,2025-08-11 14:36:00
4560,RobotSimForPA/Global/R1_Status,0,1.0,,2228224,2025-08-11 14:36:01
4561,RobotSimForPA/Global/R1_Status,0,1.0,,2228224,2025-08-11 14:36:02
4562,RobotSimForPA/Global/R1_Status,0,1.0,,2228224,2025-08-11 14:36:03
4563,RobotSimForPA/Global/R1_Status,0,1.0,,2228224,2025-08-11 14:36:04
4564,RobotSimForPA/Global/R1_Status,0,2.0,,2228224,2025-08-11 14:36:05
4565,RobotSimForPA/Global/R1_Status,0,2.0,,2228224,2025-08-11 14:36:06
4566,RobotSimForPA/Global/R1_Status,0,2.0,,2228224,2025-08-11 14:36:07
4567,RobotSimForPA/Global/R1_Status,0,2.0,,2228224,2025-08-11 14:36:08
4568,RobotSimForPA/Global/R1_Status,0,1.0,,2228224,2025-08-11 14:36:09
4569,RobotSimForPA/Global/R1_Status,0,1.0,,2228224,2025-08-11 14:36:10
4570,RobotSimForPA/Global/R1_Status,0,1.0,,2228224,2025-08-11 14:36:11
4571,RobotSimForPA/Global/R1_Status,0,1.0,,2228224,2025-08-11 14:36:12
4572,RobotSimForPA/Global/R1_Status,0,1.0,,2228224,2025-08-11 14:36:13
4573,RobotSimForPA/Global/R1_Status,0,1.0,,2228224,2025-08-11 14:36:14
4574,RobotSimForPA/Global/R1_Status,0,0.0,,2228224,2025-08-11 14:36:15
4575,RobotSimForPA/Global/R1_Status,0,0.0,,2228224,2025-08-11 14:36:16
4576,RobotSimForPA/Global/R1_Status,0,0.0,,2228224,2025-08-11 14:36:17
4577,RobotSimForPA/Global/R1_Status,0,0.0,,2228224,2025-08-11 14:36:18
4578,RobotSimForPA/Global/R1_Status,0,0.0,,2228224,2025-08-11 14:36:19
4579,RobotSimForPA/Global/R1_Status,0,0.0,,2228224,2025-08-11 14:36:20
4580,RobotSimForPA/Global/R1_Status,0,0.0,,2228224,2025-08-11 14:36:21
4581,RobotSimForPA/Global/R1_Status,0,0.0,,2228224,2025-08-11 14:36:22
4582,RobotSimForPA/Global/R1_Status,0,0.0,,2228224,2025-08-11 14:36:23
4583,RobotSimForPA/Global/R1_Status,0,0.0,,2228224,2025-08-11 14:36:24
4584,RobotSimForPA/Global/R1_Status,0,0.0,,2228224,2025-08-11 14:36:25
4585,RobotSimForPA/Global/R1_Status,0,0.0,,2228224,2025-08-11 14:36:26
4586,RobotSimForPA/Global/R1_Status,0,0.0,,2228224,2025-08-11 14:36:27
4587,RobotSimForPA/Global/R1_Status,0,0.0,,2228224,2025-08-11 14:36:28
4588,RobotSimForPA/Global/R1_Status,0,0.0,,2228224,2025-08-11 14:36:29
4589,RobotSimForPA/Global/R1_Status,0,0.0,,2228224,2025-08-11 14:36:30
4590,RobotSimForPA/Global/R1_Status,0,0.0,,2228224,2025-08-11 14:36:31
4591,RobotSimForPA/Global/R1_Status,0,1.0,,2228224,2025-08-11 14:36:32
4592,RobotSimForPA/Global/R1_Status,0,1.0,,2228224,2025-08-11 14:36:33
4593,RobotSimForPA/Global/R1_Status,0,1.0,,2228224,2025-08-11 14:36:34
4594,RobotSimForPA/Global/R1_Status,0,1.0,,2228224,2025-08-11 14:36:35
4595,RobotSimForPA/Global/R1_Status,0,1.0,,2228224,2025-08-11 14:36:36
4596,RobotSimForPA/Global/R1_Status,0,1.0,,2228224,2025-08-11 14:36:37
4597,RobotSimForPA/Global/R1_Status,0,2.0,,2228224,2025-08-11 14:36:38
4598,RobotSimForPA/Global/R1_Status,0,2.0,,2228224,2025-08-11 14:36:39
4599,RobotSimForPA/Global/R1_Status,0,2.0,,2228224,2025-08-11 14:36:40
4600,RobotSimForPA/Global/R1_Status,0,2.0,,2228224,2025-08-11 14:36:41
4601,RobotSimForPA/Global/R1_Status,0,1.0,,2228224,2025-08-11 14:36:42
4602,RobotSimForPA/Global/R1_Status,0,1.0,,2228224,2025-08-11 14:36:43
4603,RobotSimForPA/Global/R1_Status,0,1.0,,2228224,2025-08-11 14:36:44
4604,RobotSimForPA/Global/R1_Status,0,1.0,,2228224,2025-08-11 14:36:45
4605,RobotSimForPA/Global/R1_Status,0,1.0,,2228224,2025-08-11 14:36:46
4606,RobotSimForPA/Global/R1_Status,0,1.0,,2228224,2025-08-11 14:36:47
4607,RobotSimForPA/Global/R1_Status,0,0.0,,2228224,2025-08-11 14:36:48
4608,RobotSimForPA/Global/R1_Status,0,0.0,,2228224,2025-08-11 14:36:49
4609,RobotSimForPA/Global/R1_Status,0,0.0,,2228224,2025-08-11 14:36:50
4610,RobotSimForPA/Global/R1_Status,0,0.0,,2228224,2025-08-11 14:36:51
4611,RobotSimForPA/Global/R1_Status,0,0.0,,2228224,2025-08-11 14:36:52
4612,RobotSimForPA/Global/R1_Status,0,0.0,,2228224,2025-08-11 14:36:53
4613,RobotSimForPA/Global/R1_Status,0,0.0,,2228224,2025-08-11 14:36:54
4614,RobotSimForPA/Global/R1_Status,0,0.0,,2228224,2025-08-11 14:36:55
4615,RobotSimForPA/Global/R1_Status,0,0.0,,2228224,2025-08-11 14:36:56
4616,RobotSimForPA/Global/R1_Status,0,0.0,,2228224,2025-08-11 14:36:57
4617,RobotSimForPA/Global/R1_Status,0,0.0,,2228224,2025-08-11 14:36:58
4618,RobotSimForPA/Global/R1_Status,0,0.0,,2228224,2025-08-11 14:36:59
4619,RobotSimForPA/Global/R1_Status,0,0.0,,2228224,2025-08-11 14:37:00
4620,RobotSimForPA/Global/R1_Status,0,0.0,,2228224,2025-08-11 14:37:01
4621,RobotSimForPA/Global/R1_Status,0,0.0,,2228224,2025-08-11 14:37:02
4622,RobotSimForPA/Global/R1_Status,0,0.0,,2228224,2025-08-11 14:37:03
4623,RobotSimForPA/Global/R1_Status,0,1.0,,2228224,2025-08-11 14:37:04
4624,RobotSimForPA/Global/R1_Status,0,1.0,,2228224,2025-08-11 14:37:05
4625,RobotSimForPA/Global/R1_Status,0,1.0,,2228224,2025-08-11 14:37:06
4626,RobotSimForPA/Global/R1_Status,0,1.0,,2228224,2025-08-11 14:37:07
4627,RobotSimForPA/Global/R1_Status,0,1.0,,2228224,2025-08-11 14:37:08
4628,RobotSimForPA/Global/R1_Status,0,1.0,,2228224,2025-08-11 14:37:09
4629,RobotSimForPA/Global/R1_Status,0,2.0,,2228224,2025-08-11 14:37:10
4630,RobotSimForPA/Global/R1_Status,0,2.0,,2228224,2025-08-11 14:37:11
4631,RobotSimForPA/Global/R1_Status,0,2.0,,2228224,2025-08-11 14:37:12
4632,RobotSimForPA/Global/R1_Status,0,2.0,,2228224,2025-08-11 14:37:13
4633,RobotSimForPA/Global/R1_Status,0,1.0,,2228224,2025-08-11 14:37:14
4634,RobotSimForPA/Global/R1_Status,0,1.0,,2228224,2025-08-11 14:37:15
4635,RobotSimForPA/Global/R1_Status,0,1.0,,2228224,2025-08-11 14:37:16
4636,RobotSimForPA/Global/R1_Status,0,1.0,,2228224,2025-08-11 14:37:17
4637,RobotSimForPA/Global/R1_Status,0,1.0,,2228224,2025-08-11 14:37:18
4638,RobotSimForPA/Global/R1_Status,0,1.0,,2228224,2025-08-11 14:37:19
4639,RobotSimForPA/Global/R1_Status,0,0.0,,2228224,2025-08-11 14:37:20
4640,RobotSimForPA/Global/R1_Status,0,0.0,,2228224,2025-08-11 14:37:21
4641,RobotSimForPA/Global/R1_Status,0,0.0,,2228224,2025-08-11 14:37:22
4642,RobotSimForPA/Global/R1_Status,0,0.0,,2228224,2025-08-11 14:37:23
4643,RobotSimForPA/Global/R1_Status,0,0.0,,2228224,2025-08-11 14:37:24
4644,RobotSimForPA/Global/R1_Status,0,0.0,,2228224,2025-08-11 14:37:25
4645,RobotSimForPA/Global/R1_Status,0,0.0,,2228224,2025-08-11 14:37:26
4646,RobotSimForPA/Global/R1_Status,0,0.0,,2228224,2025-08-11 14:37:27
4647,RobotSimForPA/Global/R1_Status,0,0.0,,2228224,2025-08-11 14:37:28
4648,RobotSimForPA/Global/R1_Status,0,0.0,,2228224,2025-08-11 14:37:29
4649,RobotSimForPA/Global/R1_Status,0,0.0,,2228224,2025-08-11 14:37:30
4650,RobotSimForPA/Global/R1_Status,0,0.0,,2228224,2025-08-11 14:37:31
4651,RobotSimForPA/Global/R1_Status,0,0.0,,2228224,2025-08-11 14:37:32
4652,RobotSimForPA/Global/R1_Status,0,0.0,,2228224,2025-08-11 14:37:33
4653,RobotSimForPA/Global/R1_Status,0,0.0,,2228224,2025-08-11 14:37:34
4654,RobotSimForPA/Global/R1_Status,0,1.0,,2228224,2025-08-11 14:37:35
4655,RobotSimForPA/Global/R1_Status,0,1.0,,2228224,2025-08-11 14:37:36
4656,RobotSimForPA/Global/R1_Status,0,1.0,,2228224,2025-08-11 14:37:37
4657,RobotSimForPA/Global/R1_Status,0,1.0,,2228224,2025-08-11 14:37:38
4658,RobotSimForPA/Global/R1_Status,0,1.0,,2228224,2025-08-11 14:37:39
4659,RobotSimForPA/Global/R1_Status,0,1.0,,2228224,2025-08-11 14:37:40
4660,RobotSimForPA/Global/R1_Status,0,2.0,,2228224,2025-08-11 14:37:41
4661,RobotSimForPA/Global/R1_Status,0,2.0,,2228224,2025-08-11 14:37:42
4662,RobotSimForPA/Global/R1_Status,0,2.0,,2228224,2025-08-11 14:37:43
4663,RobotSimForPA/Global/R1_Status,0,2.0,,2228224,2025-08-11 14:37:44
4664,RobotSimForPA/Global/R1_Status,0,1.0,,2228224,2025-08-11 14:37:45
4665,RobotSimForPA/Global/R1_Status,0,1.0,,2228224,2025-08-11 14:37:46
4666,RobotSimForPA/Global/R1_Status,0,1.0,,2228224,2025-08-11 14:37:47
4667,RobotSimForPA/Global/R1_Status,0,1.0,,2228224,2025-08-11 14:37:48
4668,RobotSimForPA/Global/R1_Status,0,1.0,,2228224,2025-08-11 14:37:49
4669,RobotSimForPA/Global/R1_Status,0,1.0,,2228224,2025-08-11 14:37:50
4670,RobotSimForPA/Global/R1_Status,0,0.0,,2228224,2025-08-11 14:37:51
4671,RobotSimForPA/Global/R1_Status,0,0.0,,2228224,2025-08-11 14:37:52
4672,RobotSimForPA/Global/R1_Status,0,0.0,,2228224,2025-08-11 14:37:53
4673,RobotSimForPA/Global/R1_Status,0,0.0,,2228224,2025-08-11 14:37:54
4674,RobotSimForPA/Global/R1_Status,0,0.0,,2228224,2025-08-11 14:37:55
4675,RobotSimForPA/Global/R1_Status,0,0.0,,2228224,2025-08-11 14:37:56
4676,RobotSimForPA/Global/R1_Status,0,0.0,,2228224,2025-08-11 14:37:57
4677,RobotSimForPA/Global/R1_Status,0,0.0,,2228224,2025-08-11 14:37:58
4678,RobotSimForPA/Global/R1_Status,0,0.0,,2228224,2025-08-11 14:37:59
4679,RobotSimForPA/Global/R1_Status,0,0.0,,2228224,2025-08-11 14:38:00
4680,RobotSimForPA/Global/R1_Status,0,0.0,,2228224,2025-08-11 14:38:01
4681,RobotSimForPA/Global/R1_Status,0,0.0,,2228224,2025-08-11 14:38:02
4682,RobotSimForPA/Global/R1_Status,0,0.0,,2228224,2025-08-11 14:38:03
4683,RobotSimForPA/Global/R1_Status,0,0.0,,2228224,2025-08-11 14:38:04
4684,RobotSimForPA/Global/R1_Status,0,0.0,,2228224,2025-08-11 14:38:05
4685,RobotSimForPA/Global/R1_Status,0,1.0,,2228224,2025-08-11 14:38:06
4686,RobotSimForPA/Global/R1_Status,0,1.0,,2228224,2025-08-11 14:38:07
4687,RobotSimForPA/Global/R1_Status,0,1.0,,2228224,2025-08-11 14:38:08
4688,RobotSimForPA/Global/R1_Status,0,1.0,,2228224,2025-08-11 14:38:09
4689,RobotSimForPA/Global/R1_Status,0,1.0,,2228224,2025-08-11 14:38:10
4690,RobotSimForPA/Global/R1_Status,0,1.0,,2228224,2025-08-11 14:38:11
4691,RobotSimForPA/Global/R1_Status,0,2.0,,2228224,2025-08-11 14:38:12
4692,RobotSimForPA/Global/R1_Status,0,2.0,,2228224,2025-08-11 14:38:13
4693,RobotSimForPA/Global/R1_Status,0,2.0,,2228224,2025-08-11 14:38:14
4694,RobotSimForPA/Global/R1_Status,0,2.0,,2228224,2025-08-11 14:38:15
4695,RobotSimForPA/Global/R1_Status,0,1.0,,2228224,2025-08-11 14:38:16
4696,RobotSimForPA/Global/R1_Status,0,1.0,,2228224,2025-08-11 14:38:17
4697,RobotSimForPA/Global/R1_Status,0,1.0,,2228224,2025-08-11 14:38:18
4698,RobotSimForPA/Global/R1_Status,0,1.0,,2228224,2025-08-11 14:38:19
4699,RobotSimForPA/Global/R1_Status,0,1.0,,2228224,2025-08-11 14:38:20
4700,RobotSimForPA/Global/R1_Status,0,1.0,,2228224,2025-08-11 14:38:21
4701,RobotSimForPA/Global/R1_Status,0,0.0,,2228224,2025-08-11 14:38:22
4702,RobotSimForPA/Global/R1_Status,0,0.0,,2228224,2025-08-11 14:38:23
4703,RobotSimForPA/Global/R1_Status,0,0.0,,2228224,2025-08-11 14:38:24
4704,RobotSimForPA/Global/R1_Status,0,0.0,,2228224,2025-08-11 14:38:25
4705,RobotSimForPA/Global/R1_Status,0,0.0,,2228224,2025-08-11 14:38:26
4706,RobotSimForPA/Global/R1_Status,0,0.0,,2228224,2025-08-11 14:38:27
4707,RobotSimForPA/Global/R1_Status,0,0.0,,2228224,2025-08-11 14:38:28
4708,RobotSimForPA/Global/R1_Status,0,0.0,,2228224,2025-08-11 14:38:29
4709,RobotSimForPA/Global/R1_Status,0,0.0,,2228224,2025-08-11 14:38:30
4710,RobotSimForPA/Global/R1_Status,0,0.0,,2228224,2025-08-11 14:38:31
4711,RobotSimForPA/Global/R1_Status,0,0.0,,2228224,2025-08-11 14:38:32
4712,RobotSimForPA/Global/R1_Status,0,0.0,,2228224,2025-08-11 14:38:33
4713,RobotSimForPA/Global/R1_Status,0,0.0,,2228224,2025-08-11 14:38:34
4714,RobotSimForPA/Global/R1_Status,0,0.0,,2228224,2025-08-11 14:38:35
4715,RobotSimForPA/Global/R1_Status,0,1.0,,2228224,2025-08-11 14:38:36
4716,RobotSimForPA/Global/R1_Status,0,1.0,,2228224,2025-08-11 14:38:37
4717,RobotSimForPA/Global/R1_Status,0,1.0,,2228224,2025-08-11 14:38:38
4718,RobotSimForPA/Global/R1_Status,0,1.0,,2228224,2025-08-11 14:38:39
4719,RobotSimForPA/Global/R1_Status,0,1.0,,2228224,2025-08-11 14:38:40
4720,RobotSimForPA/Global/R1_Status,0,1.0,,2228224,2025-08-11 14:38:41
4721,RobotSimForPA/Global/R1_Status,0,1.0,,2228224,2025-08-11 14:38:42
4722,RobotSimForPA/Global/R1_Status,0,2.0,,2228224,2025-08-11 14:38:43
4723,RobotSimForPA/Global/R1_Status,0,2.0,,2228224,2025-08-11 14:38:44
4724,RobotSimForPA/Global/R1_Status,0,2.0,,2228224,2025-08-11 14:38:45
4725,RobotSimForPA/Global/R1_Status,0,1.0,,2228224,2025-08-11 14:38:46
4726,RobotSimForPA/Global/R1_Status,0,1.0,,2228224,2025-08-11 14:38:47
4727,RobotSimForPA/Global/R1_Status,0,1.0,,2228224,2025-08-11 14:38:48
4728,RobotSimForPA/Global/R1_Status,0,1.0,,2228224,2025-08-11 14:38:49
4729,RobotSimForPA/Global/R1_Status,0,1.0,,2228224,2025-08-11 14:38:50
4730,RobotSimForPA/Global/R1_Status,0,1.0,,2228224,2025-08-11 14:38:51
4731,RobotSimForPA/Global/R1_Status,0,1.0,,2228224,2025-08-11 14:38:52
4732,RobotSimForPA/Global/R1_Status,0,0.0,,2228224,2025-08-11 14:38:53
4733,RobotSimForPA/Global/R1_Status,0,0.0,,2228224,2025-08-11 14:38:54
4734,RobotSimForPA/Global/R1_Status,0,0.0,,2228224,2025-08-11 14:38:55
4735,RobotSimForPA/Global/R1_Status,0,0.0,,2228224,2025-08-11 14:38:56
4736,RobotSimForPA/Global/R1_Status,0,0.0,,2228224,2025-08-11 14:38:57
4737,RobotSimForPA/Global/R1_Status,0,0.0,,2228224,2025-08-11 14:38:58
4738,RobotSimForPA/Global/R1_Status,0,0.0,,2228224,2025-08-11 14:38:59
4739,RobotSimForPA/Global/R1_Status,0,0.0,,2228224,2025-08-11 14:39:00
4740,RobotSimForPA/Global/R1_Status,0,0.0,,2228224,2025-08-11 14:39:01
4741,RobotSimForPA/Global/R1_Status,0,0.0,,2228224,2025-08-11 14:39:02
4742,RobotSimForPA/Global/R1_Status,0,0.0,,2228224,2025-08-11 14:39:03
4743,RobotSimForPA/Global/R1_Status,0,0.0,,2228224,2025-08-11 14:39:04
4744,RobotSimForPA/Global/R1_Status,0,0.0,,2228224,2025-08-11 14:39:05
4745,RobotSimForPA/Global/R1_Status,0,0.0,,2228224,2025-08-11 14:39:06
4746,RobotSimForPA/Global/R1_Status,0,0.0,,2228224,2025-08-11 14:39:07
4747,RobotSimForPA/Global/R1_Status,0,1.0,,2228224,2025-08-11 14:39:08
4748,RobotSimForPA/Global/R1_Status,0,1.0,,2228224,2025-08-11 14:39:09
4749,RobotSimForPA/Global/R1_Status,0,1.0,,2228224,2025-08-11 14:39:10
4750,RobotSimForPA/Global/R1_Status,0,1.0,,2228224,2025-08-11 14:39:11
4751,RobotSimForPA/Global/R1_Status,0,1.0,,2228224,2025-08-11 14:39:12
4752,RobotSimForPA/Global/R1_Status,0,1.0,,2228224,2025-08-11 14:39:13
4753,RobotSimForPA/Global/R1_Status,0,2.0,,2228224,2025-08-11 14:39:14
4754,RobotSimForPA/Global/R1_Status,0,2.0,,2228224,2025-08-11 14:39:15
4755,RobotSimForPA/Global/R1_Status,0,2.0,,2228224,2025-08-11 14:39:16
4756,RobotSimForPA/Global/R1_Status,0,2.0,,2228224,2025-08-11 14:39:17
4757,RobotSimForPA/Global/R1_Status,0,1.0,,2228224,2025-08-11 14:39:18
4758,RobotSimForPA/Global/R1_Status,0,1.0,,2228224,2025-08-11 14:39:19
4759,RobotSimForPA/Global/R1_Status,0,1.0,,2228224,2025-08-11 14:39:20
4760,RobotSimForPA/Global/R1_Status,0,1.0,,2228224,2025-08-11 14:39:21
4761,RobotSimForPA/Global/R1_Status,0,1.0,,2228224,2025-08-11 14:39:22
4762,RobotSimForPA/Global/R1_Status,0,1.0,,2228224,2025-08-11 14:39:23
4763,RobotSimForPA/Global/R1_Status,0,0.0,,2228224,2025-08-11 14:39:24
4764,RobotSimForPA/Global/R1_Status,0,0.0,,2228224,2025-08-11 14:39:25
4765,RobotSimForPA/Global/R1_Status,0,0.0,,2228224,2025-08-11 14:39:26
4766,RobotSimForPA/Global/R1_Status,0,0.0,,2228224,2025-08-11 14:39:27
4767,RobotSimForPA/Global/R1_Status,0,0.0,,2228224,2025-08-11 14:39:28
4768,RobotSimForPA/Global/R1_Status,0,0.0,,2228224,2025-08-11 14:39:29
4769,RobotSimForPA/Global/R1_Status,0,0.0,,2228224,2025-08-11 14:39:30
4770,RobotSimForPA/Global/R1_Status,0,0.0,,2228224,2025-08-11 14:39:31
4771,RobotSimForPA/Global/R1_Status,0,0.0,,2228224,2025-08-11 14:39:32
4772,RobotSimForPA/Global/R1_Status,0,0.0,,2228224,2025-08-11 14:39:33
4773,RobotSimForPA/Global/R1_Status,0,0.0,,2228224,2025-08-11 14:39:34
4774,RobotSimForPA/Global/R1_Status,0,0.0,,2228224,2025-08-11 14:39:35
4775,RobotSimForPA/Global/R1_Status,0,0.0,,2228224,2025-08-11 14:39:36
4776,RobotSimForPA/Global/R1_Status,0,0.0,,2228224,2025-08-11 14:39:37
4777,RobotSimForPA/Global/R1_Status,0,0.0,,2228224,2025-08-11 14:39:38
4778,RobotSimForPA/Global/R1_Status,0,1.0,,2228224,2025-08-11 14:39:39
4779,RobotSimForPA/Global/R1_Status,0,1.0,,2228224,2025-08-11 14:39:40
4780,RobotSimForPA/Global/R1_Status,0,1.0,,2228224,2025-08-11 14:39:41
4781,RobotSimForPA/Global/R1_Status,0,1.0,,2228224,2025-08-11 14:39:42
4782,RobotSimForPA/Global/R1_Status,0,1.0,,2228224,2025-08-11 14:39:43
4783,RobotSimForPA/Global/R1_Status,0,1.0,,2228224,2025-08-11 14:39:44
4784,RobotSimForPA/Global/R1_Status,0,2.0,,2228224,2025-08-11 14:39:45
4785,RobotSimForPA/Global/R1_Status,0,2.0,,2228224,2025-08-11 14:39:46
4786,RobotSimForPA/Global/R1_Status,0,2.0,,2228224,2025-08-11 14:39:47
4787,RobotSimForPA/Global/R1_Status,0,2.0,,2228224,2025-08-11 14:39:48
4788,RobotSimForPA/Global/R1_Status,0,1.0,,2228224,2025-08-11 14:39:49
4789,RobotSimForPA/Global/R1_Status,0,1.0,,2228224,2025-08-11 14:39:50
4790,RobotSimForPA/Global/R1_Status,0,1.0,,2228224,2025-08-11 14:39:51
4791,RobotSimForPA/Global/R1_Status,0,1.0,,2228224,2025-08-11 14:39:52
4792,RobotSimForPA/Global/R1_Status,0,1.0,,2228224,2025-08-11 14:39:53
4793,RobotSimForPA/Global/R1_Status,0,1.0,,2228224,2025-08-11 14:39:54
4794,RobotSimForPA/Global/R1_Status,0,0.0,,2228224,2025-08-11 14:39:55
4795,RobotSimForPA/Global/R1_Status,0,0.0,,2228224,2025-08-11 14:39:56
4796,RobotSimForPA/Global/R1_Status,0,0.0,,2228224,2025-08-11 14:39:57
4797,RobotSimForPA/Global/R1_Status,0,0.0,,2228224,2025-08-11 14:39:58
4798,RobotSimForPA/Global/R1_Status,0,0.0,,2228224,2025-08-11 14:39:59
4799,RobotSimForPA/Global/R1_Status,0,0.0,,2228224,2025-08-11 14:40:00
4800,RobotSimForPA/Global/R1_Status,0,0.0,,2228224,2025-08-11 14:40:01
4801,RobotSimForPA/Global/R1_Status,0,0.0,,2228224,2025-08-11 14:40:02
4802,RobotSimForPA/Global/R1_Status,0,0.0,,2228224,2025-08-11 14:40:03
4803,RobotSimForPA/Global/R1_Status,0,0.0,,2228224,2025-08-11 14:40:04
4804,RobotSimForPA/Global/R1_Status,0,0.0,,2228224,2025-08-11 14:40:05
4805,RobotSimForPA/Global/R1_Status,0,0.0,,2228224,2025-08-11 14:40:06
4806,RobotSimForPA/Global/R1_Status,0,0.0,,2228224,2025-08-11 14:40:07
4807,RobotSimForPA/Global/R1_Status,0,0.0,,2228224,2025-08-11 14:40:08
4808,RobotSimForPA/Global/R1_Status,0,0.0,,2228224,2025-08-11 14:40:09
4809,RobotSimForPA/Global/R1_Status,0,1.0,,2228224,2025-08-11 14:40:10
4810,RobotSimForPA/Global/R1_Status,0,1.0,,2228224,2025-08-11 14:40:11
4811,RobotSimForPA/Global/R1_Status,0,1.0,,2228224,2025-08-11 14:40:12
4812,RobotSimForPA/Global/R1_Status,0,1.0,,2228224,2025-08-11 14:40:13
4813,RobotSimForPA/Global/R1_Status,0,1.0,,2228224,2025-08-11 14:40:14
4814,RobotSimForPA/Global/R1_Status,0,1.0,,2228224,2025-08-11 14:40:15
4815,RobotSimForPA/Global/R1_Status,0,2.0,,2228224,2025-08-11 14:40:16
4816,RobotSimForPA/Global/R1_Status,0,2.0,,2228224,2025-08-11 14:40:17
4817,RobotSimForPA/Global/R1_Status,0,2.0,,2228224,2025-08-11 14:40:18
4818,RobotSimForPA/Global/R1_Status,0,2.0,,2228224,2025-08-11 14:40:19
4819,RobotSimForPA/Global/R1_Status,0,1.0,,2228224,2025-08-11 14:40:20
4820,RobotSimForPA/Global/R1_Status,0,1.0,,2228224,2025-08-11 14:40:21
4821,RobotSimForPA/Global/R1_Status,0,1.0,,2228224,2025-08-11 14:40:22
4822,RobotSimForPA/Global/R1_Status,0,1.0,,2228224,2025-08-11 14:40:23
4823,RobotSimForPA/Global/R1_Status,0,1.0,,2228224,2025-08-11 14:40:24
4824,RobotSimForPA/Global/R1_Status,0,1.0,,2228224,2025-08-11 14:40:25
4825,RobotSimForPA/Global/R1_Status,0,0.0,,2228224,2025-08-11 14:40:26
4826,RobotSimForPA/Global/R1_Status,0,0.0,,2228224,2025-08-11 14:40:27
4827,RobotSimForPA/Global/R1_Status,0,0.0,,2228224,2025-08-11 14:40:28
4828,RobotSimForPA/Global/R1_Status,0,0.0,,2228224,2025-08-11 14:40:29
4829,RobotSimForPA/Global/R1_Status,0,0.0,,2228224,2025-08-11 14:40:30
4830,RobotSimForPA/Global/R1_Status,0,0.0,,2228224,2025-08-11 14:40:31
4831,RobotSimForPA/Global/R1_Status,0,0.0,,2228224,2025-08-11 14:40:32
4832,RobotSimForPA/Global/R1_Status,0,0.0,,2228224,2025-08-11 14:40:33
4833,RobotSimForPA/Global/R1_Status,0,0.0,,2228224,2025-08-11 14:40:34
4834,RobotSimForPA/Global/R1_Status,0,0.0,,2228224,2025-08-11 14:40:35
4835,RobotSimForPA/Global/R1_Status,0,0.0,,2228224,2025-08-11 14:40:36
4836,RobotSimForPA/Global/R1_Status,0,0.0,,2228224,2025-08-11 14:40:37
4837,RobotSimForPA/Global/R1_Status,0,0.0,,2228224,2025-08-11 14:40:38
4838,RobotSimForPA/Global/R1_Status,0,0.0,,2228224,2025-08-11 14:40:39
4839,RobotSimForPA/Global/R1_Status,0,0.0,,2228224,2025-08-11 14:40:40
4840,RobotSimForPA/Global/R1_Status,0,0.0,,2228224,2025-08-11 14:40:41
4841,RobotSimForPA/Global/R1_Status,0,1.0,,2228224,2025-08-11 14:40:42
4842,RobotSimForPA/Global/R1_Status,0,1.0,,2228224,2025-08-11 14:40:43
4843,RobotSimForPA/Global/R1_Status,0,1.0,,2228224,2025-08-11 14:40:44
4844,RobotSimForPA/Global/R1_Status,0,1.0,,2228224,2025-08-11 14:40:45
4845,RobotSimForPA/Global/R1_Status,0,1.0,,2228224,2025-08-11 14:40:46
4846,RobotSimForPA/Global/R1_Status,0,1.0,,2228224,2025-08-11 14:40:47
4847,RobotSimForPA/Global/R1_Status,0,2.0,,2228224,2025-08-11 14:40:48
4848,RobotSimForPA/Global/R1_Status,0,2.0,,2228224,2025-08-11 14:40:49
4849,RobotSimForPA/Global/R1_Status,0,2.0,,2228224,2025-08-11 14:40:50
4850,RobotSimForPA/Global/R1_Status,0,2.0,,2228224,2025-08-11 14:40:51
4851,RobotSimForPA/Global/R1_Status,0,1.0,,2228224,2025-08-11 14:40:52
4852,RobotSimForPA/Global/R1_Status,0,1.0,,2228224,2025-08-11 14:40:53
4853,RobotSimForPA/Global/R1_Status,0,1.0,,2228224,2025-08-11 14:40:54
4854,RobotSimForPA/Global/R1_Status,0,1.0,,2228224,2025-08-11 14:40:55
4855,RobotSimForPA/Global/R1_Status,0,1.0,,2228224,2025-08-11 14:40:56
4856,RobotSimForPA/Global/R1_Status,0,1.0,,2228224,2025-08-11 14:40:57
4857,RobotSimForPA/Global/R1_Status,0,0.0,,2228224,2025-08-11 14:40:58
4858,RobotSimForPA/Global/R1_Status,0,0.0,,2228224,2025-08-11 14:40:59
4859,RobotSimForPA/Global/R1_Status,0,0.0,,2228224,2025-08-11 14:41:00
4860,RobotSimForPA/Global/R1_Status,0,0.0,,2228224,2025-08-11 14:41:01
4861,RobotSimForPA/Global/R1_Status,0,0.0,,2228224,2025-08-11 14:41:02
4862,RobotSimForPA/Global/R1_Status,0,0.0,,2228224,2025-08-11 14:41:03
4863,RobotSimForPA/Global/R1_Status,0,0.0,,2228224,2025-08-11 14:41:04
4864,RobotSimForPA/Global/R1_Status,0,0.0,,2228224,2025-08-11 14:41:05
4865,RobotSimForPA/Global/R1_Status,0,0.0,,2228224,2025-08-11 14:41:06
4866,RobotSimForPA/Global/R1_Status,0,0.0,,2228224,2025-08-11 14:41:07
4867,RobotSimForPA/Global/R1_Status,0,0.0,,2228224,2025-08-11 14:41:08
4868,RobotSimForPA/Global/R1_Status,0,0.0,,2228224,2025-08-11 14:41:09
4869,RobotSimForPA/Global/R1_Status,0,0.0,,2228224,2025-08-11 14:41:10
4870,RobotSimForPA/Global/R1_Status,0,0.0,,2228224,2025-08-11 14:41:11
4871,RobotSimForPA/Global/R1_Status,0,0.0,,2228224,2025-08-11 14:41:12
4872,RobotSimForPA/Global/R1_Status,0,1.0,,2228224,2025-08-11 14:41:13
4873,RobotSimForPA/Global/R1_Status,0,1.0,,2228224,2025-08-11 14:41:14
4874,RobotSimForPA/Global/R1_Status,0,1.0,,2228224,2025-08-11 14:41:15
4875,RobotSimForPA/Global/R1_Status,0,1.0,,2228224,2025-08-11 14:41:16
4876,RobotSimForPA/Global/R1_Status,0,1.0,,2228224,2025-08-11 14:41:17
4877,RobotSimForPA/Global/R1_Status,0,1.0,,2228224,2025-08-11 14:41:18
4878,RobotSimForPA/Global/R1_Status,0,2.0,,2228224,2025-08-11 14:41:19
4879,RobotSimForPA/Global/R1_Status,0,2.0,,2228224,2025-08-11 14:41:20
4880,RobotSimForPA/Global/R1_Status,0,2.0,,2228224,2025-08-11 14:41:21
4881,RobotSimForPA/Global/R1_Status,0,2.0,,2228224,2025-08-11 14:41:22
4882,RobotSimForPA/Global/R1_Status,0,1.0,,2228224,2025-08-11 14:41:23
4883,RobotSimForPA/Global/R1_Status,0,1.0,,2228224,2025-08-11 14:41:24
4884,RobotSimForPA/Global/R1_Status,0,1.0,,2228224,2025-08-11 14:41:25
4885,RobotSimForPA/Global/R1_Status,0,1.0,,2228224,2025-08-11 14:41:26
4886,RobotSimForPA/Global/R1_Status,0,1.0,,2228224,2025-08-11 14:41:27
4887,RobotSimForPA/Global/R1_Status,0,1.0,,2228224,2025-08-11 14:41:28
4888,RobotSimForPA/Global/R1_Status,0,0.0,,2228224,2025-08-11 14:41:29
4889,RobotSimForPA/Global/R1_Status,0,0.0,,2228224,2025-08-11 14:41:30
4890,RobotSimForPA/Global/R1_Status,0,0.0,,2228224,2025-08-11 14:41:31
4891,RobotSimForPA/Global/R1_Status,0,0.0,,2228224,2025-08-11 14:41:32
4892,RobotSimForPA/Global/R1_Status,0,0.0,,2228224,2025-08-11 14:41:33
4893,RobotSimForPA/Global/R1_Status,0,0.0,,2228224,2025-08-11 14:41:34
4894,RobotSimForPA/Global/R1_Status,0,0.0,,2228224,2025-08-11 14:41:35
4895,RobotSimForPA/Global/R1_Status,0,0.0,,2228224,2025-08-11 14:41:36
4896,RobotSimForPA/Global/R1_Status,0,0.0,,2228224,2025-08-11 14:41:37
4897,RobotSimForPA/Global/R1_Status,0,0.0,,2228224,2025-08-11 14:41:38
4898,RobotSimForPA/Global/R1_Status,0,0.0,,2228224,2025-08-11 14:41:39
4899,RobotSimForPA/Global/R1_Status,0,0.0,,2228224,2025-08-11 14:41:40
4900,RobotSimForPA/Global/R1_Status,0,0.0,,2228224,2025-08-11 14:41:41
4901,RobotSimForPA/Global/R1_Status,0,0.0,,2228224,2025-08-11 14:41:42
4902,RobotSimForPA/Global/R1_Status,0,0.0,,2228224,2025-08-11 14:41:43
4903,RobotSimForPA/Global/R1_Status,0,1.0,,2228224,2025-08-11 14:41:44
4904,RobotSimForPA/Global/R1_Status,0,1.0,,2228224,2025-08-11 14:41:45
4905,RobotSimForPA/Global/R1_Status,0,1.0,,2228224,2025-08-11 14:41:46
4906,RobotSimForPA/Global/R1_Status,0,1.0,,2228224,2025-08-11 14:41:47
4907,RobotSimForPA/Global/R1_Status,0,1.0,,2228224,2025-08-11 14:41:48
4908,RobotSimForPA/Global/R1_Status,0,1.0,,2228224,2025-08-11 14:41:49
4909,RobotSimForPA/Global/R1_Status,0,2.0,,2228224,2025-08-11 14:41:50
4910,RobotSimForPA/Global/R1_Status,0,2.0,,2228224,2025-08-11 14:41:51
4911,RobotSimForPA/Global/R1_Status,0,2.0,,2228224,2025-08-11 14:41:52
4912,RobotSimForPA/Global/R1_Status,0,2.0,,2228224,2025-08-11 14:41:53
4913,RobotSimForPA/Global/R1_Status,0,1.0,,2228224,2025-08-11 14:41:54
4914,RobotSimForPA/Global/R1_Status,0,1.0,,2228224,2025-08-11 14:41:55
4915,RobotSimForPA/Global/R1_Status,0,1.0,,2228224,2025-08-11 14:41:56
4916,RobotSimForPA/Global/R1_Status,0,1.0,,2228224,2025-08-11 14:41:57
4917,RobotSimForPA/Global/R1_Status,0,1.0,,2228224,2025-08-11 14:41:58
4918,RobotSimForPA/Global/R1_Status,0,1.0,,2228224,2025-08-11 14:41:59
4919,RobotSimForPA/Global/R1_Status,0,0.0,,2228224,2025-08-11 14:42:00
4920,RobotSimForPA/Global/R1_Status,0,0.0,,2228224,2025-08-11 14:42:01
4921,RobotSimForPA/Global/R1_Status,0,0.0,,2228224,2025-08-11 14:42:02
4922,RobotSimForPA/Global/R1_Status,0,0.0,,2228224,2025-08-11 14:42:03
4923,RobotSimForPA/Global/R1_Status,0,0.0,,2228224,2025-08-11 14:42:04
4924,RobotSimForPA/Global/R1_Status,0,0.0,,2228224,2025-08-11 14:42:05
4925,RobotSimForPA/Global/R1_Status,0,0.0,,2228224,2025-08-11 14:42:06
4926,RobotSimForPA/Global/R1_Status,0,0.0,,2228224,2025-08-11 14:42:07
4927,RobotSimForPA/Global/R1_Status,0,0.0,,2228224,2025-08-11 14:42:08
4928,RobotSimForPA/Global/R1_Status,0,0.0,,2228224,2025-08-11 14:42:09
4929,RobotSimForPA/Global/R1_Status,0,0.0,,2228224,2025-08-11 14:42:10
4930,RobotSimForPA/Global/R1_Status,0,0.0,,2228224,2025-08-11 14:42:11
4931,RobotSimForPA/Global/R1_Status,0,0.0,,2228224,2025-08-11 14:42:12
4932,RobotSimForPA/Global/R1_Status,0,0.0,,2228224,2025-08-11 14:42:13
4933,RobotSimForPA/Global/R1_Status,0,0.0,,2228224,2025-08-11 14:42:14
4934,RobotSimForPA/Global/R1_Status,0,1.0,,2228224,2025-08-11 14:42:15
4935,RobotSimForPA/Global/R1_Status,0,1.0,,2228224,2025-08-11 14:42:16
4936,RobotSimForPA/Global/R1_Status,0,1.0,,2228224,2025-08-11 14:42:17
4937,RobotSimForPA/Global/R1_Status,0,1.0,,2228224,2025-08-11 14:42:18
4938,RobotSimForPA/Global/R1_Status,0,1.0,,2228224,2025-08-11 14:42:19
4939,RobotSimForPA/Global/R1_Status,0,1.0,,2228224,2025-08-11 14:42:20
4940,RobotSimForPA/Global/R1_Status,0,2.0,,2228224,2025-08-11 14:42:21
4941,RobotSimForPA/Global/R1_Status,0,2.0,,2228224,2025-08-11 14:42:22
4942,RobotSimForPA/Global/R1_Status,0,2.0,,2228224,2025-08-11 14:42:23
4943,RobotSimForPA/Global/R1_Status,0,2.0,,2228224,2025-08-11 14:42:24
4944,RobotSimForPA/Global/R1_Status,0,1.0,,2228224,2025-08-11 14:42:25
4945,RobotSimForPA/Global/R1_Status,0,1.0,,2228224,2025-08-11 14:42:26
4946,RobotSimForPA/Global/R1_Status,0,1.0,,2228224,2025-08-11 14:42:27
4947,RobotSimForPA/Global/R1_Status,0,1.0,,2228224,2025-08-11 14:42:28
4948,RobotSimForPA/Global/R1_Status,0,1.0,,2228224,2025-08-11 14:42:29
4949,RobotSimForPA/Global/R1_Status,0,1.0,,2228224,2025-08-11 14:42:30
4950,RobotSimForPA/Global/R1_Status,0,0.0,,2228224,2025-08-11 14:42:31
4951,RobotSimForPA/Global/R1_Status,0,0.0,,2228224,2025-08-11 14:42:32
4952,RobotSimForPA/Global/R1_Status,0,0.0,,2228224,2025-08-11 14:42:33
4953,RobotSimForPA/Global/R1_Status,0,0.0,,2228224,2025-08-11 14:42:34
4954,RobotSimForPA/Global/R1_Status,0,0.0,,2228224,2025-08-11 14:42:35
4955,RobotSimForPA/Global/R1_Status,0,0.0,,2228224,2025-08-11 14:42:36
4956,RobotSimForPA/Global/R1_Status,0,0.0,,2228224,2025-08-11 14:42:37
4957,RobotSimForPA/Global/R1_Status,0,0.0,,2228224,2025-08-11 14:42:38
4958,RobotSimForPA/Global/R1_Status,0,0.0,,2228224,2025-08-11 14:42:39
4959,RobotSimForPA/Global/R1_Status,0,0.0,,2228224,2025-08-11 14:42:40
4960,RobotSimForPA/Global/R1_Status,0,0.0,,2228224,2025-08-11 14:42:41
4961,RobotSimForPA/Global/R1_Status,0,0.0,,2228224,2025-08-11 14:42:42
4962,RobotSimForPA/Global/R1_Status,0,0.0,,2228224,2025-08-11 14:42:43
4963,RobotSimForPA/Global/R1_Status,0,0.0,,2228224,2025-08-11 14:42:44
4964,RobotSimForPA/Global/R1_Status,0,0.0,,2228224,2025-08-11 14:42:45
4965,RobotSimForPA/Global/R1_Status,0,0.0,,2228224,2025-08-11 14:42:46
4966,RobotSimForPA/Global/R1_Status,0,1.0,,2228224,2025-08-11 14:42:47
4967,RobotSimForPA/Global/R1_Status,0,1.0,,2228224,2025-08-11 14:42:48
4968,RobotSimForPA/Global/R1_Status,0,1.0,,2228224,2025-08-11 14:42:49
4969,RobotSimForPA/Global/R1_Status,0,1.0,,2228224,2025-08-11 14:42:50
4970,RobotSimForPA/Global/R1_Status,0,1.0,,2228224,2025-08-11 14:42:51
4971,RobotSimForPA/Global/R1_Status,0,1.0,,2228224,2025-08-11 14:42:52
4972,RobotSimForPA/Global/R1_Status,0,2.0,,2228224,2025-08-11 14:42:53
4973,RobotSimForPA/Global/R1_Status,0,2.0,,2228224,2025-08-11 14:42:54
4974,RobotSimForPA/Global/R1_Status,0,2.0,,2228224,2025-08-11 14:42:55
4975,RobotSimForPA/Global/R1_Status,0,2.0,,2228224,2025-08-11 14:42:56
4976,RobotSimForPA/Global/R1_Status,0,1.0,,2228224,2025-08-11 14:42:57
4977,RobotSimForPA/Global/R1_Status,0,1.0,,2228224,2025-08-11 14:42:58
4978,RobotSimForPA/Global/R1_Status,0,1.0,,2228224,2025-08-11 14:42:59
4979,RobotSimForPA/Global/R1_Status,0,1.0,,2228224,2025-08-11 14:43:00
4980,RobotSimForPA/Global/R1_Status,0,1.0,,2228224,2025-08-11 14:43:01
4981,RobotSimForPA/Global/R1_Status,0,1.0,,2228224,2025-08-11 14:43:02
4982,RobotSimForPA/Global/R1_Status,0,0.0,,2228224,2025-08-11 14:43:03
4983,RobotSimForPA/Global/R1_Status,0,0.0,,2228224,2025-08-11 14:43:04
4984,RobotSimForPA/Global/R1_Status,0,0.0,,2228224,2025-08-11 14:43:05
4985,RobotSimForPA/Global/R1_Status,0,0.0,,2228224,2025-08-11 14:43:06
4986,RobotSimForPA/Global/R1_Status,0,0.0,,2228224,2025-08-11 14:43:07
4987,RobotSimForPA/Global/R1_Status,0,0.0,,2228224,2025-08-11 14:43:08
4988,RobotSimForPA/Global/R1_Status,0,0.0,,2228224,2025-08-11 14:43:09
4989,RobotSimForPA/Global/R1_Status,0,0.0,,2228224,2025-08-11 14:43:10
4990,RobotSimForPA/Global/R1_Status,0,0.0,,2228224,2025-08-11 14:43:11
4991,RobotSimForPA/Global/R1_Status,0,0.0,,2228224,2025-08-11 14:43:12
4992,RobotSimForPA/Global/R1_Status,0,0.0,,2228224,2025-08-11 14:43:13
4993,RobotSimForPA/Global/R1_Status,0,0.0,,2228224,2025-08-11 14:43:14
4994,RobotSimForPA/Global/R1_Status,0,0.0,,2228224,2025-08-11 14:43:15
4995,RobotSimForPA/Global/R1_Status,0,0.0,,2228224,2025-08-11 14:43:16
4996,RobotSimForPA/Global/R1_Status,0,0.0,,2228224,2025-08-11 14:43:17
4997,RobotSimForPA/Global/R1_Status,0,0.0,,2228224,2025-08-11 14:43:18
4998,RobotSimForPA/Global/R1_Status,0,1.0,,2228224,2025-08-11 14:43:19
4999,RobotSimForPA/Global/R1_Status,0,1.0,,2228224,2025-08-11 14:43:20
5000,RobotSimForPA/Global/R1_Status,0,1.0,,2228224,2025-08-11 14:43:21
5001,RobotSimForPA/Global/R1_Status,0,1.0,,2228224,2025-08-11 14:43:22
5002,RobotSimForPA/Global/R1_Status,0,1.0,,2228224,2025-08-11 14:43:23
5003,RobotSimForPA/Global/R1_Status,0,1.0,,2228224,2025-08-11 14:43:24
5004,RobotSimForPA/Global/R1_Status,0,2.0,,2228224,2025-08-11 14:43:25
5005,RobotSimForPA/Global/R1_Status,0,2.0,,2228224,2025-08-11 14:43:26
5006,RobotSimForPA/Global/R1_Status,0,2.0,,2228224,2025-08-11 14:43:27
5007,RobotSimForPA/Global/R1_Status,0,2.0,,2228224,2025-08-11 14:43:28
5008,RobotSimForPA/Global/R1_Status,0,1.0,,2228224,2025-08-11 14:43:29
5009,RobotSimForPA/Global/R1_Status,0,1.0,,2228224,2025-08-11 14:43:30
5010,RobotSimForPA/Global/R1_Status,0,1.0,,2228224,2025-08-11 14:43:31
5011,RobotSimForPA/Global/R1_Status,0,1.0,,2228224,2025-08-11 14:43:32
5012,RobotSimForPA/Global/R1_Status,0,1.0,,2228224,2025-08-11 14:43:33
5013,RobotSimForPA/Global/R1_Status,0,1.0,,2228224,2025-08-11 14:43:34
5014,RobotSimForPA/Global/R1_Status,0,0.0,,2228224,2025-08-11 14:43:35
5015,RobotSimForPA/Global/R1_Status,0,0.0,,2228224,2025-08-11 14:43:36
5016,RobotSimForPA/Global/R1_Status,0,0.0,,2228224,2025-08-11 14:43:37
5017,RobotSimForPA/Global/R1_Status,0,0.0,,2228224,2025-08-11 14:43:38
5018,RobotSimForPA/Global/R1_Status,0,0.0,,2228224,2025-08-11 14:43:39
5019,RobotSimForPA/Global/R1_Status,0,0.0,,2228224,2025-08-11 14:43:40
5020,RobotSimForPA/Global/R1_Status,0,0.0,,2228224,2025-08-11 14:43:41
5021,RobotSimForPA/Global/R1_Status,0,0.0,,2228224,2025-08-11 14:43:42
5022,RobotSimForPA/Global/R1_Status,0,0.0,,2228224,2025-08-11 14:43:43
5023,RobotSimForPA/Global/R1_Status,0,0.0,,2228224,2025-08-11 14:43:44
5024,RobotSimForPA/Global/R1_Status,0,0.0,,2228224,2025-08-11 14:43:45
5025,RobotSimForPA/Global/R1_Status,0,0.0,,2228224,2025-08-11 14:43:46
5026,RobotSimForPA/Global/R1_Status,0,0.0,,2228224,2025-08-11 14:43:47
5027,RobotSimForPA/Global/R1_Status,0,0.0,,2228224,2025-08-11 14:43:48
5028,RobotSimForPA/Global/R1_Status,0,0.0,,2228224,2025-08-11 14:43:49
5029,RobotSimForPA/Global/R1_Status,0,0.0,,2228224,2025-08-11 14:43:50
5030,RobotSimForPA/Global/R1_Status,0,1.0,,2228224,2025-08-11 14:43:51
5031,RobotSimForPA/Global/R1_Status,0,1.0,,2228224,2025-08-11 14:43:52
5032,RobotSimForPA/Global/R1_Status,0,1.0,,2228224,2025-08-11 14:43:53
5033,RobotSimForPA/Global/R1_Status,0,1.0,,2228224,2025-08-11 14:43:54
5034,RobotSimForPA/Global/R1_Status,0,1.0,,2228224,2025-08-11 14:43:55
5035,RobotSimForPA/Global/R1_Status,0,1.0,,2228224,2025-08-11 14:43:56
5036,RobotSimForPA/Global/R1_Status,0,2.0,,2228224,2025-08-11 14:43:57
5037,RobotSimForPA/Global/R1_Status,0,2.0,,2228224,2025-08-11 14:43:58
5038,RobotSimForPA/Global/R1_Status,0,2.0,,2228224,2025-08-11 14:43:59
5039,RobotSimForPA/Global/R1_Status,0,2.0,,2228224,2025-08-11 14:44:00
5040,RobotSimForPA/Global/R1_Status,0,1.0,,2228224,2025-08-11 14:44:01
5041,RobotSimForPA/Global/R1_Status,0,1.0,,2228224,2025-08-11 14:44:02
5042,RobotSimForPA/Global/R1_Status,0,1.0,,2228224,2025-08-11 14:44:03
5043,RobotSimForPA/Global/R1_Status,0,1.0,,2228224,2025-08-11 14:44:04
5044,RobotSimForPA/Global/R1_Status,0,1.0,,2228224,2025-08-11 14:44:05
5045,RobotSimForPA/Global/R1_Status,0,1.0,,2228224,2025-08-11 14:44:06
5046,RobotSimForPA/Global/R1_Status,0,0.0,,2228224,2025-08-11 14:44:07
5047,RobotSimForPA/Global/R1_Status,0,0.0,,2228224,2025-08-11 14:44:08
5048,RobotSimForPA/Global/R1_Status,0,0.0,,2228224,2025-08-11 14:44:09
5049,RobotSimForPA/Global/R1_Status,0,0.0,,2228224,2025-08-11 14:44:10
5050,RobotSimForPA/Global/R1_Status,0,0.0,,2228224,2025-08-11 14:44:11
5051,RobotSimForPA/Global/R1_Status,0,0.0,,2228224,2025-08-11 14:44:12
5052,RobotSimForPA/Global/R1_Status,0,0.0,,2228224,2025-08-11 14:44:13
5053,RobotSimForPA/Global/R1_Status,0,0.0,,2228224,2025-08-11 14:44:14
5054,RobotSimForPA/Global/R1_Status,0,0.0,,2228224,2025-08-11 14:44:15
5055,RobotSimForPA/Global/R1_Status,0,0.0,,2228224,2025-08-11 14:44:16
5056,RobotSimForPA/Global/R1_Status,0,0.0,,2228224,2025-08-11 14:44:17
5057,RobotSimForPA/Global/R1_Status,0,0.0,,2228224,2025-08-11 14:44:18
5058,RobotSimForPA/Global/R1_Status,0,0.0,,2228224,2025-08-11 14:44:19
5059,RobotSimForPA/Global/R1_Status,0,0.0,,2228224,2025-08-11 14:44:20
5060,RobotSimForPA/Global/R1_Status,0,0.0,,2228224,2025-08-11 14:44:21
5061,RobotSimForPA/Global/R1_Status,0,0.0,,2228224,2025-08-11 14:44:22
5062,RobotSimForPA/Global/R1_Status,0,0.0,,2228224,2025-08-11 14:44:23
5063,RobotSimForPA/Global/R1_Status,0,1.0,,2228224,2025-08-11 14:44:24
5064,RobotSimForPA/Global/R1_Status,0,1.0,,2228224,2025-08-11 14:44:25
5065,RobotSimForPA/Global/R1_Status,0,1.0,,2228224,2025-08-11 14:44:26
5066,RobotSimForPA/Global/R1_Status,0,1.0,,2228224,2025-08-11 14:44:27
5067,RobotSimForPA/Global/R1_Status,0,1.0,,2228224,2025-08-11 14:44:28
5068,RobotSimForPA/Global/R1_Status,0,1.0,,2228224,2025-08-11 14:44:29
5069,RobotSimForPA/Global/R1_Status,0,2.0,,2228224,2025-08-11 14:44:30
5070,RobotSimForPA/Global/R1_Status,0,2.0,,2228224,2025-08-11 14:44:31
5071,RobotSimForPA/Global/R1_Status,0,2.0,,2228224,2025-08-11 14:44:32
5072,RobotSimForPA/Global/R1_Status,0,2.0,,2228224,2025-08-11 14:44:33
5073,RobotSimForPA/Global/R1_Status,0,1.0,,2228224,2025-08-11 14:44:34
5074,RobotSimForPA/Global/R1_Status,0,1.0,,2228224,2025-08-11 14:44:35
5075,RobotSimForPA/Global/R1_Status,0,1.0,,2228224,2025-08-11 14:44:36
5076,RobotSimForPA/Global/R1_Status,0,1.0,,2228224,2025-08-11 14:44:37
5077,RobotSimForPA/Global/R1_Status,0,1.0,,2228224,2025-08-11 14:44:38
5078,RobotSimForPA/Global/R1_Status,0,1.0,,2228224,2025-08-11 14:44:39
5079,RobotSimForPA/Global/R1_Status,0,0.0,,2228224,2025-08-11 14:44:40
5080,RobotSimForPA/Global/R1_Status,0,0.0,,2228224,2025-08-11 14:44:41
5081,RobotSimForPA/Global/R1_Status,0,0.0,,2228224,2025-08-11 14:44:42
5082,RobotSimForPA/Global/R1_Status,0,0.0,,2228224,2025-08-11 14:44:43
5083,RobotSimForPA/Global/R1_Status,0,0.0,,2228224,2025-08-11 14:44:44
5084,RobotSimForPA/Global/R1_Status,0,0.0,,2228224,2025-08-11 14:44:45
5085,RobotSimForPA/Global/R1_Status,0,0.0,,2228224,2025-08-11 14:44:46
5086,RobotSimForPA/Global/R1_Status,0,0.0,,2228224,2025-08-11 14:44:47
5087,RobotSimForPA/Global/R1_Status,0,0.0,,2228224,2025-08-11 14:44:48
5088,RobotSimForPA/Global/R1_Status,0,0.0,,2228224,2025-08-11 14:44:49
5089,RobotSimForPA/Global/R1_Status,0,0.0,,2228224,2025-08-11 14:44:50
5090,RobotSimForPA/Global/R1_Status,0,0.0,,2228224,2025-08-11 14:44:51
5091,RobotSimForPA/Global/R1_Status,0,0.0,,2228224,2025-08-11 14:44:52
5092,RobotSimForPA/Global/R1_Status,0,0.0,,2228224,2025-08-11 14:44:53
5093,RobotSimForPA/Global/R1_Status,0,0.0,,2228224,2025-08-11 14:44:54
5094,RobotSimForPA/Global/R1_Status,0,1.0,,2228224,2025-08-11 14:44:55
5095,RobotSimForPA/Global/R1_Status,0,1.0,,2228224,2025-08-11 14:44:56
5096,RobotSimForPA/Global/R1_Status,0,1.0,,2228224,2025-08-11 14:44:57
5097,RobotSimForPA/Global/R1_Status,0,1.0,,2228224,2025-08-11 14:44:58
5098,RobotSimForPA/Global/R1_Status,0,1.0,,2228224,2025-08-11 14:44:59
5099,RobotSimForPA/Global/R1_Status,0,1.0,,2228224,2025-08-11 14:45:00
5100,RobotSimForPA/Global/R1_Status,0,2.0,,2228224,2025-08-11 14:45:01
5101,RobotSimForPA/Global/R1_Status,0,2.0,,2228224,2025-08-11 14:45:02
5102,RobotSimForPA/Global/R1_Status,0,2.0,,2228224,2025-08-11 14:45:03
5103,RobotSimForPA/Global/R1_Status,0,2.0,,2228224,2025-08-11 14:45:04
5104,RobotSimForPA/Global/R1_Status,0,1.0,,2228224,2025-08-11 14:45:05
5105,RobotSimForPA/Global/R1_Status,0,1.0,,2228224,2025-08-11 14:45:06
5106,RobotSimForPA/Global/R1_Status,0,1.0,,2228224,2025-08-11 14:45:07
5107,RobotSimForPA/Global/R1_Status,0,1.0,,2228224,2025-08-11 14:45:08
5108,RobotSimForPA/Global/R1_Status,0,1.0,,2228224,2025-08-11 14:45:09
5109,RobotSimForPA/Global/R1_Status,0,1.0,,2228224,2025-08-11 14:45:10
5110,RobotSimForPA/Global/R1_Status,0,0.0,,2228224,2025-08-11 14:45:11
5111,RobotSimForPA/Global/R1_Status,0,0.0,,2228224,2025-08-11 14:45:12
5112,RobotSimForPA/Global/R1_Status,0,0.0,,2228224,2025-08-11 14:45:13
5113,RobotSimForPA/Global/R1_Status,0,0.0,,2228224,2025-08-11 14:45:14
5114,RobotSimForPA/Global/R1_Status,0,0.0,,2228224,2025-08-11 14:45:15
5115,RobotSimForPA/Global/R1_Status,0,0.0,,2228224,2025-08-11 14:45:16
5116,RobotSimForPA/Global/R1_Status,0,0.0,,2228224,2025-08-11 14:45:17
5117,RobotSimForPA/Global/R1_Status,0,0.0,,2228224,2025-08-11 14:45:18
5118,RobotSimForPA/Global/R1_Status,0,0.0,,2228224,2025-08-11 14:45:19
5119,RobotSimForPA/Global/R1_Status,0,0.0,,2228224,2025-08-11 14:45:20
5120,RobotSimForPA/Global/R1_Status,0,0.0,,2228224,2025-08-11 14:45:21
5121,RobotSimForPA/Global/R1_Status,0,0.0,,2228224,2025-08-11 14:45:22
5122,RobotSimForPA/Global/R1_Status,0,0.0,,2228224,2025-08-11 14:45:23
5123,RobotSimForPA/Global/R1_Status,0,0.0,,2228224,2025-08-11 14:45:24
5124,RobotSimForPA/Global/R1_Status,0,0.0,,2228224,2025-08-11 14:45:25
5125,RobotSimForPA/Global/R1_Status,0,0.0,,2228224,2025-08-11 14:45:26
5126,RobotSimForPA/Global/R1_Status,0,0.0,,2228224,2025-08-11 14:45:27
5127,RobotSimForPA/Global/R1_Status,0,1.0,,2228224,2025-08-11 14:45:28
5128,RobotSimForPA/Global/R1_Status,0,1.0,,2228224,2025-08-11 14:45:29
5129,RobotSimForPA/Global/R1_Status,0,1.0,,2228224,2025-08-11 14:45:30
5130,RobotSimForPA/Global/R1_Status,0,1.0,,2228224,2025-08-11 14:45:31
5131,RobotSimForPA/Global/R1_Status,0,1.0,,2228224,2025-08-11 14:45:32
5132,RobotSimForPA/Global/R1_Status,0,1.0,,2228224,2025-08-11 14:45:33
5133,RobotSimForPA/Global/R1_Status,0,2.0,,2228224,2025-08-11 14:45:34
5134,RobotSimForPA/Global/R1_Status,0,2.0,,2228224,2025-08-11 14:45:35
5135,RobotSimForPA/Global/R1_Status,0,2.0,,2228224,2025-08-11 14:45:36
5136,RobotSimForPA/Global/R1_Status,0,2.0,,2228224,2025-08-11 14:45:37
5137,RobotSimForPA/Global/R1_Status,0,1.0,,2228224,2025-08-11 14:45:38
5138,RobotSimForPA/Global/R1_Status,0,1.0,,2228224,2025-08-11 14:45:39
5139,RobotSimForPA/Global/R1_Status,0,1.0,,2228224,2025-08-11 14:45:40
5140,RobotSimForPA/Global/R1_Status,0,1.0,,2228224,2025-08-11 14:45:41
5141,RobotSimForPA/Global/R1_Status,0,1.0,,2228224,2025-08-11 14:45:42
5142,RobotSimForPA/Global/R1_Status,0,1.0,,2228224,2025-08-11 14:45:43
5143,RobotSimForPA/Global/R1_Status,0,0.0,,2228224,2025-08-11 14:45:44
5144,RobotSimForPA/Global/R1_Status,0,0.0,,2228224,2025-08-11 14:45:45
5145,RobotSimForPA/Global/R1_Status,0,0.0,,2228224,2025-08-11 14:45:46
5146,RobotSimForPA/Global/R1_Status,0,0.0,,2228224,2025-08-11 14:45:47
5147,RobotSimForPA/Global/R1_Status,0,0.0,,2228224,2025-08-11 14:45:48
5148,RobotSimForPA/Global/R1_Status,0,0.0,,2228224,2025-08-11 14:45:49
5149,RobotSimForPA/Global/R1_Status,0,0.0,,2228224,2025-08-11 14:45:50
5150,RobotSimForPA/Global/R1_Status,0,0.0,,2228224,2025-08-11 14:45:51
5151,RobotSimForPA/Global/R1_Status,0,0.0,,2228224,2025-08-11 14:45:52
5152,RobotSimForPA/Global/R1_Status,0,0.0,,2228224,2025-08-11 14:45:53
5153,RobotSimForPA/Global/R1_Status,0,0.0,,2228224,2025-08-11 14:45:54
5154,RobotSimForPA/Global/R1_Status,0,0.0,,2228224,2025-08-11 14:45:55
5155,RobotSimForPA/Global/R1_Status,0,0.0,,2228224,2025-08-11 14:45:56
5156,RobotSimForPA/Global/R1_Status,0,0.0,,2228224,2025-08-11 14:45:57
5157,RobotSimForPA/Global/R1_Status,0,0.0,,2228224,2025-08-11 14:45:58
5158,RobotSimForPA/Global/R1_Status,0,0.0,,2228224,2025-08-11 14:45:59
5159,RobotSimForPA/Global/R1_Status,0,1.0,,2228224,2025-08-11 14:46:00
5160,RobotSimForPA/Global/R1_Status,0,1.0,,2228224,2025-08-11 14:46:01
5161,RobotSimForPA/Global/R1_Status,0,1.0,,2228224,2025-08-11 14:46:02
5162,RobotSimForPA/Global/R1_Status,0,1.0,,2228224,2025-08-11 14:46:03
5163,RobotSimForPA/Global/R1_Status,0,1.0,,2228224,2025-08-11 14:46:04
5164,RobotSimForPA/Global/R1_Status,0,1.0,,2228224,2025-08-11 14:46:05
5165,RobotSimForPA/Global/R1_Status,0,2.0,,2228224,2025-08-11 14:46:06
5166,RobotSimForPA/Global/R1_Status,0,2.0,,2228224,2025-08-11 14:46:07
5167,RobotSimForPA/Global/R1_Status,0,2.0,,2228224,2025-08-11 14:46:08
5168,RobotSimForPA/Global/R1_Status,0,2.0,,2228224,2025-08-11 14:46:09
5169,RobotSimForPA/Global/R1_Status,0,1.0,,2228224,2025-08-11 14:46:10
5170,RobotSimForPA/Global/R1_Status,0,1.0,,2228224,2025-08-11 14:46:11
5171,RobotSimForPA/Global/R1_Status,0,1.0,,2228224,2025-08-11 14:46:12
5172,RobotSimForPA/Global/R1_Status,0,1.0,,2228224,2025-08-11 14:46:13
5173,RobotSimForPA/Global/R1_Status,0,1.0,,2228224,2025-08-11 14:46:14
5174,RobotSimForPA/Global/R1_Status,0,1.0,,2228224,2025-08-11 14:46:15
5175,RobotSimForPA/Global/R1_Status,0,0.0,,2228224,2025-08-11 14:46:16
5176,RobotSimForPA/Global/R1_Status,0,0.0,,2228224,2025-08-11 14:46:17
5177,RobotSimForPA/Global/R1_Status,0,0.0,,2228224,2025-08-11 14:46:18
5178,RobotSimForPA/Global/R1_Status,0,0.0,,2228224,2025-08-11 14:46:19
5179,RobotSimForPA/Global/R1_Status,0,0.0,,2228224,2025-08-11 14:46:20
5180,RobotSimForPA/Global/R1_Status,0,0.0,,2228224,2025-08-11 14:46:21
5181,RobotSimForPA/Global/R1_Status,0,0.0,,2228224,2025-08-11 14:46:22
5182,RobotSimForPA/Global/R1_Status,0,0.0,,2228224,2025-08-11 14:46:23
5183,RobotSimForPA/Global/R1_Status,0,0.0,,2228224,2025-08-11 14:46:24
5184,RobotSimForPA/Global/R1_Status,0,0.0,,2228224,2025-08-11 14:46:25
5185,RobotSimForPA/Global/R1_Status,0,0.0,,2228224,2025-08-11 14:46:26
5186,RobotSimForPA/Global/R1_Status,0,0.0,,2228224,2025-08-11 14:46:27
5187,RobotSimForPA/Global/R1_Status,0,0.0,,2228224,2025-08-11 14:46:28
5188,RobotSimForPA/Global/R1_Status,0,0.0,,2228224,2025-08-11 14:46:29
5189,RobotSimForPA/Global/R1_Status,0,0.0,,2228224,2025-08-11 14:46:30
5190,RobotSimForPA/Global/R1_Status,0,0.0,,2228224,2025-08-11 14:46:31
5191,RobotSimForPA/Global/R1_Status,0,1.0,,2228224,2025-08-11 14:46:32
5192,RobotSimForPA/Global/R1_Status,0,1.0,,2228224,2025-08-11 14:46:33
5193,RobotSimForPA/Global/R1_Status,0,1.0,,2228224,2025-08-11 14:46:34
5194,RobotSimForPA/Global/R1_Status,0,1.0,,2228224,2025-08-11 14:46:35
5195,RobotSimForPA/Global/R1_Status,0,1.0,,2228224,2025-08-11 14:46:36
5196,RobotSimForPA/Global/R1_Status,0,1.0,,2228224,2025-08-11 14:46:37
5197,RobotSimForPA/Global/R1_Status,0,2.0,,2228224,2025-08-11 14:46:38
5198,RobotSimForPA/Global/R1_Status,0,2.0,,2228224,2025-08-11 14:46:39
5199,RobotSimForPA/Global/R1_Status,0,2.0,,2228224,2025-08-11 14:46:40
5200,RobotSimForPA/Global/R1_Status,0,2.0,,2228224,2025-08-11 14:46:41
5201,RobotSimForPA/Global/R1_Status,0,1.0,,2228224,2025-08-11 14:46:42
5202,RobotSimForPA/Global/R1_Status,0,1.0,,2228224,2025-08-11 14:46:43
5203,RobotSimForPA/Global/R1_Status,0,1.0,,2228224,2025-08-11 14:46:44
5204,RobotSimForPA/Global/R1_Status,0,1.0,,2228224,2025-08-11 14:46:45
5205,RobotSimForPA/Global/R1_Status,0,1.0,,2228224,2025-08-11 14:46:46
5206,RobotSimForPA/Global/R1_Status,0,1.0,,2228224,2025-08-11 14:46:47
5207,RobotSimForPA/Global/R1_Status,0,0.0,,2228224,2025-08-11 14:46:48
5208,RobotSimForPA/Global/R1_Status,0,0.0,,2228224,2025-08-11 14:46:49
5209,RobotSimForPA/Global/R1_Status,0,0.0,,2228224,2025-08-11 14:46:50
5210,RobotSimForPA/Global/R1_Status,0,0.0,,2228224,2025-08-11 14:46:51
5211,RobotSimForPA/Global/R1_Status,0,0.0,,2228224,2025-08-11 14:46:52
5212,RobotSimForPA/Global/R1_Status,0,0.0,,2228224,2025-08-11 14:46:53
5213,RobotSimForPA/Global/R1_Status,0,0.0,,2228224,2025-08-11 14:46:54
5214,RobotSimForPA/Global/R1_Status,0,0.0,,2228224,2025-08-11 14:46:55
5215,RobotSimForPA/Global/R1_Status,0,0.0,,2228224,2025-08-11 14:46:56
5216,RobotSimForPA/Global/R1_Status,0,0.0,,2228224,2025-08-11 14:46:57
5217,RobotSimForPA/Global/R1_Status,0,0.0,,2228224,2025-08-11 14:46:58
5218,RobotSimForPA/Global/R1_Status,0,0.0,,2228224,2025-08-11 14:46:59
5219,RobotSimForPA/Global/R1_Status,0,0.0,,2228224,2025-08-11 14:47:00
5220,RobotSimForPA/Global/R1_Status,0,0.0,,2228224,2025-08-11 14:47:01
5221,RobotSimForPA/Global/R1_Status,0,1.0,,2228224,2025-08-11 14:47:02
5222,RobotSimForPA/Global/R1_Status,0,1.0,,2228224,2025-08-11 14:47:03
5223,RobotSimForPA/Global/R1_Status,0,1.0,,2228224,2025-08-11 14:47:04
5224,RobotSimForPA/Global/R1_Status,0,1.0,,2228224,2025-08-11 14:47:05
5225,RobotSimForPA/Global/R1_Status,0,1.0,,2228224,2025-08-11 14:47:06
5226,RobotSimForPA/Global/R1_Status,0,1.0,,2228224,2025-08-11 14:47:07
5227,RobotSimForPA/Global/R1_Status,0,2.0,,2228224,2025-08-11 14:47:08
5228,RobotSimForPA/Global/R1_Status,0,2.0,,2228224,2025-08-11 14:47:09
5229,RobotSimForPA/Global/R1_Status,0,2.0,,2228224,2025-08-11 14:47:10
5230,RobotSimForPA/Global/R1_Status,0,2.0,,2228224,2025-08-11 14:47:11
5231,RobotSimForPA/Global/R1_Status,0,1.0,,2228224,2025-08-11 14:47:12
5232,RobotSimForPA/Global/R1_Status,0,1.0,,2228224,2025-08-11 14:47:13
5233,RobotSimForPA/Global/R1_Status,0,1.0,,2228224,2025-08-11 14:47:14
5234,RobotSimForPA/Global/R1_Status,0,1.0,,2228224,2025-08-11 14:47:15
5235,RobotSimForPA/Global/R1_Status,0,1.0,,2228224,2025-08-11 14:47:16
5236,RobotSimForPA/Global/R1_Status,0,1.0,,2228224,2025-08-11 14:47:17
5237,RobotSimForPA/Global/R1_Status,0,0.0,,2228224,2025-08-11 14:47:18
5238,RobotSimForPA/Global/R1_Status,0,0.0,,2228224,2025-08-11 14:47:19
5239,RobotSimForPA/Global/R1_Status,0,0.0,,2228224,2025-08-11 14:47:20
5240,RobotSimForPA/Global/R1_Status,0,0.0,,2228224,2025-08-11 14:47:21
5241,RobotSimForPA/Global/R1_Status,0,0.0,,2228224,2025-08-11 14:47:22
5242,RobotSimForPA/Global/R1_Status,0,0.0,,2228224,2025-08-11 14:47:23
5243,RobotSimForPA/Global/R1_Status,0,0.0,,2228224,2025-08-11 14:47:24
5244,RobotSimForPA/Global/R1_Status,0,0.0,,2228224,2025-08-11 14:47:25
5245,RobotSimForPA/Global/R1_Status,0,0.0,,2228224,2025-08-11 14:47:26
5246,RobotSimForPA/Global/R1_Status,0,0.0,,2228224,2025-08-11 14:47:27
5247,RobotSimForPA/Global/R1_Status,0,0.0,,2228224,2025-08-11 14:47:28
5248,RobotSimForPA/Global/R1_Status,0,0.0,,2228224,2025-08-11 14:47:29
5249,RobotSimForPA/Global/R1_Status,0,0.0,,2228224,2025-08-11 14:47:30
5250,RobotSimForPA/Global/R1_Status,0,0.0,,2228224,2025-08-11 14:47:31
5251,RobotSimForPA/Global/R1_Status,0,1.0,,2228224,2025-08-11 14:47:32
5252,RobotSimForPA/Global/R1_Status,0,1.0,,2228224,2025-08-11 14:47:33
5253,RobotSimForPA/Global/R1_Status,0,1.0,,2228224,2025-08-11 14:47:34
5254,RobotSimForPA/Global/R1_Status,0,1.0,,2228224,2025-08-11 14:47:35
5255,RobotSimForPA/Global/R1_Status,0,1.0,,2228224,2025-08-11 14:47:36
5256,RobotSimForPA/Global/R1_Status,0,1.0,,2228224,2025-08-11 14:47:37
5257,RobotSimForPA/Global/R1_Status,0,2.0,,2228224,2025-08-11 14:47:38
5258,RobotSimForPA/Global/R1_Status,0,2.0,,2228224,2025-08-11 14:47:39
5259,RobotSimForPA/Global/R1_Status,0,2.0,,2228224,2025-08-11 14:47:40
5260,RobotSimForPA/Global/R1_Status,0,2.0,,2228224,2025-08-11 14:47:41
5261,RobotSimForPA/Global/R1_Status,0,1.0,,2228224,2025-08-11 14:47:42
5262,RobotSimForPA/Global/R1_Status,0,1.0,,2228224,2025-08-11 14:47:43
5263,RobotSimForPA/Global/R1_Status,0,1.0,,2228224,2025-08-11 14:47:44
5264,RobotSimForPA/Global/R1_Status,0,1.0,,2228224,2025-08-11 14:47:45
5265,RobotSimForPA/Global/R1_Status,0,1.0,,2228224,2025-08-11 14:47:46
5266,RobotSimForPA/Global/R1_Status,0,1.0,,2228224,2025-08-11 14:47:47
5267,RobotSimForPA/Global/R1_Status,0,0.0,,2228224,2025-08-11 14:47:48
5268,RobotSimForPA/Global/R1_Status,0,0.0,,2228224,2025-08-11 14:47:49
5269,RobotSimForPA/Global/R1_Status,0,0.0,,2228224,2025-08-11 14:47:50
5270,RobotSimForPA/Global/R1_Status,0,0.0,,2228224,2025-08-11 14:47:51
5271,RobotSimForPA/Global/R1_Status,0,0.0,,2228224,2025-08-11 14:47:52
5272,RobotSimForPA/Global/R1_Status,0,0.0,,2228224,2025-08-11 14:47:53
5273,RobotSimForPA/Global/R1_Status,0,0.0,,2228224,2025-08-11 14:47:54
5274,RobotSimForPA/Global/R1_Status,0,0.0,,2228224,2025-08-11 14:47:55
5275,RobotSimForPA/Global/R1_Status,0,0.0,,2228224,2025-08-11 14:47:56
5276,RobotSimForPA/Global/R1_Status,0,0.0,,2228224,2025-08-11 14:47:57
5277,RobotSimForPA/Global/R1_Status,0,0.0,,2228224,2025-08-11 14:47:58
5278,RobotSimForPA/Global/R1_Status,0,0.0,,2228224,2025-08-11 14:47:59
5279,RobotSimForPA/Global/R1_Status,0,0.0,,2228224,2025-08-11 14:48:00
5280,RobotSimForPA/Global/R1_Status,0,0.0,,2228224,2025-08-11 14:48:01
5281,RobotSimForPA/Global/R1_Status,0,0.0,,2228224,2025-08-11 14:48:02
5282,RobotSimForPA/Global/R1_Status,0,0.0,,2228224,2025-08-11 14:48:03
5283,RobotSimForPA/Global/R1_Status,0,0.0,,2228224,2025-08-11 14:48:04
5284,RobotSimForPA/Global/R1_Status,0,1.0,,2228224,2025-08-11 14:48:05
5285,RobotSimForPA/Global/R1_Status,0,1.0,,2228224,2025-08-11 14:48:06
5286,RobotSimForPA/Global/R1_Status,0,1.0,,2228224,2025-08-11 14:48:07
5287,RobotSimForPA/Global/R1_Status,0,1.0,,2228224,2025-08-11 14:48:08
5288,RobotSimForPA/Global/R1_Status,0,1.0,,2228224,2025-08-11 14:48:09
5289,RobotSimForPA/Global/R1_Status,0,1.0,,2228224,2025-08-11 14:48:10
5290,RobotSimForPA/Global/R1_Status,0,2.0,,2228224,2025-08-11 14:48:11
5291,RobotSimForPA/Global/R1_Status,0,2.0,,2228224,2025-08-11 14:48:12
5292,RobotSimForPA/Global/R1_Status,0,2.0,,2228224,2025-08-11 14:48:13
5293,RobotSimForPA/Global/R1_Status,0,2.0,,2228224,2025-08-11 14:48:14
5294,RobotSimForPA/Global/R1_Status,0,1.0,,2228224,2025-08-11 14:48:15
5295,RobotSimForPA/Global/R1_Status,0,1.0,,2228224,2025-08-11 14:48:16
5296,RobotSimForPA/Global/R1_Status,0,1.0,,2228224,2025-08-11 14:48:17
5297,RobotSimForPA/Global/R1_Status,0,1.0,,2228224,2025-08-11 14:48:18
5298,RobotSimForPA/Global/R1_Status,0,1.0,,2228224,2025-08-11 14:48:19
5299,RobotSimForPA/Global/R1_Status,0,1.0,,2228224,2025-08-11 14:48:20
5300,RobotSimForPA/Global/R1_Status,0,0.0,,2228224,2025-08-11 14:48:21
5301,RobotSimForPA/Global/R1_Status,0,0.0,,2228224,2025-08-11 14:48:22
5302,RobotSimForPA/Global/R1_Status,0,0.0,,2228224,2025-08-11 14:48:23
5303,RobotSimForPA/Global/R1_Status,0,0.0,,2228224,2025-08-11 14:48:24
5304,RobotSimForPA/Global/R1_Status,0,0.0,,2228224,2025-08-11 14:48:25
5305,RobotSimForPA/Global/R1_Status,0,0.0,,2228224,2025-08-11 14:48:26
5306,RobotSimForPA/Global/R1_Status,0,0.0,,2228224,2025-08-11 14:48:27
5307,RobotSimForPA/Global/R1_Status,0,0.0,,2228224,2025-08-11 14:48:28
5308,RobotSimForPA/Global/R1_Status,0,0.0,,2228224,2025-08-11 14:48:29
5309,RobotSimForPA/Global/R1_Status,0,0.0,,2228224,2025-08-11 14:48:30
5310,RobotSimForPA/Global/R1_Status,0,0.0,,2228224,2025-08-11 14:48:31
5311,RobotSimForPA/Global/R1_Status,0,0.0,,2228224,2025-08-11 14:48:32
5312,RobotSimForPA/Global/R1_Status,0,0.0,,2228224,2025-08-11 14:48:33
5313,RobotSimForPA/Global/R1_Status,0,0.0,,2228224,2025-08-11 14:48:34
5314,RobotSimForPA/Global/R1_Status,0,0.0,,2228224,2025-08-11 14:48:35
5315,RobotSimForPA/Global/R1_Status,0,1.0,,2228224,2025-08-11 14:48:36
5316,RobotSimForPA/Global/R1_Status,0,1.0,,2228224,2025-08-11 14:48:37
5317,RobotSimForPA/Global/R1_Status,0,1.0,,2228224,2025-08-11 14:48:38
5318,RobotSimForPA/Global/R1_Status,0,1.0,,2228224,2025-08-11 14:48:39
5319,RobotSimForPA/Global/R1_Status,0,1.0,,2228224,2025-08-11 14:48:40
5320,RobotSimForPA/Global/R1_Status,0,1.0,,2228224,2025-08-11 14:48:41
5321,RobotSimForPA/Global/R1_Status,0,2.0,,2228224,2025-08-11 14:48:42
5322,RobotSimForPA/Global/R1_Status,0,2.0,,2228224,2025-08-11 14:48:43
5323,RobotSimForPA/Global/R1_Status,0,2.0,,2228224,2025-08-11 14:48:44
5324,RobotSimForPA/Global/R1_Status,0,2.0,,2228224,2025-08-11 14:48:45
5325,RobotSimForPA/Global/R1_Status,0,1.0,,2228224,2025-08-11 14:48:46
5326,RobotSimForPA/Global/R1_Status,0,1.0,,2228224,2025-08-11 14:48:47
5327,RobotSimForPA/Global/R1_Status,0,1.0,,2228224,2025-08-11 14:48:48
5328,RobotSimForPA/Global/R1_Status,0,1.0,,2228224,2025-08-11 14:48:49
5329,RobotSimForPA/Global/R1_Status,0,1.0,,2228224,2025-08-11 14:48:50
5330,RobotSimForPA/Global/R1_Status,0,1.0,,2228224,2025-08-11 14:48:51
5331,RobotSimForPA/Global/R1_Status,0,0.0,,2228224,2025-08-11 14:48:52
5332,RobotSimForPA/Global/R1_Status,0,0.0,,2228224,2025-08-11 14:48:53
5333,RobotSimForPA/Global/R1_Status,0,0.0,,2228224,2025-08-11 14:48:54
5334,RobotSimForPA/Global/R1_Status,0,0.0,,2228224,2025-08-11 14:48:55
5335,RobotSimForPA/Global/R1_Status,0,0.0,,2228224,2025-08-11 14:48:56
5336,RobotSimForPA/Global/R1_Status,0,0.0,,2228224,2025-08-11 14:48:57
5337,RobotSimForPA/Global/R1_Status,0,0.0,,2228224,2025-08-11 14:48:58
5338,RobotSimForPA/Global/R1_Status,0,0.0,,2228224,2025-08-11 14:48:59
5339,RobotSimForPA/Global/R1_Status,0,0.0,,2228224,2025-08-11 14:49:00
5340,RobotSimForPA/Global/R1_Status,0,0.0,,2228224,2025-08-11 14:49:01
5341,RobotSimForPA/Global/R1_Status,0,0.0,,2228224,2025-08-11 14:49:02
5342,RobotSimForPA/Global/R1_Status,0,0.0,,2228224,2025-08-11 14:49:03
5343,RobotSimForPA/Global/R1_Status,0,0.0,,2228224,2025-08-11 14:49:04
5344,RobotSimForPA/Global/R1_Status,0,0.0,,2228224,2025-08-11 14:49:05
5345,RobotSimForPA/Global/R1_Status,0,0.0,,2228224,2025-08-11 14:49:06
5346,RobotSimForPA/Global/R1_Status,0,0.0,,2228224,2025-08-11 14:49:07
5347,RobotSimForPA/Global/R1_Status,0,1.0,,2228224,2025-08-11 14:49:08
5348,RobotSimForPA/Global/R1_Status,0,1.0,,2228224,2025-08-11 14:49:09
5349,RobotSimForPA/Global/R1_Status,0,1.0,,2228224,2025-08-11 14:49:10
5350,RobotSimForPA/Global/R1_Status,0,1.0,,2228224,2025-08-11 14:49:11
5351,RobotSimForPA/Global/R1_Status,0,1.0,,2228224,2025-08-11 14:49:12
5352,RobotSimForPA/Global/R1_Status,0,1.0,,2228224,2025-08-11 14:49:13
5353,RobotSimForPA/Global/R1_Status,0,2.0,,2228224,2025-08-11 14:49:14
5354,RobotSimForPA/Global/R1_Status,0,2.0,,2228224,2025-08-11 14:49:15
5355,RobotSimForPA/Global/R1_Status,0,2.0,,2228224,2025-08-11 14:49:16
5356,RobotSimForPA/Global/R1_Status,0,2.0,,2228224,2025-08-11 14:49:17
5357,RobotSimForPA/Global/R1_Status,0,1.0,,2228224,2025-08-11 14:49:18
5358,RobotSimForPA/Global/R1_Status,0,1.0,,2228224,2025-08-11 14:49:19
5359,RobotSimForPA/Global/R1_Status,0,1.0,,2228224,2025-08-11 14:49:20
5360,RobotSimForPA/Global/R1_Status,0,1.0,,2228224,2025-08-11 14:49:21
5361,RobotSimForPA/Global/R1_Status,0,1.0,,2228224,2025-08-11 14:49:22
5362,RobotSimForPA/Global/R1_Status,0,1.0,,2228224,2025-08-11 14:49:23
5363,RobotSimForPA/Global/R1_Status,0,0.0,,2228224,2025-08-11 14:49:24
5364,RobotSimForPA/Global/R1_Status,0,0.0,,2228224,2025-08-11 14:49:25
5365,RobotSimForPA/Global/R1_Status,0,0.0,,2228224,2025-08-11 14:49:26
5366,RobotSimForPA/Global/R1_Status,0,0.0,,2228224,2025-08-11 14:49:27
5367,RobotSimForPA/Global/R1_Status,0,0.0,,2228224,2025-08-11 14:49:28
5368,RobotSimForPA/Global/R1_Status,0,0.0,,2228224,2025-08-11 14:49:29
5369,RobotSimForPA/Global/R1_Status,0,0.0,,2228224,2025-08-11 14:49:30
5370,RobotSimForPA/Global/R1_Status,0,0.0,,2228224,2025-08-11 14:49:31
5371,RobotSimForPA/Global/R1_Status,0,0.0,,2228224,2025-08-11 14:49:32
5372,RobotSimForPA/Global/R1_Status,0,0.0,,2228224,2025-08-11 14:49:33
5373,RobotSimForPA/Global/R1_Status,0,0.0,,2228224,2025-08-11 14:49:34
5374,RobotSimForPA/Global/R1_Status,0,0.0,,2228224,2025-08-11 14:49:35
5375,RobotSimForPA/Global/R1_Status,0,0.0,,2228224,2025-08-11 14:49:36
5376,RobotSimForPA/Global/R1_Status,0,0.0,,2228224,2025-08-11 14:49:37
5377,RobotSimForPA/Global/R1_Status,0,0.0,,2228224,2025-08-11 14:49:38
5378,RobotSimForPA/Global/R1_Status,0,1.0,,2228224,2025-08-11 14:49:39
5379,RobotSimForPA/Global/R1_Status,0,1.0,,2228224,2025-08-11 14:49:40
5380,RobotSimForPA/Global/R1_Status,0,1.0,,2228224,2025-08-11 14:49:41
5381,RobotSimForPA/Global/R1_Status,0,1.0,,2228224,2025-08-11 14:49:42
5382,RobotSimForPA/Global/R1_Status,0,1.0,,2228224,2025-08-11 14:49:43
5383,RobotSimForPA/Global/R1_Status,0,1.0,,2228224,2025-08-11 14:49:44
5384,RobotSimForPA/Global/R1_Status,0,2.0,,2228224,2025-08-11 14:49:45
5385,RobotSimForPA/Global/R1_Status,0,2.0,,2228224,2025-08-11 14:49:46
5386,RobotSimForPA/Global/R1_Status,0,2.0,,2228224,2025-08-11 14:49:47
5387,RobotSimForPA/Global/R1_Status,0,2.0,,2228224,2025-08-11 14:49:48
5388,RobotSimForPA/Global/R1_Status,0,1.0,,2228224,2025-08-11 14:49:49
5389,RobotSimForPA/Global/R1_Status,0,1.0,,2228224,2025-08-11 14:49:50
5390,RobotSimForPA/Global/R1_Status,0,1.0,,2228224,2025-08-11 14:49:51
5391,RobotSimForPA/Global/R1_Status,0,1.0,,2228224,2025-08-11 14:49:52
5392,RobotSimForPA/Global/R1_Status,0,1.0,,2228224,2025-08-11 14:49:53
5393,RobotSimForPA/Global/R1_Status,0,1.0,,2228224,2025-08-11 14:49:54
5394,RobotSimForPA/Global/R1_Status,0,0.0,,2228224,2025-08-11 14:49:55
5395,RobotSimForPA/Global/R1_Status,0,0.0,,2228224,2025-08-11 14:49:56
5396,RobotSimForPA/Global/R1_Status,0,0.0,,2228224,2025-08-11 14:49:57
5397,RobotSimForPA/Global/R1_Status,0,0.0,,2228224,2025-08-11 14:49:58
5398,RobotSimForPA/Global/R1_Status,0,0.0,,2228224,2025-08-11 14:49:59
5399,RobotSimForPA/Global/R1_Status,0,0.0,,2228224,2025-08-11 14:50:00
5400,RobotSimForPA/Global/R1_WeldingVoltage,0,78.8651,,2228224,2025-08-11 14:20:01
5401,RobotSimForPA/Global/R1_WeldingVoltage,0,64.26100000000001,,2228224,2025-08-11 14:20:02
5402,RobotSimForPA/Global/R1_WeldingVoltage,0,65.13900000000001,,2228224,2025-08-11 14:20:03
5403,RobotSimForPA/Global/R1_WeldingVoltage,0,76.8514,,2228224,2025-08-11 14:20:04
5404,RobotSimForPA/Global/R1_WeldingVoltage,0,41.5993,,2228224,2025-08-11 14:20:05
5405,RobotSimForPA/Global/R1_WeldingVoltage,0,76.0202,,2228224,2025-08-11 14:20:06
5406,RobotSimForPA/Global/R1_WeldingVoltage,0,45.960300000000004,,2228224,2025-08-11 14:20:07
5407,RobotSimForPA/Global/R1_WeldingVoltage,0,56.141200000000005,,2228224,2025-08-11 14:20:08
5408,RobotSimForPA/Global/R1_WeldingVoltage,0,54.5769,,2228224,2025-08-11 14:20:09
5409,RobotSimForPA/Global/R1_WeldingVoltage,0,37.5317,,2228224,2025-08-11 14:20:10
5410,RobotSimForPA/Global/R1_WeldingVoltage,0,67.79740000000001,,2228224,2025-08-11 14:20:11
5411,RobotSimForPA/Global/R1_WeldingVoltage,0,55.4632,,2228224,2025-08-11 14:20:12
5412,RobotSimForPA/Global/R1_WeldingVoltage,0,40.8874,,2228224,2025-08-11 14:20:13
5413,RobotSimForPA/Global/R1_WeldingVoltage,0,0.0,,2228224,2025-08-11 14:20:14
5414,RobotSimForPA/Global/R1_WeldingVoltage,0,0.0,,2228224,2025-08-11 14:20:15
5415,RobotSimForPA/Global/R1_WeldingVoltage,0,0.0,,2228224,2025-08-11 14:20:16
5416,RobotSimForPA/Global/R1_WeldingVoltage,0,0.0,,2228224,2025-08-11 14:20:17
5417,RobotSimForPA/Global/R1_WeldingVoltage,0,0.0,,2228224,2025-08-11 14:20:18
5418,RobotSimForPA/Global/R1_WeldingVoltage,0,0.0,,2228224,2025-08-11 14:20:19
5419,RobotSimForPA/Global/R1_WeldingVoltage,0,0.0,,2228224,2025-08-11 14:20:20
5420,RobotSimForPA/Global/R1_WeldingVoltage,0,0.0,,2228224,2025-08-11 14:20:21
5421,RobotSimForPA/Global/R1_WeldingVoltage,0,0.0,,2228224,2025-08-11 14:20:22
5422,RobotSimForPA/Global/R1_WeldingVoltage,0,0.0,,2228224,2025-08-11 14:20:23
5423,RobotSimForPA/Global/R1_WeldingVoltage,0,0.0,,2228224,2025-08-11 14:20:24
5424,RobotSimForPA/Global/R1_WeldingVoltage,0,0.0,,2228224,2025-08-11 14:20:25
5425,RobotSimForPA/Global/R1_WeldingVoltage,0,0.0,,2228224,2025-08-11 14:20:26
5426,RobotSimForPA/Global/R1_WeldingVoltage,0,0.0,,2228224,2025-08-11 14:20:27
5427,RobotSimForPA/Global/R1_WeldingVoltage,0,0.0,,2228224,2025-08-11 14:20:28
5428,RobotSimForPA/Global/R1_WeldingVoltage,0,0.0,,2228224,2025-08-11 14:20:29
5429,RobotSimForPA/Global/R1_WeldingVoltage,0,66.1431,,2228224,2025-08-11 14:20:30
5430,RobotSimForPA/Global/R1_WeldingVoltage,0,51.4226,,2228224,2025-08-11 14:20:31
5431,RobotSimForPA/Global/R1_WeldingVoltage,0,52.263600000000004,,2228224,2025-08-11 14:20:32
5432,RobotSimForPA/Global/R1_WeldingVoltage,0,51.1054,,2228224,2025-08-11 14:20:33
5433,RobotSimForPA/Global/R1_WeldingVoltage,0,49.3121,,2228224,2025-08-11 14:20:34
5434,RobotSimForPA/Global/R1_WeldingVoltage,0,43.6238,,2228224,2025-08-11 14:20:35
5435,RobotSimForPA/Global/R1_WeldingVoltage,0,57.876900000000006,,2228224,2025-08-11 14:20:36
5436,RobotSimForPA/Global/R1_WeldingVoltage,0,45.0983,,2228224,2025-08-11 14:20:37
5437,RobotSimForPA/Global/R1_WeldingVoltage,0,44.8372,,2228224,2025-08-11 14:20:38
5438,RobotSimForPA/Global/R1_WeldingVoltage,0,74.1666,,2228224,2025-08-11 14:20:39
5439,RobotSimForPA/Global/R1_WeldingVoltage,0,51.692800000000005,,2228224,2025-08-11 14:20:40
5440,RobotSimForPA/Global/R1_WeldingVoltage,0,62.6403,,2228224,2025-08-11 14:20:41
5441,RobotSimForPA/Global/R1_WeldingVoltage,0,54.589200000000005,,2228224,2025-08-11 14:20:42
5442,RobotSimForPA/Global/R1_WeldingVoltage,0,46.583000000000006,,2228224,2025-08-11 14:20:43
5443,RobotSimForPA/Global/R1_WeldingVoltage,0,44.319,,2228224,2025-08-11 14:20:44
5444,RobotSimForPA/Global/R1_WeldingVoltage,0,49.2246,,2228224,2025-08-11 14:20:45
5445,RobotSimForPA/Global/R1_WeldingVoltage,0,50.3981,,2228224,2025-08-11 14:20:46
5446,RobotSimForPA/Global/R1_WeldingVoltage,0,0.0,,2228224,2025-08-11 14:20:47
5447,RobotSimForPA/Global/R1_WeldingVoltage,0,0.0,,2228224,2025-08-11 14:20:48
5448,RobotSimForPA/Global/R1_WeldingVoltage,0,0.0,,2228224,2025-08-11 14:20:49
5449,RobotSimForPA/Global/R1_WeldingVoltage,0,0.0,,2228224,2025-08-11 14:20:50
5450,RobotSimForPA/Global/R1_WeldingVoltage,0,0.0,,2228224,2025-08-11 14:20:51
5451,RobotSimForPA/Global/R1_WeldingVoltage,0,0.0,,2228224,2025-08-11 14:20:52
5452,RobotSimForPA/Global/R1_WeldingVoltage,0,0.0,,2228224,2025-08-11 14:20:53
5453,RobotSimForPA/Global/R1_WeldingVoltage,0,0.0,,2228224,2025-08-11 14:20:54
5454,RobotSimForPA/Global/R1_WeldingVoltage,0,0.0,,2228224,2025-08-11 14:20:55
5455,RobotSimForPA/Global/R1_WeldingVoltage,0,0.0,,2228224,2025-08-11 14:20:56
5456,RobotSimForPA/Global/R1_WeldingVoltage,0,0.0,,2228224,2025-08-11 14:20:57
5457,RobotSimForPA/Global/R1_WeldingVoltage,0,0.0,,2228224,2025-08-11 14:20:58
5458,RobotSimForPA/Global/R1_WeldingVoltage,0,0.0,,2228224,2025-08-11 14:20:59
5459,RobotSimForPA/Global/R1_WeldingVoltage,0,0.0,,2228224,2025-08-11 14:21:00
5460,RobotSimForPA/Global/R1_WeldingVoltage,0,0.0,,2228224,2025-08-11 14:21:01
5461,RobotSimForPA/Global/R1_WeldingVoltage,0,0.0,,2228224,2025-08-11 14:21:02
5462,RobotSimForPA/Global/R1_WeldingVoltage,0,75.68130000000001,,2228224,2025-08-11 14:21:03
5463,RobotSimForPA/Global/R1_WeldingVoltage,0,53.112100000000005,,2228224,2025-08-11 14:21:04
5464,RobotSimForPA/Global/R1_WeldingVoltage,0,62.735200000000006,,2228224,2025-08-11 14:21:05
5465,RobotSimForPA/Global/R1_WeldingVoltage,0,72.787,,2228224,2025-08-11 14:21:06
5466,RobotSimForPA/Global/R1_WeldingVoltage,0,71.9721,,2228224,2025-08-11 14:21:07
5467,RobotSimForPA/Global/R1_WeldingVoltage,0,64.1076,,2228224,2025-08-11 14:21:08
5468,RobotSimForPA/Global/R1_WeldingVoltage,0,67.1947,,2228224,2025-08-11 14:21:09
5469,RobotSimForPA/Global/R1_WeldingVoltage,0,66.2663,,2228224,2025-08-11 14:21:10
5470,RobotSimForPA/Global/R1_WeldingVoltage,0,61.926,,2228224,2025-08-11 14:21:11
5471,RobotSimForPA/Global/R1_WeldingVoltage,0,73.10220000000001,,2228224,2025-08-11 14:21:12
5472,RobotSimForPA/Global/R1_WeldingVoltage,0,70.8434,,2228224,2025-08-11 14:21:13
5473,RobotSimForPA/Global/R1_WeldingVoltage,0,40.983200000000004,,2228224,2025-08-11 14:21:14
5474,RobotSimForPA/Global/R1_WeldingVoltage,0,62.90880000000001,,2228224,2025-08-11 14:21:15
5475,RobotSimForPA/Global/R1_WeldingVoltage,0,57.542,,2228224,2025-08-11 14:21:16
5476,RobotSimForPA/Global/R1_WeldingVoltage,0,0.0,,2228224,2025-08-11 14:21:17
5477,RobotSimForPA/Global/R1_WeldingVoltage,0,0.0,,2228224,2025-08-11 14:21:18
5478,RobotSimForPA/Global/R1_WeldingVoltage,0,0.0,,2228224,2025-08-11 14:21:19
5479,RobotSimForPA/Global/R1_WeldingVoltage,0,0.0,,2228224,2025-08-11 14:21:20
5480,RobotSimForPA/Global/R1_WeldingVoltage,0,0.0,,2228224,2025-08-11 14:21:21
5481,RobotSimForPA/Global/R1_WeldingVoltage,0,0.0,,2228224,2025-08-11 14:21:22
5482,RobotSimForPA/Global/R1_WeldingVoltage,0,0.0,,2228224,2025-08-11 14:21:23
5483,RobotSimForPA/Global/R1_WeldingVoltage,0,0.0,,2228224,2025-08-11 14:21:24
5484,RobotSimForPA/Global/R1_WeldingVoltage,0,0.0,,2228224,2025-08-11 14:21:25
5485,RobotSimForPA/Global/R1_WeldingVoltage,0,0.0,,2228224,2025-08-11 14:21:26
5486,RobotSimForPA/Global/R1_WeldingVoltage,0,0.0,,2228224,2025-08-11 14:21:27
5487,RobotSimForPA/Global/R1_WeldingVoltage,0,0.0,,2228224,2025-08-11 14:21:28
5488,RobotSimForPA/Global/R1_WeldingVoltage,0,0.0,,2228224,2025-08-11 14:21:29
5489,RobotSimForPA/Global/R1_WeldingVoltage,0,0.0,,2228224,2025-08-11 14:21:30
5490,RobotSimForPA/Global/R1_WeldingVoltage,0,0.0,,2228224,2025-08-11 14:21:31
5491,RobotSimForPA/Global/R1_WeldingVoltage,0,0.0,,2228224,2025-08-11 14:21:32
5492,RobotSimForPA/Global/R1_WeldingVoltage,0,48.5788,,2228224,2025-08-11 14:21:33
5493,RobotSimForPA/Global/R1_WeldingVoltage,0,66.3912,,2228224,2025-08-11 14:21:34
5494,RobotSimForPA/Global/R1_WeldingVoltage,0,54.9583,,2228224,2025-08-11 14:21:35
5495,RobotSimForPA/Global/R1_WeldingVoltage,0,55.7149,,2228224,2025-08-11 14:21:36
5496,RobotSimForPA/Global/R1_WeldingVoltage,0,76.6799,,2228224,2025-08-11 14:21:37
5497,RobotSimForPA/Global/R1_WeldingVoltage,0,56.764500000000005,,2228224,2025-08-11 14:21:38
5498,RobotSimForPA/Global/R1_WeldingVoltage,0,57.381600000000006,,2228224,2025-08-11 14:21:39
5499,RobotSimForPA/Global/R1_WeldingVoltage,0,52.4519,,2228224,2025-08-11 14:21:40
5500,RobotSimForPA/Global/R1_WeldingVoltage,0,64.5703,,2228224,2025-08-11 14:21:41
5501,RobotSimForPA/Global/R1_WeldingVoltage,0,64.4838,,2228224,2025-08-11 14:21:42
5502,RobotSimForPA/Global/R1_WeldingVoltage,0,66.2793,,2228224,2025-08-11 14:21:43
5503,RobotSimForPA/Global/R1_WeldingVoltage,0,50.871300000000005,,2228224,2025-08-11 14:21:44
5504,RobotSimForPA/Global/R1_WeldingVoltage,0,70.1183,,2228224,2025-08-11 14:21:45
5505,RobotSimForPA/Global/R1_WeldingVoltage,0,35.4245,,2228224,2025-08-11 14:21:46
5506,RobotSimForPA/Global/R1_WeldingVoltage,0,40.7727,,2228224,2025-08-11 14:21:47
5507,RobotSimForPA/Global/R1_WeldingVoltage,0,0.0,,2228224,2025-08-11 14:21:48
5508,RobotSimForPA/Global/R1_WeldingVoltage,0,0.0,,2228224,2025-08-11 14:21:49
5509,RobotSimForPA/Global/R1_WeldingVoltage,0,0.0,,2228224,2025-08-11 14:21:50
5510,RobotSimForPA/Global/R1_WeldingVoltage,0,0.0,,2228224,2025-08-11 14:21:51
5511,RobotSimForPA/Global/R1_WeldingVoltage,0,0.0,,2228224,2025-08-11 14:21:52
5512,RobotSimForPA/Global/R1_WeldingVoltage,0,0.0,,2228224,2025-08-11 14:21:53
5513,RobotSimForPA/Global/R1_WeldingVoltage,0,0.0,,2228224,2025-08-11 14:21:54
5514,RobotSimForPA/Global/R1_WeldingVoltage,0,0.0,,2228224,2025-08-11 14:21:55
5515,RobotSimForPA/Global/R1_WeldingVoltage,0,0.0,,2228224,2025-08-11 14:21:56
5516,RobotSimForPA/Global/R1_WeldingVoltage,0,0.0,,2228224,2025-08-11 14:21:57
5517,RobotSimForPA/Global/R1_WeldingVoltage,0,0.0,,2228224,2025-08-11 14:21:58
5518,RobotSimForPA/Global/R1_WeldingVoltage,0,0.0,,2228224,2025-08-11 14:21:59
5519,RobotSimForPA/Global/R1_WeldingVoltage,0,0.0,,2228224,2025-08-11 14:22:00
5520,RobotSimForPA/Global/R1_WeldingVoltage,0,0.0,,2228224,2025-08-11 14:22:01
5521,RobotSimForPA/Global/R1_WeldingVoltage,0,0.0,,2228224,2025-08-11 14:22:02
5522,RobotSimForPA/Global/R1_WeldingVoltage,0,0.0,,2228224,2025-08-11 14:22:03
5523,RobotSimForPA/Global/R1_WeldingVoltage,0,56.331,,2228224,2025-08-11 14:22:04
5524,RobotSimForPA/Global/R1_WeldingVoltage,0,56.323,,2228224,2025-08-11 14:22:05
5525,RobotSimForPA/Global/R1_WeldingVoltage,0,44.9784,,2228224,2025-08-11 14:22:06
5526,RobotSimForPA/Global/R1_WeldingVoltage,0,47.7218,,2228224,2025-08-11 14:22:07
5527,RobotSimForPA/Global/R1_WeldingVoltage,0,66.4991,,2228224,2025-08-11 14:22:08
5528,RobotSimForPA/Global/R1_WeldingVoltage,0,44.2167,,2228224,2025-08-11 14:22:09
5529,RobotSimForPA/Global/R1_WeldingVoltage,0,50.5589,,2228224,2025-08-11 14:22:10
5530,RobotSimForPA/Global/R1_WeldingVoltage,0,50.6792,,2228224,2025-08-11 14:22:11
5531,RobotSimForPA/Global/R1_WeldingVoltage,0,62.192,,2228224,2025-08-11 14:22:12
5532,RobotSimForPA/Global/R1_WeldingVoltage,0,79.513,,2228224,2025-08-11 14:22:13
5533,RobotSimForPA/Global/R1_WeldingVoltage,0,75.16380000000001,,2228224,2025-08-11 14:22:14
5534,RobotSimForPA/Global/R1_WeldingVoltage,0,40.86,,2228224,2025-08-11 14:22:15
5535,RobotSimForPA/Global/R1_WeldingVoltage,0,70.1515,,2228224,2025-08-11 14:22:16
5536,RobotSimForPA/Global/R1_WeldingVoltage,0,68.7223,,2228224,2025-08-11 14:22:17
5537,RobotSimForPA/Global/R1_WeldingVoltage,0,61.967800000000004,,2228224,2025-08-11 14:22:18
5538,RobotSimForPA/Global/R1_WeldingVoltage,0,61.6602,,2228224,2025-08-11 14:22:19
5539,RobotSimForPA/Global/R1_WeldingVoltage,0,42.6212,,2228224,2025-08-11 14:22:20
5540,RobotSimForPA/Global/R1_WeldingVoltage,0,0.0,,2228224,2025-08-11 14:22:21
5541,RobotSimForPA/Global/R1_WeldingVoltage,0,0.0,,2228224,2025-08-11 14:22:22
5542,RobotSimForPA/Global/R1_WeldingVoltage,0,0.0,,2228224,2025-08-11 14:22:23
5543,RobotSimForPA/Global/R1_WeldingVoltage,0,0.0,,2228224,2025-08-11 14:22:24
5544,RobotSimForPA/Global/R1_WeldingVoltage,0,0.0,,2228224,2025-08-11 14:22:25
5545,RobotSimForPA/Global/R1_WeldingVoltage,0,0.0,,2228224,2025-08-11 14:22:26
5546,RobotSimForPA/Global/R1_WeldingVoltage,0,0.0,,2228224,2025-08-11 14:22:27
5547,RobotSimForPA/Global/R1_WeldingVoltage,0,0.0,,2228224,2025-08-11 14:22:28
5548,RobotSimForPA/Global/R1_WeldingVoltage,0,0.0,,2228224,2025-08-11 14:22:29
5549,RobotSimForPA/Global/R1_WeldingVoltage,0,0.0,,2228224,2025-08-11 14:22:30
5550,RobotSimForPA/Global/R1_WeldingVoltage,0,0.0,,2228224,2025-08-11 14:22:31
5551,RobotSimForPA/Global/R1_WeldingVoltage,0,0.0,,2228224,2025-08-11 14:22:32
5552,RobotSimForPA/Global/R1_WeldingVoltage,0,0.0,,2228224,2025-08-11 14:22:33
5553,RobotSimForPA/Global/R1_WeldingVoltage,0,0.0,,2228224,2025-08-11 14:22:34
5554,RobotSimForPA/Global/R1_WeldingVoltage,0,0.0,,2228224,2025-08-11 14:22:35
5555,RobotSimForPA/Global/R1_WeldingVoltage,0,0.0,,2228224,2025-08-11 14:22:36
5556,RobotSimForPA/Global/R1_WeldingVoltage,0,62.019200000000005,,2228224,2025-08-11 14:22:37
5557,RobotSimForPA/Global/R1_WeldingVoltage,0,71.2325,,2228224,2025-08-11 14:22:38
5558,RobotSimForPA/Global/R1_WeldingVoltage,0,66.7585,,2228224,2025-08-11 14:22:39
5559,RobotSimForPA/Global/R1_WeldingVoltage,0,66.7981,,2228224,2025-08-11 14:22:40
5560,RobotSimForPA/Global/R1_WeldingVoltage,0,52.8759,,2228224,2025-08-11 14:22:41
5561,RobotSimForPA/Global/R1_WeldingVoltage,0,64.2316,,2228224,2025-08-11 14:22:42
5562,RobotSimForPA/Global/R1_WeldingVoltage,0,48.4579,,2228224,2025-08-11 14:22:43
5563,RobotSimForPA/Global/R1_WeldingVoltage,0,50.356100000000005,,2228224,2025-08-11 14:22:44
5564,RobotSimForPA/Global/R1_WeldingVoltage,0,66.61160000000001,,2228224,2025-08-11 14:22:45
5565,RobotSimForPA/Global/R1_WeldingVoltage,0,63.646,,2228224,2025-08-11 14:22:46
5566,RobotSimForPA/Global/R1_WeldingVoltage,0,37.676100000000005,,2228224,2025-08-11 14:22:47
5567,RobotSimForPA/Global/R1_WeldingVoltage,0,42.0797,,2228224,2025-08-11 14:22:48
5568,RobotSimForPA/Global/R1_WeldingVoltage,0,67.0543,,2228224,2025-08-11 14:22:49
5569,RobotSimForPA/Global/R1_WeldingVoltage,0,51.913900000000005,,2228224,2025-08-11 14:22:50
5570,RobotSimForPA/Global/R1_WeldingVoltage,0,40.0357,,2228224,2025-08-11 14:22:51
5571,RobotSimForPA/Global/R1_WeldingVoltage,0,0.0,,2228224,2025-08-11 14:22:52
5572,RobotSimForPA/Global/R1_WeldingVoltage,0,0.0,,2228224,2025-08-11 14:22:53
5573,RobotSimForPA/Global/R1_WeldingVoltage,0,0.0,,2228224,2025-08-11 14:22:54
5574,RobotSimForPA/Global/R1_WeldingVoltage,0,0.0,,2228224,2025-08-11 14:22:55
5575,RobotSimForPA/Global/R1_WeldingVoltage,0,0.0,,2228224,2025-08-11 14:22:56
5576,RobotSimForPA/Global/R1_WeldingVoltage,0,0.0,,2228224,2025-08-11 14:22:57
5577,RobotSimForPA/Global/R1_WeldingVoltage,0,0.0,,2228224,2025-08-11 14:22:58
5578,RobotSimForPA/Global/R1_WeldingVoltage,0,0.0,,2228224,2025-08-11 14:22:59
5579,RobotSimForPA/Global/R1_WeldingVoltage,0,0.0,,2228224,2025-08-11 14:23:00
5580,RobotSimForPA/Global/R1_WeldingVoltage,0,0.0,,2228224,2025-08-11 14:23:01
5581,RobotSimForPA/Global/R1_WeldingVoltage,0,0.0,,2228224,2025-08-11 14:23:02
5582,RobotSimForPA/Global/R1_WeldingVoltage,0,0.0,,2228224,2025-08-11 14:23:03
5583,RobotSimForPA/Global/R1_WeldingVoltage,0,0.0,,2228224,2025-08-11 14:23:04
5584,RobotSimForPA/Global/R1_WeldingVoltage,0,0.0,,2228224,2025-08-11 14:23:05
5585,RobotSimForPA/Global/R1_WeldingVoltage,0,0.0,,2228224,2025-08-11 14:23:06
5586,RobotSimForPA/Global/R1_WeldingVoltage,0,0.0,,2228224,2025-08-11 14:23:07
5587,RobotSimForPA/Global/R1_WeldingVoltage,0,61.2537,,2228224,2025-08-11 14:23:08
5588,RobotSimForPA/Global/R1_WeldingVoltage,0,63.4288,,2228224,2025-08-11 14:23:09
5589,RobotSimForPA/Global/R1_WeldingVoltage,0,62.7222,,2228224,2025-08-11 14:23:10
5590,RobotSimForPA/Global/R1_WeldingVoltage,0,67.346,,2228224,2025-08-11 14:23:11
5591,RobotSimForPA/Global/R1_WeldingVoltage,0,76.4124,,2228224,2025-08-11 14:23:12
5592,RobotSimForPA/Global/R1_WeldingVoltage,0,73.5912,,2228224,2025-08-11 14:23:13
5593,RobotSimForPA/Global/R1_WeldingVoltage,0,58.3669,,2228224,2025-08-11 14:23:14
5594,RobotSimForPA/Global/R1_WeldingVoltage,0,57.1584,,2228224,2025-08-11 14:23:15
5595,RobotSimForPA/Global/R1_WeldingVoltage,0,74.61670000000001,,2228224,2025-08-11 14:23:16
5596,RobotSimForPA/Global/R1_WeldingVoltage,0,48.2738,,2228224,2025-08-11 14:23:17
5597,RobotSimForPA/Global/R1_WeldingVoltage,0,60.4855,,2228224,2025-08-11 14:23:18
5598,RobotSimForPA/Global/R1_WeldingVoltage,0,52.2265,,2228224,2025-08-11 14:23:19
5599,RobotSimForPA/Global/R1_WeldingVoltage,0,55.616800000000005,,2228224,2025-08-11 14:23:20
5600,RobotSimForPA/Global/R1_WeldingVoltage,0,52.8453,,2228224,2025-08-11 14:23:21
5601,RobotSimForPA/Global/R1_WeldingVoltage,0,65.74640000000001,,2228224,2025-08-11 14:23:22
5602,RobotSimForPA/Global/R1_WeldingVoltage,0,0.0,,2228224,2025-08-11 14:23:23
5603,RobotSimForPA/Global/R1_WeldingVoltage,0,0.0,,2228224,2025-08-11 14:23:24
5604,RobotSimForPA/Global/R1_WeldingVoltage,0,0.0,,2228224,2025-08-11 14:23:25
5605,RobotSimForPA/Global/R1_WeldingVoltage,0,0.0,,2228224,2025-08-11 14:23:26
5606,RobotSimForPA/Global/R1_WeldingVoltage,0,0.0,,2228224,2025-08-11 14:23:27
5607,RobotSimForPA/Global/R1_WeldingVoltage,0,0.0,,2228224,2025-08-11 14:23:28
5608,RobotSimForPA/Global/R1_WeldingVoltage,0,0.0,,2228224,2025-08-11 14:23:29
5609,RobotSimForPA/Global/R1_WeldingVoltage,0,0.0,,2228224,2025-08-11 14:23:30
5610,RobotSimForPA/Global/R1_WeldingVoltage,0,0.0,,2228224,2025-08-11 14:23:31
5611,RobotSimForPA/Global/R1_WeldingVoltage,0,0.0,,2228224,2025-08-11 14:23:32
5612,RobotSimForPA/Global/R1_WeldingVoltage,0,0.0,,2228224,2025-08-11 14:23:33
5613,RobotSimForPA/Global/R1_WeldingVoltage,0,0.0,,2228224,2025-08-11 14:23:34
5614,RobotSimForPA/Global/R1_WeldingVoltage,0,0.0,,2228224,2025-08-11 14:23:35
5615,RobotSimForPA/Global/R1_WeldingVoltage,0,0.0,,2228224,2025-08-11 14:23:36
5616,RobotSimForPA/Global/R1_WeldingVoltage,0,0.0,,2228224,2025-08-11 14:23:37
5617,RobotSimForPA/Global/R1_WeldingVoltage,0,41.4973,,2228224,2025-08-11 14:23:38
5618,RobotSimForPA/Global/R1_WeldingVoltage,0,51.316100000000006,,2228224,2025-08-11 14:23:39
5619,RobotSimForPA/Global/R1_WeldingVoltage,0,72.3094,,2228224,2025-08-11 14:23:40
5620,RobotSimForPA/Global/R1_WeldingVoltage,0,68.0875,,2228224,2025-08-11 14:23:41
5621,RobotSimForPA/Global/R1_WeldingVoltage,0,64.1915,,2228224,2025-08-11 14:23:42
5622,RobotSimForPA/Global/R1_WeldingVoltage,0,48.5947,,2228224,2025-08-11 14:23:43
5623,RobotSimForPA/Global/R1_WeldingVoltage,0,49.6554,,2228224,2025-08-11 14:23:44
5624,RobotSimForPA/Global/R1_WeldingVoltage,0,55.889300000000006,,2228224,2025-08-11 14:23:45
5625,RobotSimForPA/Global/R1_WeldingVoltage,0,72.20150000000001,,2228224,2025-08-11 14:23:46
5626,RobotSimForPA/Global/R1_WeldingVoltage,0,62.000600000000006,,2228224,2025-08-11 14:23:47
5627,RobotSimForPA/Global/R1_WeldingVoltage,0,50.8697,,2228224,2025-08-11 14:23:48
5628,RobotSimForPA/Global/R1_WeldingVoltage,0,62.989000000000004,,2228224,2025-08-11 14:23:49
5629,RobotSimForPA/Global/R1_WeldingVoltage,0,63.2272,,2228224,2025-08-11 14:23:50
5630,RobotSimForPA/Global/R1_WeldingVoltage,0,67.1404,,2228224,2025-08-11 14:23:51
5631,RobotSimForPA/Global/R1_WeldingVoltage,0,43.278200000000005,,2228224,2025-08-11 14:23:52
5632,RobotSimForPA/Global/R1_WeldingVoltage,0,0.0,,2228224,2025-08-11 14:23:53
5633,RobotSimForPA/Global/R1_WeldingVoltage,0,0.0,,2228224,2025-08-11 14:23:54
5634,RobotSimForPA/Global/R1_WeldingVoltage,0,0.0,,2228224,2025-08-11 14:23:55
5635,RobotSimForPA/Global/R1_WeldingVoltage,0,0.0,,2228224,2025-08-11 14:23:56
5636,RobotSimForPA/Global/R1_WeldingVoltage,0,0.0,,2228224,2025-08-11 14:23:57
5637,RobotSimForPA/Global/R1_WeldingVoltage,0,0.0,,2228224,2025-08-11 14:23:58
5638,RobotSimForPA/Global/R1_WeldingVoltage,0,0.0,,2228224,2025-08-11 14:23:59
5639,RobotSimForPA/Global/R1_WeldingVoltage,0,0.0,,2228224,2025-08-11 14:24:00
5640,RobotSimForPA/Global/R1_WeldingVoltage,0,0.0,,2228224,2025-08-11 14:24:01
5641,RobotSimForPA/Global/R1_WeldingVoltage,0,0.0,,2228224,2025-08-11 14:24:02
5642,RobotSimForPA/Global/R1_WeldingVoltage,0,0.0,,2228224,2025-08-11 14:24:03
5643,RobotSimForPA/Global/R1_WeldingVoltage,0,0.0,,2228224,2025-08-11 14:24:04
5644,RobotSimForPA/Global/R1_WeldingVoltage,0,0.0,,2228224,2025-08-11 14:24:05
5645,RobotSimForPA/Global/R1_WeldingVoltage,0,0.0,,2228224,2025-08-11 14:24:06
5646,RobotSimForPA/Global/R1_WeldingVoltage,0,0.0,,2228224,2025-08-11 14:24:07
5647,RobotSimForPA/Global/R1_WeldingVoltage,0,64.65350000000001,,2228224,2025-08-11 14:24:08
5648,RobotSimForPA/Global/R1_WeldingVoltage,0,49.392700000000005,,2228224,2025-08-11 14:24:09
5649,RobotSimForPA/Global/R1_WeldingVoltage,0,72.7842,,2228224,2025-08-11 14:24:10
5650,RobotSimForPA/Global/R1_WeldingVoltage,0,77.5961,,2228224,2025-08-11 14:24:11
5651,RobotSimForPA/Global/R1_WeldingVoltage,0,75.76830000000001,,2228224,2025-08-11 14:24:12
5652,RobotSimForPA/Global/R1_WeldingVoltage,0,75.3476,,2228224,2025-08-11 14:24:13
5653,RobotSimForPA/Global/R1_WeldingVoltage,0,74.5481,,2228224,2025-08-11 14:24:14
5654,RobotSimForPA/Global/R1_WeldingVoltage,0,50.052600000000005,,2228224,2025-08-11 14:24:15
5655,RobotSimForPA/Global/R1_WeldingVoltage,0,52.77,,2228224,2025-08-11 14:24:16
5656,RobotSimForPA/Global/R1_WeldingVoltage,0,60.509600000000006,,2228224,2025-08-11 14:24:17
5657,RobotSimForPA/Global/R1_WeldingVoltage,0,44.020900000000005,,2228224,2025-08-11 14:24:18
5658,RobotSimForPA/Global/R1_WeldingVoltage,0,43.1518,,2228224,2025-08-11 14:24:19
5659,RobotSimForPA/Global/R1_WeldingVoltage,0,48.8575,,2228224,2025-08-11 14:24:20
5660,RobotSimForPA/Global/R1_WeldingVoltage,0,50.1708,,2228224,2025-08-11 14:24:21
5661,RobotSimForPA/Global/R1_WeldingVoltage,0,35.882600000000004,,2228224,2025-08-11 14:24:22
5662,RobotSimForPA/Global/R1_WeldingVoltage,0,57.697900000000004,,2228224,2025-08-11 14:24:23
5663,RobotSimForPA/Global/R1_WeldingVoltage,0,0.0,,2228224,2025-08-11 14:24:24
5664,RobotSimForPA/Global/R1_WeldingVoltage,0,0.0,,2228224,2025-08-11 14:24:25
5665,RobotSimForPA/Global/R1_WeldingVoltage,0,0.0,,2228224,2025-08-11 14:24:26
5666,RobotSimForPA/Global/R1_WeldingVoltage,0,0.0,,2228224,2025-08-11 14:24:27
5667,RobotSimForPA/Global/R1_WeldingVoltage,0,0.0,,2228224,2025-08-11 14:24:28
5668,RobotSimForPA/Global/R1_WeldingVoltage,0,0.0,,2228224,2025-08-11 14:24:29
5669,RobotSimForPA/Global/R1_WeldingVoltage,0,0.0,,2228224,2025-08-11 14:24:30
5670,RobotSimForPA/Global/R1_WeldingVoltage,0,0.0,,2228224,2025-08-11 14:24:31
5671,RobotSimForPA/Global/R1_WeldingVoltage,0,0.0,,2228224,2025-08-11 14:24:32
5672,RobotSimForPA/Global/R1_WeldingVoltage,0,0.0,,2228224,2025-08-11 14:24:33
5673,RobotSimForPA/Global/R1_WeldingVoltage,0,0.0,,2228224,2025-08-11 14:24:34
5674,RobotSimForPA/Global/R1_WeldingVoltage,0,0.0,,2228224,2025-08-11 14:24:35
5675,RobotSimForPA/Global/R1_WeldingVoltage,0,0.0,,2228224,2025-08-11 14:24:36
5676,RobotSimForPA/Global/R1_WeldingVoltage,0,0.0,,2228224,2025-08-11 14:24:37
5677,RobotSimForPA/Global/R1_WeldingVoltage,0,0.0,,2228224,2025-08-11 14:24:38
5678,RobotSimForPA/Global/R1_WeldingVoltage,0,0.0,,2228224,2025-08-11 14:24:39
5679,RobotSimForPA/Global/R1_WeldingVoltage,0,47.8494,,2228224,2025-08-11 14:24:40
5680,RobotSimForPA/Global/R1_WeldingVoltage,0,41.7795,,2228224,2025-08-11 14:24:41
5681,RobotSimForPA/Global/R1_WeldingVoltage,0,72.589,,2228224,2025-08-11 14:24:42
5682,RobotSimForPA/Global/R1_WeldingVoltage,0,71.90220000000001,,2228224,2025-08-11 14:24:43
5683,RobotSimForPA/Global/R1_WeldingVoltage,0,57.138200000000005,,2228224,2025-08-11 14:24:44
5684,RobotSimForPA/Global/R1_WeldingVoltage,0,53.3721,,2228224,2025-08-11 14:24:45
5685,RobotSimForPA/Global/R1_WeldingVoltage,0,65.0847,,2228224,2025-08-11 14:24:46
5686,RobotSimForPA/Global/R1_WeldingVoltage,0,62.2731,,2228224,2025-08-11 14:24:47
5687,RobotSimForPA/Global/R1_WeldingVoltage,0,61.4097,,2228224,2025-08-11 14:24:48
5688,RobotSimForPA/Global/R1_WeldingVoltage,0,48.8125,,2228224,2025-08-11 14:24:49
5689,RobotSimForPA/Global/R1_WeldingVoltage,0,69.58420000000001,,2228224,2025-08-11 14:24:50
5690,RobotSimForPA/Global/R1_WeldingVoltage,0,45.087500000000006,,2228224,2025-08-11 14:24:51
5691,RobotSimForPA/Global/R1_WeldingVoltage,0,42.9386,,2228224,2025-08-11 14:24:52
5692,RobotSimForPA/Global/R1_WeldingVoltage,0,46.365500000000004,,2228224,2025-08-11 14:24:53
5693,RobotSimForPA/Global/R1_WeldingVoltage,0,44.9318,,2228224,2025-08-11 14:24:54
5694,RobotSimForPA/Global/R1_WeldingVoltage,0,40.1069,,2228224,2025-08-11 14:24:55
5695,RobotSimForPA/Global/R1_WeldingVoltage,0,0.0,,2228224,2025-08-11 14:24:56
5696,RobotSimForPA/Global/R1_WeldingVoltage,0,0.0,,2228224,2025-08-11 14:24:57
5697,RobotSimForPA/Global/R1_WeldingVoltage,0,0.0,,2228224,2025-08-11 14:24:58
5698,RobotSimForPA/Global/R1_WeldingVoltage,0,0.0,,2228224,2025-08-11 14:24:59
5699,RobotSimForPA/Global/R1_WeldingVoltage,0,0.0,,2228224,2025-08-11 14:25:00
5700,RobotSimForPA/Global/R1_WeldingVoltage,0,0.0,,2228224,2025-08-11 14:25:01
5701,RobotSimForPA/Global/R1_WeldingVoltage,0,0.0,,2228224,2025-08-11 14:25:02
5702,RobotSimForPA/Global/R1_WeldingVoltage,0,0.0,,2228224,2025-08-11 14:25:03
5703,RobotSimForPA/Global/R1_WeldingVoltage,0,0.0,,2228224,2025-08-11 14:25:04
5704,RobotSimForPA/Global/R1_WeldingVoltage,0,0.0,,2228224,2025-08-11 14:25:05
5705,RobotSimForPA/Global/R1_WeldingVoltage,0,0.0,,2228224,2025-08-11 14:25:06
5706,RobotSimForPA/Global/R1_WeldingVoltage,0,0.0,,2228224,2025-08-11 14:25:07
5707,RobotSimForPA/Global/R1_WeldingVoltage,0,0.0,,2228224,2025-08-11 14:25:08
5708,RobotSimForPA/Global/R1_WeldingVoltage,0,0.0,,2228224,2025-08-11 14:25:09
5709,RobotSimForPA/Global/R1_WeldingVoltage,0,0.0,,2228224,2025-08-11 14:25:10
5710,RobotSimForPA/Global/R1_WeldingVoltage,0,0.0,,2228224,2025-08-11 14:25:11
5711,RobotSimForPA/Global/R1_WeldingVoltage,0,63.6368,,2228224,2025-08-11 14:25:12
5712,RobotSimForPA/Global/R1_WeldingVoltage,0,62.5304,,2228224,2025-08-11 14:25:13
5713,RobotSimForPA/Global/R1_WeldingVoltage,0,70.425,,2228224,2025-08-11 14:25:14
5714,RobotSimForPA/Global/R1_WeldingVoltage,0,41.2528,,2228224,2025-08-11 14:25:15
5715,RobotSimForPA/Global/R1_WeldingVoltage,0,63.2428,,2228224,2025-08-11 14:25:16
5716,RobotSimForPA/Global/R1_WeldingVoltage,0,44.3476,,2228224,2025-08-11 14:25:17
5717,RobotSimForPA/Global/R1_WeldingVoltage,0,44.512100000000004,,2228224,2025-08-11 14:25:18
5718,RobotSimForPA/Global/R1_WeldingVoltage,0,44.2804,,2228224,2025-08-11 14:25:19
5719,RobotSimForPA/Global/R1_WeldingVoltage,0,43.6451,,2228224,2025-08-11 14:25:20
5720,RobotSimForPA/Global/R1_WeldingVoltage,0,70.292,,2228224,2025-08-11 14:25:21
5721,RobotSimForPA/Global/R1_WeldingVoltage,0,60.142,,2228224,2025-08-11 14:25:22
5722,RobotSimForPA/Global/R1_WeldingVoltage,0,59.7776,,2228224,2025-08-11 14:25:23
5723,RobotSimForPA/Global/R1_WeldingVoltage,0,63.3782,,2228224,2025-08-11 14:25:24
5724,RobotSimForPA/Global/R1_WeldingVoltage,0,68.9641,,2228224,2025-08-11 14:25:25
5725,RobotSimForPA/Global/R1_WeldingVoltage,0,64.4213,,2228224,2025-08-11 14:25:26
5726,RobotSimForPA/Global/R1_WeldingVoltage,0,0.0,,2228224,2025-08-11 14:25:27
5727,RobotSimForPA/Global/R1_WeldingVoltage,0,0.0,,2228224,2025-08-11 14:25:28
5728,RobotSimForPA/Global/R1_WeldingVoltage,0,0.0,,2228224,2025-08-11 14:25:29
5729,RobotSimForPA/Global/R1_WeldingVoltage,0,0.0,,2228224,2025-08-11 14:25:30
5730,RobotSimForPA/Global/R1_WeldingVoltage,0,0.0,,2228224,2025-08-11 14:25:31
5731,RobotSimForPA/Global/R1_WeldingVoltage,0,0.0,,2228224,2025-08-11 14:25:32
5732,RobotSimForPA/Global/R1_WeldingVoltage,0,0.0,,2228224,2025-08-11 14:25:33
5733,RobotSimForPA/Global/R1_WeldingVoltage,0,0.0,,2228224,2025-08-11 14:25:34
5734,RobotSimForPA/Global/R1_WeldingVoltage,0,0.0,,2228224,2025-08-11 14:25:35
5735,RobotSimForPA/Global/R1_WeldingVoltage,0,0.0,,2228224,2025-08-11 14:25:36
5736,RobotSimForPA/Global/R1_WeldingVoltage,0,0.0,,2228224,2025-08-11 14:25:37
5737,RobotSimForPA/Global/R1_WeldingVoltage,0,0.0,,2228224,2025-08-11 14:25:38
5738,RobotSimForPA/Global/R1_WeldingVoltage,0,0.0,,2228224,2025-08-11 14:25:39
5739,RobotSimForPA/Global/R1_WeldingVoltage,0,0.0,,2228224,2025-08-11 14:25:40
5740,RobotSimForPA/Global/R1_WeldingVoltage,0,0.0,,2228224,2025-08-11 14:25:41
5741,RobotSimForPA/Global/R1_WeldingVoltage,0,0.0,,2228224,2025-08-11 14:25:42
5742,RobotSimForPA/Global/R1_WeldingVoltage,0,76.7252,,2228224,2025-08-11 14:25:43
5743,RobotSimForPA/Global/R1_WeldingVoltage,0,81.911,,2228224,2025-08-11 14:25:44
5744,RobotSimForPA/Global/R1_WeldingVoltage,0,63.8532,,2228224,2025-08-11 14:25:45
5745,RobotSimForPA/Global/R1_WeldingVoltage,0,63.374,,2228224,2025-08-11 14:25:46
5746,RobotSimForPA/Global/R1_WeldingVoltage,0,72.8636,,2228224,2025-08-11 14:25:47
5747,RobotSimForPA/Global/R1_WeldingVoltage,0,41.9812,,2228224,2025-08-11 14:25:48
5748,RobotSimForPA/Global/R1_WeldingVoltage,0,43.4238,,2228224,2025-08-11 14:25:49
5749,RobotSimForPA/Global/R1_WeldingVoltage,0,54.3159,,2228224,2025-08-11 14:25:50
5750,RobotSimForPA/Global/R1_WeldingVoltage,0,72.095,,2228224,2025-08-11 14:25:51
5751,RobotSimForPA/Global/R1_WeldingVoltage,0,71.69720000000001,,2228224,2025-08-11 14:25:52
5752,RobotSimForPA/Global/R1_WeldingVoltage,0,51.525400000000005,,2228224,2025-08-11 14:25:53
5753,RobotSimForPA/Global/R1_WeldingVoltage,0,53.4147,,2228224,2025-08-11 14:25:54
5754,RobotSimForPA/Global/R1_WeldingVoltage,0,41.601400000000005,,2228224,2025-08-11 14:25:55
5755,RobotSimForPA/Global/R1_WeldingVoltage,0,56.8402,,2228224,2025-08-11 14:25:56
5756,RobotSimForPA/Global/R1_WeldingVoltage,0,49.221900000000005,,2228224,2025-08-11 14:25:57
5757,RobotSimForPA/Global/R1_WeldingVoltage,0,35.511,,2228224,2025-08-11 14:25:58
5758,RobotSimForPA/Global/R1_WeldingVoltage,0,0.0,,2228224,2025-08-11 14:25:59
5759,RobotSimForPA/Global/R1_WeldingVoltage,0,0.0,,2228224,2025-08-11 14:26:00
5760,RobotSimForPA/Global/R1_WeldingVoltage,0,0.0,,2228224,2025-08-11 14:26:01
5761,RobotSimForPA/Global/R1_WeldingVoltage,0,0.0,,2228224,2025-08-11 14:26:02
5762,RobotSimForPA/Global/R1_WeldingVoltage,0,0.0,,2228224,2025-08-11 14:26:03
5763,RobotSimForPA/Global/R1_WeldingVoltage,0,0.0,,2228224,2025-08-11 14:26:04
5764,RobotSimForPA/Global/R1_WeldingVoltage,0,0.0,,2228224,2025-08-11 14:26:05
5765,RobotSimForPA/Global/R1_WeldingVoltage,0,0.0,,2228224,2025-08-11 14:26:06
5766,RobotSimForPA/Global/R1_WeldingVoltage,0,0.0,,2228224,2025-08-11 14:26:07
5767,RobotSimForPA/Global/R1_WeldingVoltage,0,0.0,,2228224,2025-08-11 14:26:08
5768,RobotSimForPA/Global/R1_WeldingVoltage,0,0.0,,2228224,2025-08-11 14:26:09
5769,RobotSimForPA/Global/R1_WeldingVoltage,0,0.0,,2228224,2025-08-11 14:26:10
5770,RobotSimForPA/Global/R1_WeldingVoltage,0,0.0,,2228224,2025-08-11 14:26:11
5771,RobotSimForPA/Global/R1_WeldingVoltage,0,0.0,,2228224,2025-08-11 14:26:12
5772,RobotSimForPA/Global/R1_WeldingVoltage,0,0.0,,2228224,2025-08-11 14:26:13
5773,RobotSimForPA/Global/R1_WeldingVoltage,0,0.0,,2228224,2025-08-11 14:26:14
5774,RobotSimForPA/Global/R1_WeldingVoltage,0,57.057500000000005,,2228224,2025-08-11 14:26:15
5775,RobotSimForPA/Global/R1_WeldingVoltage,0,56.9716,,2228224,2025-08-11 14:26:16
5776,RobotSimForPA/Global/R1_WeldingVoltage,0,54.583400000000005,,2228224,2025-08-11 14:26:17
5777,RobotSimForPA/Global/R1_WeldingVoltage,0,57.316500000000005,,2228224,2025-08-11 14:26:18
5778,RobotSimForPA/Global/R1_WeldingVoltage,0,75.2445,,2228224,2025-08-11 14:26:19
5779,RobotSimForPA/Global/R1_WeldingVoltage,0,72.3447,,2228224,2025-08-11 14:26:20
5780,RobotSimForPA/Global/R1_WeldingVoltage,0,74.1418,,2228224,2025-08-11 14:26:21
5781,RobotSimForPA/Global/R1_WeldingVoltage,0,63.0189,,2228224,2025-08-11 14:26:22
5782,RobotSimForPA/Global/R1_WeldingVoltage,0,53.0082,,2228224,2025-08-11 14:26:23
5783,RobotSimForPA/Global/R1_WeldingVoltage,0,63.9894,,2228224,2025-08-11 14:26:24
5784,RobotSimForPA/Global/R1_WeldingVoltage,0,64.9868,,2228224,2025-08-11 14:26:25
5785,RobotSimForPA/Global/R1_WeldingVoltage,0,43.9416,,2228224,2025-08-11 14:26:26
5786,RobotSimForPA/Global/R1_WeldingVoltage,0,43.7697,,2228224,2025-08-11 14:26:27
5787,RobotSimForPA/Global/R1_WeldingVoltage,0,54.6648,,2228224,2025-08-11 14:26:28
5788,RobotSimForPA/Global/R1_WeldingVoltage,0,0.0,,2228224,2025-08-11 14:26:29
5789,RobotSimForPA/Global/R1_WeldingVoltage,0,0.0,,2228224,2025-08-11 14:26:30
5790,RobotSimForPA/Global/R1_WeldingVoltage,0,0.0,,2228224,2025-08-11 14:26:31
5791,RobotSimForPA/Global/R1_WeldingVoltage,0,0.0,,2228224,2025-08-11 14:26:32
5792,RobotSimForPA/Global/R1_WeldingVoltage,0,0.0,,2228224,2025-08-11 14:26:33
5793,RobotSimForPA/Global/R1_WeldingVoltage,0,0.0,,2228224,2025-08-11 14:26:34
5794,RobotSimForPA/Global/R1_WeldingVoltage,0,0.0,,2228224,2025-08-11 14:26:35
5795,RobotSimForPA/Global/R1_WeldingVoltage,0,0.0,,2228224,2025-08-11 14:26:36
5796,RobotSimForPA/Global/R1_WeldingVoltage,0,0.0,,2228224,2025-08-11 14:26:37
5797,RobotSimForPA/Global/R1_WeldingVoltage,0,0.0,,2228224,2025-08-11 14:26:38
5798,RobotSimForPA/Global/R1_WeldingVoltage,0,0.0,,2228224,2025-08-11 14:26:39
5799,RobotSimForPA/Global/R1_WeldingVoltage,0,0.0,,2228224,2025-08-11 14:26:40
5800,RobotSimForPA/Global/R1_WeldingVoltage,0,0.0,,2228224,2025-08-11 14:26:41
5801,RobotSimForPA/Global/R1_WeldingVoltage,0,0.0,,2228224,2025-08-11 14:26:42
5802,RobotSimForPA/Global/R1_WeldingVoltage,0,0.0,,2228224,2025-08-11 14:26:43
5803,RobotSimForPA/Global/R1_WeldingVoltage,0,0.0,,2228224,2025-08-11 14:26:44
5804,RobotSimForPA/Global/R1_WeldingVoltage,0,72.01480000000001,,2228224,2025-08-11 14:26:45
5805,RobotSimForPA/Global/R1_WeldingVoltage,0,49.319300000000005,,2228224,2025-08-11 14:26:46
5806,RobotSimForPA/Global/R1_WeldingVoltage,0,45.4544,,2228224,2025-08-11 14:26:47
5807,RobotSimForPA/Global/R1_WeldingVoltage,0,78.6119,,2228224,2025-08-11 14:26:48
5808,RobotSimForPA/Global/R1_WeldingVoltage,0,51.861000000000004,,2228224,2025-08-11 14:26:49
5809,RobotSimForPA/Global/R1_WeldingVoltage,0,62.034000000000006,,2228224,2025-08-11 14:26:50
5810,RobotSimForPA/Global/R1_WeldingVoltage,0,60.953100000000006,,2228224,2025-08-11 14:26:51
5811,RobotSimForPA/Global/R1_WeldingVoltage,0,64.4546,,2228224,2025-08-11 14:26:52
5812,RobotSimForPA/Global/R1_WeldingVoltage,0,73.5156,,2228224,2025-08-11 14:26:53
5813,RobotSimForPA/Global/R1_WeldingVoltage,0,67.6853,,2228224,2025-08-11 14:26:54
5814,RobotSimForPA/Global/R1_WeldingVoltage,0,71.9329,,2228224,2025-08-11 14:26:55
5815,RobotSimForPA/Global/R1_WeldingVoltage,0,54.104600000000005,,2228224,2025-08-11 14:26:56
5816,RobotSimForPA/Global/R1_WeldingVoltage,0,53.836800000000004,,2228224,2025-08-11 14:26:57
5817,RobotSimForPA/Global/R1_WeldingVoltage,0,54.6248,,2228224,2025-08-11 14:26:58
5818,RobotSimForPA/Global/R1_WeldingVoltage,0,61.5103,,2228224,2025-08-11 14:26:59
5819,RobotSimForPA/Global/R1_WeldingVoltage,0,62.000400000000006,,2228224,2025-08-11 14:27:00
5820,RobotSimForPA/Global/R1_WeldingVoltage,0,0.0,,2228224,2025-08-11 14:27:01
5821,RobotSimForPA/Global/R1_WeldingVoltage,0,0.0,,2228224,2025-08-11 14:27:02
5822,RobotSimForPA/Global/R1_WeldingVoltage,0,0.0,,2228224,2025-08-11 14:27:03
5823,RobotSimForPA/Global/R1_WeldingVoltage,0,0.0,,2228224,2025-08-11 14:27:04
5824,RobotSimForPA/Global/R1_WeldingVoltage,0,0.0,,2228224,2025-08-11 14:27:05
5825,RobotSimForPA/Global/R1_WeldingVoltage,0,0.0,,2228224,2025-08-11 14:27:06
5826,RobotSimForPA/Global/R1_WeldingVoltage,0,0.0,,2228224,2025-08-11 14:27:07
5827,RobotSimForPA/Global/R1_WeldingVoltage,0,0.0,,2228224,2025-08-11 14:27:08
5828,RobotSimForPA/Global/R1_WeldingVoltage,0,0.0,,2228224,2025-08-11 14:27:09
5829,RobotSimForPA/Global/R1_WeldingVoltage,0,0.0,,2228224,2025-08-11 14:27:10
5830,RobotSimForPA/Global/R1_WeldingVoltage,0,0.0,,2228224,2025-08-11 14:27:11
5831,RobotSimForPA/Global/R1_WeldingVoltage,0,0.0,,2228224,2025-08-11 14:27:12
5832,RobotSimForPA/Global/R1_WeldingVoltage,0,0.0,,2228224,2025-08-11 14:27:13
5833,RobotSimForPA/Global/R1_WeldingVoltage,0,0.0,,2228224,2025-08-11 14:27:14
5834,RobotSimForPA/Global/R1_WeldingVoltage,0,0.0,,2228224,2025-08-11 14:27:15
5835,RobotSimForPA/Global/R1_WeldingVoltage,0,0.0,,2228224,2025-08-11 14:27:16
5836,RobotSimForPA/Global/R1_WeldingVoltage,0,45.3386,,2228224,2025-08-11 14:27:17
5837,RobotSimForPA/Global/R1_WeldingVoltage,0,63.804300000000005,,2228224,2025-08-11 14:27:18
5838,RobotSimForPA/Global/R1_WeldingVoltage,0,47.165800000000004,,2228224,2025-08-11 14:27:19
5839,RobotSimForPA/Global/R1_WeldingVoltage,0,47.3324,,2228224,2025-08-11 14:27:20
5840,RobotSimForPA/Global/R1_WeldingVoltage,0,54.1642,,2228224,2025-08-11 14:27:21
5841,RobotSimForPA/Global/R1_WeldingVoltage,0,63.1313,,2228224,2025-08-11 14:27:22
5842,RobotSimForPA/Global/R1_WeldingVoltage,0,50.4352,,2228224,2025-08-11 14:27:23
5843,RobotSimForPA/Global/R1_WeldingVoltage,0,72.357,,2228224,2025-08-11 14:27:24
5844,RobotSimForPA/Global/R1_WeldingVoltage,0,50.1918,,2228224,2025-08-11 14:27:25
5845,RobotSimForPA/Global/R1_WeldingVoltage,0,50.9698,,2228224,2025-08-11 14:27:26
5846,RobotSimForPA/Global/R1_WeldingVoltage,0,62.343900000000005,,2228224,2025-08-11 14:27:27
5847,RobotSimForPA/Global/R1_WeldingVoltage,0,43.125800000000005,,2228224,2025-08-11 14:27:28
5848,RobotSimForPA/Global/R1_WeldingVoltage,0,54.630500000000005,,2228224,2025-08-11 14:27:29
5849,RobotSimForPA/Global/R1_WeldingVoltage,0,48.4056,,2228224,2025-08-11 14:27:30
5850,RobotSimForPA/Global/R1_WeldingVoltage,0,56.4373,,2228224,2025-08-11 14:27:31
5851,RobotSimForPA/Global/R1_WeldingVoltage,0,57.106300000000005,,2228224,2025-08-11 14:27:32
5852,RobotSimForPA/Global/R1_WeldingVoltage,0,63.319900000000004,,2228224,2025-08-11 14:27:33
5853,RobotSimForPA/Global/R1_WeldingVoltage,0,0.0,,2228224,2025-08-11 14:27:34
5854,RobotSimForPA/Global/R1_WeldingVoltage,0,0.0,,2228224,2025-08-11 14:27:35
5855,RobotSimForPA/Global/R1_WeldingVoltage,0,0.0,,2228224,2025-08-11 14:27:36
5856,RobotSimForPA/Global/R1_WeldingVoltage,0,0.0,,2228224,2025-08-11 14:27:37
5857,RobotSimForPA/Global/R1_WeldingVoltage,0,0.0,,2228224,2025-08-11 14:27:38
5858,RobotSimForPA/Global/R1_WeldingVoltage,0,0.0,,2228224,2025-08-11 14:27:39
5859,RobotSimForPA/Global/R1_WeldingVoltage,0,0.0,,2228224,2025-08-11 14:27:40
5860,RobotSimForPA/Global/R1_WeldingVoltage,0,0.0,,2228224,2025-08-11 14:27:41
5861,RobotSimForPA/Global/R1_WeldingVoltage,0,0.0,,2228224,2025-08-11 14:27:42
5862,RobotSimForPA/Global/R1_WeldingVoltage,0,0.0,,2228224,2025-08-11 14:27:43
5863,RobotSimForPA/Global/R1_WeldingVoltage,0,0.0,,2228224,2025-08-11 14:27:44
5864,RobotSimForPA/Global/R1_WeldingVoltage,0,0.0,,2228224,2025-08-11 14:27:45
5865,RobotSimForPA/Global/R1_WeldingVoltage,0,0.0,,2228224,2025-08-11 14:27:46
5866,RobotSimForPA/Global/R1_WeldingVoltage,0,0.0,,2228224,2025-08-11 14:27:47
5867,RobotSimForPA/Global/R1_WeldingVoltage,0,0.0,,2228224,2025-08-11 14:27:48
5868,RobotSimForPA/Global/R1_WeldingVoltage,0,0.0,,2228224,2025-08-11 14:27:49
5869,RobotSimForPA/Global/R1_WeldingVoltage,0,59.238400000000006,,2228224,2025-08-11 14:27:50
5870,RobotSimForPA/Global/R1_WeldingVoltage,0,44.008,,2228224,2025-08-11 14:27:51
5871,RobotSimForPA/Global/R1_WeldingVoltage,0,66.494,,2228224,2025-08-11 14:27:52
5872,RobotSimForPA/Global/R1_WeldingVoltage,0,57.0775,,2228224,2025-08-11 14:27:53
5873,RobotSimForPA/Global/R1_WeldingVoltage,0,56.645500000000006,,2228224,2025-08-11 14:27:54
5874,RobotSimForPA/Global/R1_WeldingVoltage,0,52.542300000000004,,2228224,2025-08-11 14:27:55
5875,RobotSimForPA/Global/R1_WeldingVoltage,0,74.4419,,2228224,2025-08-11 14:27:56
5876,RobotSimForPA/Global/R1_WeldingVoltage,0,55.8644,,2228224,2025-08-11 14:27:57
5877,RobotSimForPA/Global/R1_WeldingVoltage,0,41.941,,2228224,2025-08-11 14:27:58
5878,RobotSimForPA/Global/R1_WeldingVoltage,0,54.6715,,2228224,2025-08-11 14:27:59
5879,RobotSimForPA/Global/R1_WeldingVoltage,0,71.8998,,2228224,2025-08-11 14:28:00
5880,RobotSimForPA/Global/R1_WeldingVoltage,0,69.1786,,2228224,2025-08-11 14:28:01
5881,RobotSimForPA/Global/R1_WeldingVoltage,0,61.447900000000004,,2228224,2025-08-11 14:28:02
5882,RobotSimForPA/Global/R1_WeldingVoltage,0,49.234500000000004,,2228224,2025-08-11 14:28:03
5883,RobotSimForPA/Global/R1_WeldingVoltage,0,53.506600000000006,,2228224,2025-08-11 14:28:04
5884,RobotSimForPA/Global/R1_WeldingVoltage,0,0.0,,2228224,2025-08-11 14:28:05
5885,RobotSimForPA/Global/R1_WeldingVoltage,0,0.0,,2228224,2025-08-11 14:28:06
5886,RobotSimForPA/Global/R1_WeldingVoltage,0,0.0,,2228224,2025-08-11 14:28:07
5887,RobotSimForPA/Global/R1_WeldingVoltage,0,0.0,,2228224,2025-08-11 14:28:08
5888,RobotSimForPA/Global/R1_WeldingVoltage,0,0.0,,2228224,2025-08-11 14:28:09
5889,RobotSimForPA/Global/R1_WeldingVoltage,0,0.0,,2228224,2025-08-11 14:28:10
5890,RobotSimForPA/Global/R1_WeldingVoltage,0,0.0,,2228224,2025-08-11 14:28:11
5891,RobotSimForPA/Global/R1_WeldingVoltage,0,0.0,,2228224,2025-08-11 14:28:12
5892,RobotSimForPA/Global/R1_WeldingVoltage,0,0.0,,2228224,2025-08-11 14:28:13
5893,RobotSimForPA/Global/R1_WeldingVoltage,0,0.0,,2228224,2025-08-11 14:28:14
5894,RobotSimForPA/Global/R1_WeldingVoltage,0,0.0,,2228224,2025-08-11 14:28:15
5895,RobotSimForPA/Global/R1_WeldingVoltage,0,0.0,,2228224,2025-08-11 14:28:16
5896,RobotSimForPA/Global/R1_WeldingVoltage,0,0.0,,2228224,2025-08-11 14:28:17
5897,RobotSimForPA/Global/R1_WeldingVoltage,0,0.0,,2228224,2025-08-11 14:28:18
5898,RobotSimForPA/Global/R1_WeldingVoltage,0,0.0,,2228224,2025-08-11 14:28:19
5899,RobotSimForPA/Global/R1_WeldingVoltage,0,0.0,,2228224,2025-08-11 14:28:20
5900,RobotSimForPA/Global/R1_WeldingVoltage,0,50.392300000000006,,2228224,2025-08-11 14:28:21
5901,RobotSimForPA/Global/R1_WeldingVoltage,0,66.7243,,2228224,2025-08-11 14:28:22
5902,RobotSimForPA/Global/R1_WeldingVoltage,0,69.13380000000001,,2228224,2025-08-11 14:28:23
5903,RobotSimForPA/Global/R1_WeldingVoltage,0,66.6704,,2228224,2025-08-11 14:28:24
5904,RobotSimForPA/Global/R1_WeldingVoltage,0,60.156000000000006,,2228224,2025-08-11 14:28:25
5905,RobotSimForPA/Global/R1_WeldingVoltage,0,54.3545,,2228224,2025-08-11 14:28:26
5906,RobotSimForPA/Global/R1_WeldingVoltage,0,62.0311,,2228224,2025-08-11 14:28:27
5907,RobotSimForPA/Global/R1_WeldingVoltage,0,40.8661,,2228224,2025-08-11 14:28:28
5908,RobotSimForPA/Global/R1_WeldingVoltage,0,39.8171,,2228224,2025-08-11 14:28:29
5909,RobotSimForPA/Global/R1_WeldingVoltage,0,64.3779,,2228224,2025-08-11 14:28:30
5910,RobotSimForPA/Global/R1_WeldingVoltage,0,65.6085,,2228224,2025-08-11 14:28:31
5911,RobotSimForPA/Global/R1_WeldingVoltage,0,60.8352,,2228224,2025-08-11 14:28:32
5912,RobotSimForPA/Global/R1_WeldingVoltage,0,57.185500000000005,,2228224,2025-08-11 14:28:33
5913,RobotSimForPA/Global/R1_WeldingVoltage,0,68.6554,,2228224,2025-08-11 14:28:34
5914,RobotSimForPA/Global/R1_WeldingVoltage,0,66.61370000000001,,2228224,2025-08-11 14:28:35
5915,RobotSimForPA/Global/R1_WeldingVoltage,0,0.0,,2228224,2025-08-11 14:28:36
5916,RobotSimForPA/Global/R1_WeldingVoltage,0,0.0,,2228224,2025-08-11 14:28:37
5917,RobotSimForPA/Global/R1_WeldingVoltage,0,0.0,,2228224,2025-08-11 14:28:38
5918,RobotSimForPA/Global/R1_WeldingVoltage,0,0.0,,2228224,2025-08-11 14:28:39
5919,RobotSimForPA/Global/R1_WeldingVoltage,0,0.0,,2228224,2025-08-11 14:28:40
5920,RobotSimForPA/Global/R1_WeldingVoltage,0,0.0,,2228224,2025-08-11 14:28:41
5921,RobotSimForPA/Global/R1_WeldingVoltage,0,0.0,,2228224,2025-08-11 14:28:42
5922,RobotSimForPA/Global/R1_WeldingVoltage,0,0.0,,2228224,2025-08-11 14:28:43
5923,RobotSimForPA/Global/R1_WeldingVoltage,0,0.0,,2228224,2025-08-11 14:28:44
5924,RobotSimForPA/Global/R1_WeldingVoltage,0,0.0,,2228224,2025-08-11 14:28:45
5925,RobotSimForPA/Global/R1_WeldingVoltage,0,0.0,,2228224,2025-08-11 14:28:46
5926,RobotSimForPA/Global/R1_WeldingVoltage,0,0.0,,2228224,2025-08-11 14:28:47
5927,RobotSimForPA/Global/R1_WeldingVoltage,0,0.0,,2228224,2025-08-11 14:28:48
5928,RobotSimForPA/Global/R1_WeldingVoltage,0,0.0,,2228224,2025-08-11 14:28:49
5929,RobotSimForPA/Global/R1_WeldingVoltage,0,0.0,,2228224,2025-08-11 14:28:50
5930,RobotSimForPA/Global/R1_WeldingVoltage,0,0.0,,2228224,2025-08-11 14:28:51
5931,RobotSimForPA/Global/R1_WeldingVoltage,0,66.86580000000001,,2228224,2025-08-11 14:28:52
5932,RobotSimForPA/Global/R1_WeldingVoltage,0,47.6721,,2228224,2025-08-11 14:28:53
5933,RobotSimForPA/Global/R1_WeldingVoltage,0,80.4848,,2228224,2025-08-11 14:28:54
5934,RobotSimForPA/Global/R1_WeldingVoltage,0,80.9625,,2228224,2025-08-11 14:28:55
5935,RobotSimForPA/Global/R1_WeldingVoltage,0,67.0211,,2228224,2025-08-11 14:28:56
5936,RobotSimForPA/Global/R1_WeldingVoltage,0,44.93,,2228224,2025-08-11 14:28:57
5937,RobotSimForPA/Global/R1_WeldingVoltage,0,65.0156,,2228224,2025-08-11 14:28:58
5938,RobotSimForPA/Global/R1_WeldingVoltage,0,66.5018,,2228224,2025-08-11 14:28:59
5939,RobotSimForPA/Global/R1_WeldingVoltage,0,42.8799,,2228224,2025-08-11 14:29:00
5940,RobotSimForPA/Global/R1_WeldingVoltage,0,66.3148,,2228224,2025-08-11 14:29:01
5941,RobotSimForPA/Global/R1_WeldingVoltage,0,56.8721,,2228224,2025-08-11 14:29:02
5942,RobotSimForPA/Global/R1_WeldingVoltage,0,38.8207,,2228224,2025-08-11 14:29:03
5943,RobotSimForPA/Global/R1_WeldingVoltage,0,37.5993,,2228224,2025-08-11 14:29:04
5944,RobotSimForPA/Global/R1_WeldingVoltage,0,63.571400000000004,,2228224,2025-08-11 14:29:05
5945,RobotSimForPA/Global/R1_WeldingVoltage,0,58.9774,,2228224,2025-08-11 14:29:06
5946,RobotSimForPA/Global/R1_WeldingVoltage,0,68.0742,,2228224,2025-08-11 14:29:07
5947,RobotSimForPA/Global/R1_WeldingVoltage,0,0.0,,2228224,2025-08-11 14:29:08
5948,RobotSimForPA/Global/R1_WeldingVoltage,0,0.0,,2228224,2025-08-11 14:29:09
5949,RobotSimForPA/Global/R1_WeldingVoltage,0,0.0,,2228224,2025-08-11 14:29:10
5950,RobotSimForPA/Global/R1_WeldingVoltage,0,0.0,,2228224,2025-08-11 14:29:11
5951,RobotSimForPA/Global/R1_WeldingVoltage,0,0.0,,2228224,2025-08-11 14:29:12
5952,RobotSimForPA/Global/R1_WeldingVoltage,0,0.0,,2228224,2025-08-11 14:29:13
5953,RobotSimForPA/Global/R1_WeldingVoltage,0,0.0,,2228224,2025-08-11 14:29:14
5954,RobotSimForPA/Global/R1_WeldingVoltage,0,0.0,,2228224,2025-08-11 14:29:15
5955,RobotSimForPA/Global/R1_WeldingVoltage,0,0.0,,2228224,2025-08-11 14:29:16
5956,RobotSimForPA/Global/R1_WeldingVoltage,0,0.0,,2228224,2025-08-11 14:29:17
5957,RobotSimForPA/Global/R1_WeldingVoltage,0,0.0,,2228224,2025-08-11 14:29:18
5958,RobotSimForPA/Global/R1_WeldingVoltage,0,0.0,,2228224,2025-08-11 14:29:19
5959,RobotSimForPA/Global/R1_WeldingVoltage,0,0.0,,2228224,2025-08-11 14:29:20
5960,RobotSimForPA/Global/R1_WeldingVoltage,0,0.0,,2228224,2025-08-11 14:29:21
5961,RobotSimForPA/Global/R1_WeldingVoltage,0,0.0,,2228224,2025-08-11 14:29:22
5962,RobotSimForPA/Global/R1_WeldingVoltage,0,0.0,,2228224,2025-08-11 14:29:23
5963,RobotSimForPA/Global/R1_WeldingVoltage,0,47.073100000000004,,2228224,2025-08-11 14:29:24
5964,RobotSimForPA/Global/R1_WeldingVoltage,0,67.7964,,2228224,2025-08-11 14:29:25
5965,RobotSimForPA/Global/R1_WeldingVoltage,0,67.2386,,2228224,2025-08-11 14:29:26
5966,RobotSimForPA/Global/R1_WeldingVoltage,0,74.8832,,2228224,2025-08-11 14:29:27
5967,RobotSimForPA/Global/R1_WeldingVoltage,0,75.9856,,2228224,2025-08-11 14:29:28
5968,RobotSimForPA/Global/R1_WeldingVoltage,0,75.8914,,2228224,2025-08-11 14:29:29
5969,RobotSimForPA/Global/R1_WeldingVoltage,0,78.11110000000001,,2228224,2025-08-11 14:29:30
5970,RobotSimForPA/Global/R1_WeldingVoltage,0,46.8605,,2228224,2025-08-11 14:29:31
5971,RobotSimForPA/Global/R1_WeldingVoltage,0,58.466800000000006,,2228224,2025-08-11 14:29:32
5972,RobotSimForPA/Global/R1_WeldingVoltage,0,58.8393,,2228224,2025-08-11 14:29:33
5973,RobotSimForPA/Global/R1_WeldingVoltage,0,73.22540000000001,,2228224,2025-08-11 14:29:34
5974,RobotSimForPA/Global/R1_WeldingVoltage,0,58.024800000000006,,2228224,2025-08-11 14:29:35
5975,RobotSimForPA/Global/R1_WeldingVoltage,0,57.9647,,2228224,2025-08-11 14:29:36
5976,RobotSimForPA/Global/R1_WeldingVoltage,0,39.854,,2228224,2025-08-11 14:29:37
5977,RobotSimForPA/Global/R1_WeldingVoltage,0,49.4542,,2228224,2025-08-11 14:29:38
5978,RobotSimForPA/Global/R1_WeldingVoltage,0,0.0,,2228224,2025-08-11 14:29:39
5979,RobotSimForPA/Global/R1_WeldingVoltage,0,0.0,,2228224,2025-08-11 14:29:40
5980,RobotSimForPA/Global/R1_WeldingVoltage,0,0.0,,2228224,2025-08-11 14:29:41
5981,RobotSimForPA/Global/R1_WeldingVoltage,0,0.0,,2228224,2025-08-11 14:29:42
5982,RobotSimForPA/Global/R1_WeldingVoltage,0,0.0,,2228224,2025-08-11 14:29:43
5983,RobotSimForPA/Global/R1_WeldingVoltage,0,0.0,,2228224,2025-08-11 14:29:44
5984,RobotSimForPA/Global/R1_WeldingVoltage,0,0.0,,2228224,2025-08-11 14:29:45
5985,RobotSimForPA/Global/R1_WeldingVoltage,0,0.0,,2228224,2025-08-11 14:29:46
5986,RobotSimForPA/Global/R1_WeldingVoltage,0,0.0,,2228224,2025-08-11 14:29:47
5987,RobotSimForPA/Global/R1_WeldingVoltage,0,0.0,,2228224,2025-08-11 14:29:48
5988,RobotSimForPA/Global/R1_WeldingVoltage,0,0.0,,2228224,2025-08-11 14:29:49
5989,RobotSimForPA/Global/R1_WeldingVoltage,0,0.0,,2228224,2025-08-11 14:29:50
5990,RobotSimForPA/Global/R1_WeldingVoltage,0,0.0,,2228224,2025-08-11 14:29:51
5991,RobotSimForPA/Global/R1_WeldingVoltage,0,0.0,,2228224,2025-08-11 14:29:52
5992,RobotSimForPA/Global/R1_WeldingVoltage,0,0.0,,2228224,2025-08-11 14:29:53
5993,RobotSimForPA/Global/R1_WeldingVoltage,0,0.0,,2228224,2025-08-11 14:29:54
5994,RobotSimForPA/Global/R1_WeldingVoltage,0,81.3998,,2228224,2025-08-11 14:29:55
5995,RobotSimForPA/Global/R1_WeldingVoltage,0,80.96300000000001,,2228224,2025-08-11 14:29:56
5996,RobotSimForPA/Global/R1_WeldingVoltage,0,43.142700000000005,,2228224,2025-08-11 14:29:57
5997,RobotSimForPA/Global/R1_WeldingVoltage,0,61.7755,,2228224,2025-08-11 14:29:58
5998,RobotSimForPA/Global/R1_WeldingVoltage,0,47.3542,,2228224,2025-08-11 14:29:59
5999,RobotSimForPA/Global/R1_WeldingVoltage,0,47.821200000000005,,2228224,2025-08-11 14:30:00
6000,RobotSimForPA/Global/R1_WeldingVoltage,0,72.6465,,2228224,2025-08-11 14:30:01
6001,RobotSimForPA/Global/R1_WeldingVoltage,0,71.9996,,2228224,2025-08-11 14:30:02
6002,RobotSimForPA/Global/R1_WeldingVoltage,0,44.5005,,2228224,2025-08-11 14:30:03
6003,RobotSimForPA/Global/R1_WeldingVoltage,0,45.1052,,2228224,2025-08-11 14:30:04
6004,RobotSimForPA/Global/R1_WeldingVoltage,0,69.206,,2228224,2025-08-11 14:30:05
6005,RobotSimForPA/Global/R1_WeldingVoltage,0,49.4868,,2228224,2025-08-11 14:30:06
6006,RobotSimForPA/Global/R1_WeldingVoltage,0,67.5446,,2228224,2025-08-11 14:30:07
6007,RobotSimForPA/Global/R1_WeldingVoltage,0,64.1708,,2228224,2025-08-11 14:30:08
6008,RobotSimForPA/Global/R1_WeldingVoltage,0,55.9386,,2228224,2025-08-11 14:30:09
6009,RobotSimForPA/Global/R1_WeldingVoltage,0,65.6174,,2228224,2025-08-11 14:30:10
6010,RobotSimForPA/Global/R1_WeldingVoltage,0,41.532000000000004,,2228224,2025-08-11 14:30:11
6011,RobotSimForPA/Global/R1_WeldingVoltage,0,0.0,,2228224,2025-08-11 14:30:12
6012,RobotSimForPA/Global/R1_WeldingVoltage,0,0.0,,2228224,2025-08-11 14:30:13
6013,RobotSimForPA/Global/R1_WeldingVoltage,0,0.0,,2228224,2025-08-11 14:30:14
6014,RobotSimForPA/Global/R1_WeldingVoltage,0,0.0,,2228224,2025-08-11 14:30:15
6015,RobotSimForPA/Global/R1_WeldingVoltage,0,0.0,,2228224,2025-08-11 14:30:16
6016,RobotSimForPA/Global/R1_WeldingVoltage,0,0.0,,2228224,2025-08-11 14:30:17
6017,RobotSimForPA/Global/R1_WeldingVoltage,0,0.0,,2228224,2025-08-11 14:30:18
6018,RobotSimForPA/Global/R1_WeldingVoltage,0,0.0,,2228224,2025-08-11 14:30:19
6019,RobotSimForPA/Global/R1_WeldingVoltage,0,0.0,,2228224,2025-08-11 14:30:20
6020,RobotSimForPA/Global/R1_WeldingVoltage,0,0.0,,2228224,2025-08-11 14:30:21
6021,RobotSimForPA/Global/R1_WeldingVoltage,0,0.0,,2228224,2025-08-11 14:30:22
6022,RobotSimForPA/Global/R1_WeldingVoltage,0,0.0,,2228224,2025-08-11 14:30:23
6023,RobotSimForPA/Global/R1_WeldingVoltage,0,0.0,,2228224,2025-08-11 14:30:24
6024,RobotSimForPA/Global/R1_WeldingVoltage,0,0.0,,2228224,2025-08-11 14:30:25
6025,RobotSimForPA/Global/R1_WeldingVoltage,0,0.0,,2228224,2025-08-11 14:30:26
6026,RobotSimForPA/Global/R1_WeldingVoltage,0,65.0995,,2228224,2025-08-11 14:30:27
6027,RobotSimForPA/Global/R1_WeldingVoltage,0,42.1467,,2228224,2025-08-11 14:30:28
6028,RobotSimForPA/Global/R1_WeldingVoltage,0,79.7864,,2228224,2025-08-11 14:30:29
6029,RobotSimForPA/Global/R1_WeldingVoltage,0,63.2406,,2228224,2025-08-11 14:30:30
6030,RobotSimForPA/Global/R1_WeldingVoltage,0,60.463100000000004,,2228224,2025-08-11 14:30:31
6031,RobotSimForPA/Global/R1_WeldingVoltage,0,61.0259,,2228224,2025-08-11 14:30:32
6032,RobotSimForPA/Global/R1_WeldingVoltage,0,45.2849,,2228224,2025-08-11 14:30:33
6033,RobotSimForPA/Global/R1_WeldingVoltage,0,66.2129,,2228224,2025-08-11 14:30:34
6034,RobotSimForPA/Global/R1_WeldingVoltage,0,56.8858,,2228224,2025-08-11 14:30:35
6035,RobotSimForPA/Global/R1_WeldingVoltage,0,45.8267,,2228224,2025-08-11 14:30:36
6036,RobotSimForPA/Global/R1_WeldingVoltage,0,44.877300000000005,,2228224,2025-08-11 14:30:37
6037,RobotSimForPA/Global/R1_WeldingVoltage,0,62.4373,,2228224,2025-08-11 14:30:38
6038,RobotSimForPA/Global/R1_WeldingVoltage,0,44.534800000000004,,2228224,2025-08-11 14:30:39
6039,RobotSimForPA/Global/R1_WeldingVoltage,0,46.735400000000006,,2228224,2025-08-11 14:30:40
6040,RobotSimForPA/Global/R1_WeldingVoltage,0,46.8108,,2228224,2025-08-11 14:30:41
6041,RobotSimForPA/Global/R1_WeldingVoltage,0,65.065,,2228224,2025-08-11 14:30:42
6042,RobotSimForPA/Global/R1_WeldingVoltage,0,0.0,,2228224,2025-08-11 14:30:43
6043,RobotSimForPA/Global/R1_WeldingVoltage,0,0.0,,2228224,2025-08-11 14:30:44
6044,RobotSimForPA/Global/R1_WeldingVoltage,0,0.0,,2228224,2025-08-11 14:30:45
6045,RobotSimForPA/Global/R1_WeldingVoltage,0,0.0,,2228224,2025-08-11 14:30:46
6046,RobotSimForPA/Global/R1_WeldingVoltage,0,0.0,,2228224,2025-08-11 14:30:47
6047,RobotSimForPA/Global/R1_WeldingVoltage,0,0.0,,2228224,2025-08-11 14:30:48
6048,RobotSimForPA/Global/R1_WeldingVoltage,0,0.0,,2228224,2025-08-11 14:30:49
6049,RobotSimForPA/Global/R1_WeldingVoltage,0,0.0,,2228224,2025-08-11 14:30:50
6050,RobotSimForPA/Global/R1_WeldingVoltage,0,0.0,,2228224,2025-08-11 14:30:51
6051,RobotSimForPA/Global/R1_WeldingVoltage,0,0.0,,2228224,2025-08-11 14:30:52
6052,RobotSimForPA/Global/R1_WeldingVoltage,0,0.0,,2228224,2025-08-11 14:30:53
6053,RobotSimForPA/Global/R1_WeldingVoltage,0,0.0,,2228224,2025-08-11 14:30:54
6054,RobotSimForPA/Global/R1_WeldingVoltage,0,0.0,,2228224,2025-08-11 14:30:55
6055,RobotSimForPA/Global/R1_WeldingVoltage,0,0.0,,2228224,2025-08-11 14:30:56
6056,RobotSimForPA/Global/R1_WeldingVoltage,0,0.0,,2228224,2025-08-11 14:30:57
6057,RobotSimForPA/Global/R1_WeldingVoltage,0,0.0,,2228224,2025-08-11 14:30:58
6058,RobotSimForPA/Global/R1_WeldingVoltage,0,59.3502,,2228224,2025-08-11 14:30:59
6059,RobotSimForPA/Global/R1_WeldingVoltage,0,61.011100000000006,,2228224,2025-08-11 14:31:00
6060,RobotSimForPA/Global/R1_WeldingVoltage,0,58.6647,,2228224,2025-08-11 14:31:01
6061,RobotSimForPA/Global/R1_WeldingVoltage,0,49.8808,,2228224,2025-08-11 14:31:02
6062,RobotSimForPA/Global/R1_WeldingVoltage,0,43.3678,,2228224,2025-08-11 14:31:03
6063,RobotSimForPA/Global/R1_WeldingVoltage,0,76.3079,,2228224,2025-08-11 14:31:04
6064,RobotSimForPA/Global/R1_WeldingVoltage,0,52.1589,,2228224,2025-08-11 14:31:05
6065,RobotSimForPA/Global/R1_WeldingVoltage,0,51.415800000000004,,2228224,2025-08-11 14:31:06
6066,RobotSimForPA/Global/R1_WeldingVoltage,0,78.9739,,2228224,2025-08-11 14:31:07
6067,RobotSimForPA/Global/R1_WeldingVoltage,0,75.7467,,2228224,2025-08-11 14:31:08
6068,RobotSimForPA/Global/R1_WeldingVoltage,0,55.0026,,2228224,2025-08-11 14:31:09
6069,RobotSimForPA/Global/R1_WeldingVoltage,0,44.783500000000004,,2228224,2025-08-11 14:31:10
6070,RobotSimForPA/Global/R1_WeldingVoltage,0,48.4054,,2228224,2025-08-11 14:31:11
6071,RobotSimForPA/Global/R1_WeldingVoltage,0,46.953700000000005,,2228224,2025-08-11 14:31:12
6072,RobotSimForPA/Global/R1_WeldingVoltage,0,39.4512,,2228224,2025-08-11 14:31:13
6073,RobotSimForPA/Global/R1_WeldingVoltage,0,0.0,,2228224,2025-08-11 14:31:14
6074,RobotSimForPA/Global/R1_WeldingVoltage,0,0.0,,2228224,2025-08-11 14:31:15
6075,RobotSimForPA/Global/R1_WeldingVoltage,0,0.0,,2228224,2025-08-11 14:31:16
6076,RobotSimForPA/Global/R1_WeldingVoltage,0,0.0,,2228224,2025-08-11 14:31:17
6077,RobotSimForPA/Global/R1_WeldingVoltage,0,0.0,,2228224,2025-08-11 14:31:18
6078,RobotSimForPA/Global/R1_WeldingVoltage,0,0.0,,2228224,2025-08-11 14:31:19
6079,RobotSimForPA/Global/R1_WeldingVoltage,0,0.0,,2228224,2025-08-11 14:31:20
6080,RobotSimForPA/Global/R1_WeldingVoltage,0,0.0,,2228224,2025-08-11 14:31:21
6081,RobotSimForPA/Global/R1_WeldingVoltage,0,0.0,,2228224,2025-08-11 14:31:22
6082,RobotSimForPA/Global/R1_WeldingVoltage,0,0.0,,2228224,2025-08-11 14:31:23
6083,RobotSimForPA/Global/R1_WeldingVoltage,0,0.0,,2228224,2025-08-11 14:31:24
6084,RobotSimForPA/Global/R1_WeldingVoltage,0,0.0,,2228224,2025-08-11 14:31:25
6085,RobotSimForPA/Global/R1_WeldingVoltage,0,0.0,,2228224,2025-08-11 14:31:26
6086,RobotSimForPA/Global/R1_WeldingVoltage,0,0.0,,2228224,2025-08-11 14:31:27
6087,RobotSimForPA/Global/R1_WeldingVoltage,0,0.0,,2228224,2025-08-11 14:31:28
6088,RobotSimForPA/Global/R1_WeldingVoltage,0,0.0,,2228224,2025-08-11 14:31:29
6089,RobotSimForPA/Global/R1_WeldingVoltage,0,53.2716,,2228224,2025-08-11 14:31:30
6090,RobotSimForPA/Global/R1_WeldingVoltage,0,57.588800000000006,,2228224,2025-08-11 14:31:31
6091,RobotSimForPA/Global/R1_WeldingVoltage,0,78.6774,,2228224,2025-08-11 14:31:32
6092,RobotSimForPA/Global/R1_WeldingVoltage,0,44.2122,,2228224,2025-08-11 14:31:33
6093,RobotSimForPA/Global/R1_WeldingVoltage,0,49.0446,,2228224,2025-08-11 14:31:34
6094,RobotSimForPA/Global/R1_WeldingVoltage,0,49.1103,,2228224,2025-08-11 14:31:35
6095,RobotSimForPA/Global/R1_WeldingVoltage,0,55.9247,,2228224,2025-08-11 14:31:36
6096,RobotSimForPA/Global/R1_WeldingVoltage,0,73.8874,,2228224,2025-08-11 14:31:37
6097,RobotSimForPA/Global/R1_WeldingVoltage,0,42.7795,,2228224,2025-08-11 14:31:38
6098,RobotSimForPA/Global/R1_WeldingVoltage,0,43.7596,,2228224,2025-08-11 14:31:39
6099,RobotSimForPA/Global/R1_WeldingVoltage,0,75.03190000000001,,2228224,2025-08-11 14:31:40
6100,RobotSimForPA/Global/R1_WeldingVoltage,0,70.90310000000001,,2228224,2025-08-11 14:31:41
6101,RobotSimForPA/Global/R1_WeldingVoltage,0,71.8268,,2228224,2025-08-11 14:31:42
6102,RobotSimForPA/Global/R1_WeldingVoltage,0,41.3943,,2228224,2025-08-11 14:31:43
6103,RobotSimForPA/Global/R1_WeldingVoltage,0,46.737500000000004,,2228224,2025-08-11 14:31:44
6104,RobotSimForPA/Global/R1_WeldingVoltage,0,40.4895,,2228224,2025-08-11 14:31:45
6105,RobotSimForPA/Global/R1_WeldingVoltage,0,0.0,,2228224,2025-08-11 14:31:46
6106,RobotSimForPA/Global/R1_WeldingVoltage,0,0.0,,2228224,2025-08-11 14:31:47
6107,RobotSimForPA/Global/R1_WeldingVoltage,0,0.0,,2228224,2025-08-11 14:31:48
6108,RobotSimForPA/Global/R1_WeldingVoltage,0,0.0,,2228224,2025-08-11 14:31:49
6109,RobotSimForPA/Global/R1_WeldingVoltage,0,0.0,,2228224,2025-08-11 14:31:50
6110,RobotSimForPA/Global/R1_WeldingVoltage,0,0.0,,2228224,2025-08-11 14:31:51
6111,RobotSimForPA/Global/R1_WeldingVoltage,0,0.0,,2228224,2025-08-11 14:31:52
6112,RobotSimForPA/Global/R1_WeldingVoltage,0,0.0,,2228224,2025-08-11 14:31:53
6113,RobotSimForPA/Global/R1_WeldingVoltage,0,0.0,,2228224,2025-08-11 14:31:54
6114,RobotSimForPA/Global/R1_WeldingVoltage,0,0.0,,2228224,2025-08-11 14:31:55
6115,RobotSimForPA/Global/R1_WeldingVoltage,0,0.0,,2228224,2025-08-11 14:31:56
6116,RobotSimForPA/Global/R1_WeldingVoltage,0,0.0,,2228224,2025-08-11 14:31:57
6117,RobotSimForPA/Global/R1_WeldingVoltage,0,0.0,,2228224,2025-08-11 14:31:58
6118,RobotSimForPA/Global/R1_WeldingVoltage,0,0.0,,2228224,2025-08-11 14:31:59
6119,RobotSimForPA/Global/R1_WeldingVoltage,0,0.0,,2228224,2025-08-11 14:32:00
6120,RobotSimForPA/Global/R1_WeldingVoltage,0,0.0,,2228224,2025-08-11 14:32:01
6121,RobotSimForPA/Global/R1_WeldingVoltage,0,47.368100000000005,,2228224,2025-08-11 14:32:02
6122,RobotSimForPA/Global/R1_WeldingVoltage,0,52.4818,,2228224,2025-08-11 14:32:03
6123,RobotSimForPA/Global/R1_WeldingVoltage,0,73.90440000000001,,2228224,2025-08-11 14:32:04
6124,RobotSimForPA/Global/R1_WeldingVoltage,0,73.9012,,2228224,2025-08-11 14:32:05
6125,RobotSimForPA/Global/R1_WeldingVoltage,0,59.9121,,2228224,2025-08-11 14:32:06
6126,RobotSimForPA/Global/R1_WeldingVoltage,0,70.7655,,2228224,2025-08-11 14:32:07
6127,RobotSimForPA/Global/R1_WeldingVoltage,0,65.9952,,2228224,2025-08-11 14:32:08
6128,RobotSimForPA/Global/R1_WeldingVoltage,0,76.8212,,2228224,2025-08-11 14:32:09
6129,RobotSimForPA/Global/R1_WeldingVoltage,0,49.929100000000005,,2228224,2025-08-11 14:32:10
6130,RobotSimForPA/Global/R1_WeldingVoltage,0,47.3806,,2228224,2025-08-11 14:32:11
6131,RobotSimForPA/Global/R1_WeldingVoltage,0,50.7528,,2228224,2025-08-11 14:32:12
6132,RobotSimForPA/Global/R1_WeldingVoltage,0,64.87100000000001,,2228224,2025-08-11 14:32:13
6133,RobotSimForPA/Global/R1_WeldingVoltage,0,48.6179,,2228224,2025-08-11 14:32:14
6134,RobotSimForPA/Global/R1_WeldingVoltage,0,37.6747,,2228224,2025-08-11 14:32:15
6135,RobotSimForPA/Global/R1_WeldingVoltage,0,37.0555,,2228224,2025-08-11 14:32:16
6136,RobotSimForPA/Global/R1_WeldingVoltage,0,53.5444,,2228224,2025-08-11 14:32:17
6137,RobotSimForPA/Global/R1_WeldingVoltage,0,39.6852,,2228224,2025-08-11 14:32:18
6138,RobotSimForPA/Global/R1_WeldingVoltage,0,0.0,,2228224,2025-08-11 14:32:19
6139,RobotSimForPA/Global/R1_WeldingVoltage,0,0.0,,2228224,2025-08-11 14:32:20
6140,RobotSimForPA/Global/R1_WeldingVoltage,0,0.0,,2228224,2025-08-11 14:32:21
6141,RobotSimForPA/Global/R1_WeldingVoltage,0,0.0,,2228224,2025-08-11 14:32:22
6142,RobotSimForPA/Global/R1_WeldingVoltage,0,0.0,,2228224,2025-08-11 14:32:23
6143,RobotSimForPA/Global/R1_WeldingVoltage,0,0.0,,2228224,2025-08-11 14:32:24
6144,RobotSimForPA/Global/R1_WeldingVoltage,0,0.0,,2228224,2025-08-11 14:32:25
6145,RobotSimForPA/Global/R1_WeldingVoltage,0,0.0,,2228224,2025-08-11 14:32:26
6146,RobotSimForPA/Global/R1_WeldingVoltage,0,0.0,,2228224,2025-08-11 14:32:27
6147,RobotSimForPA/Global/R1_WeldingVoltage,0,0.0,,2228224,2025-08-11 14:32:28
6148,RobotSimForPA/Global/R1_WeldingVoltage,0,0.0,,2228224,2025-08-11 14:32:29
6149,RobotSimForPA/Global/R1_WeldingVoltage,0,0.0,,2228224,2025-08-11 14:32:30
6150,RobotSimForPA/Global/R1_WeldingVoltage,0,0.0,,2228224,2025-08-11 14:32:31
6151,RobotSimForPA/Global/R1_WeldingVoltage,0,0.0,,2228224,2025-08-11 14:32:32
6152,RobotSimForPA/Global/R1_WeldingVoltage,0,0.0,,2228224,2025-08-11 14:32:33
6153,RobotSimForPA/Global/R1_WeldingVoltage,0,80.8315,,2228224,2025-08-11 14:32:34
6154,RobotSimForPA/Global/R1_WeldingVoltage,0,67.4192,,2228224,2025-08-11 14:32:35
6155,RobotSimForPA/Global/R1_WeldingVoltage,0,59.7956,,2228224,2025-08-11 14:32:36
6156,RobotSimForPA/Global/R1_WeldingVoltage,0,76.4595,,2228224,2025-08-11 14:32:37
6157,RobotSimForPA/Global/R1_WeldingVoltage,0,61.2595,,2228224,2025-08-11 14:32:38
6158,RobotSimForPA/Global/R1_WeldingVoltage,0,50.5718,,2228224,2025-08-11 14:32:39
6159,RobotSimForPA/Global/R1_WeldingVoltage,0,49.8947,,2228224,2025-08-11 14:32:40
6160,RobotSimForPA/Global/R1_WeldingVoltage,0,46.0257,,2228224,2025-08-11 14:32:41
6161,RobotSimForPA/Global/R1_WeldingVoltage,0,62.9309,,2228224,2025-08-11 14:32:42
6162,RobotSimForPA/Global/R1_WeldingVoltage,0,55.5906,,2228224,2025-08-11 14:32:43
6163,RobotSimForPA/Global/R1_WeldingVoltage,0,42.6407,,2228224,2025-08-11 14:32:44
6164,RobotSimForPA/Global/R1_WeldingVoltage,0,56.0067,,2228224,2025-08-11 14:32:45
6165,RobotSimForPA/Global/R1_WeldingVoltage,0,55.9118,,2228224,2025-08-11 14:32:46
6166,RobotSimForPA/Global/R1_WeldingVoltage,0,48.9925,,2228224,2025-08-11 14:32:47
6167,RobotSimForPA/Global/R1_WeldingVoltage,0,0.0,,2228224,2025-08-11 14:32:48
6168,RobotSimForPA/Global/R1_WeldingVoltage,0,0.0,,2228224,2025-08-11 14:32:49
6169,RobotSimForPA/Global/R1_WeldingVoltage,0,0.0,,2228224,2025-08-11 14:32:50
6170,RobotSimForPA/Global/R1_WeldingVoltage,0,0.0,,2228224,2025-08-11 14:32:51
6171,RobotSimForPA/Global/R1_WeldingVoltage,0,0.0,,2228224,2025-08-11 14:32:52
6172,RobotSimForPA/Global/R1_WeldingVoltage,0,0.0,,2228224,2025-08-11 14:32:53
6173,RobotSimForPA/Global/R1_WeldingVoltage,0,0.0,,2228224,2025-08-11 14:32:54
6174,RobotSimForPA/Global/R1_WeldingVoltage,0,0.0,,2228224,2025-08-11 14:32:55
6175,RobotSimForPA/Global/R1_WeldingVoltage,0,0.0,,2228224,2025-08-11 14:32:56
6176,RobotSimForPA/Global/R1_WeldingVoltage,0,0.0,,2228224,2025-08-11 14:32:57
6177,RobotSimForPA/Global/R1_WeldingVoltage,0,0.0,,2228224,2025-08-11 14:32:58
6178,RobotSimForPA/Global/R1_WeldingVoltage,0,0.0,,2228224,2025-08-11 14:32:59
6179,RobotSimForPA/Global/R1_WeldingVoltage,0,0.0,,2228224,2025-08-11 14:33:00
6180,RobotSimForPA/Global/R1_WeldingVoltage,0,0.0,,2228224,2025-08-11 14:33:01
6181,RobotSimForPA/Global/R1_WeldingVoltage,0,0.0,,2228224,2025-08-11 14:33:02
6182,RobotSimForPA/Global/R1_WeldingVoltage,0,0.0,,2228224,2025-08-11 14:33:03
6183,RobotSimForPA/Global/R1_WeldingVoltage,0,58.003600000000006,,2228224,2025-08-11 14:33:04
6184,RobotSimForPA/Global/R1_WeldingVoltage,0,61.2639,,2228224,2025-08-11 14:33:05
6185,RobotSimForPA/Global/R1_WeldingVoltage,0,74.7505,,2228224,2025-08-11 14:33:06
6186,RobotSimForPA/Global/R1_WeldingVoltage,0,52.770500000000006,,2228224,2025-08-11 14:33:07
6187,RobotSimForPA/Global/R1_WeldingVoltage,0,46.915600000000005,,2228224,2025-08-11 14:33:08
6188,RobotSimForPA/Global/R1_WeldingVoltage,0,46.9101,,2228224,2025-08-11 14:33:09
6189,RobotSimForPA/Global/R1_WeldingVoltage,0,59.585100000000004,,2228224,2025-08-11 14:33:10
6190,RobotSimForPA/Global/R1_WeldingVoltage,0,61.1422,,2228224,2025-08-11 14:33:11
6191,RobotSimForPA/Global/R1_WeldingVoltage,0,69.5933,,2228224,2025-08-11 14:33:12
6192,RobotSimForPA/Global/R1_WeldingVoltage,0,62.250400000000006,,2228224,2025-08-11 14:33:13
6193,RobotSimForPA/Global/R1_WeldingVoltage,0,39.7018,,2228224,2025-08-11 14:33:14
6194,RobotSimForPA/Global/R1_WeldingVoltage,0,39.1756,,2228224,2025-08-11 14:33:15
6195,RobotSimForPA/Global/R1_WeldingVoltage,0,48.3339,,2228224,2025-08-11 14:33:16
6196,RobotSimForPA/Global/R1_WeldingVoltage,0,59.405800000000006,,2228224,2025-08-11 14:33:17
6197,RobotSimForPA/Global/R1_WeldingVoltage,0,0.0,,2228224,2025-08-11 14:33:18
6198,RobotSimForPA/Global/R1_WeldingVoltage,0,0.0,,2228224,2025-08-11 14:33:19
6199,RobotSimForPA/Global/R1_WeldingVoltage,0,0.0,,2228224,2025-08-11 14:33:20
6200,RobotSimForPA/Global/R1_WeldingVoltage,0,0.0,,2228224,2025-08-11 14:33:21
6201,RobotSimForPA/Global/R1_WeldingVoltage,0,0.0,,2228224,2025-08-11 14:33:22
6202,RobotSimForPA/Global/R1_WeldingVoltage,0,0.0,,2228224,2025-08-11 14:33:23
6203,RobotSimForPA/Global/R1_WeldingVoltage,0,0.0,,2228224,2025-08-11 14:33:24
6204,RobotSimForPA/Global/R1_WeldingVoltage,0,0.0,,2228224,2025-08-11 14:33:25
6205,RobotSimForPA/Global/R1_WeldingVoltage,0,0.0,,2228224,2025-08-11 14:33:26
6206,RobotSimForPA/Global/R1_WeldingVoltage,0,0.0,,2228224,2025-08-11 14:33:27
6207,RobotSimForPA/Global/R1_WeldingVoltage,0,0.0,,2228224,2025-08-11 14:33:28
6208,RobotSimForPA/Global/R1_WeldingVoltage,0,0.0,,2228224,2025-08-11 14:33:29
6209,RobotSimForPA/Global/R1_WeldingVoltage,0,0.0,,2228224,2025-08-11 14:33:30
6210,RobotSimForPA/Global/R1_WeldingVoltage,0,0.0,,2228224,2025-08-11 14:33:31
6211,RobotSimForPA/Global/R1_WeldingVoltage,0,0.0,,2228224,2025-08-11 14:33:32
6212,RobotSimForPA/Global/R1_WeldingVoltage,0,0.0,,2228224,2025-08-11 14:33:33
6213,RobotSimForPA/Global/R1_WeldingVoltage,0,65.6554,,2228224,2025-08-11 14:33:34
6214,RobotSimForPA/Global/R1_WeldingVoltage,0,61.115300000000005,,2228224,2025-08-11 14:33:35
6215,RobotSimForPA/Global/R1_WeldingVoltage,0,57.339400000000005,,2228224,2025-08-11 14:33:36
6216,RobotSimForPA/Global/R1_WeldingVoltage,0,74.16720000000001,,2228224,2025-08-11 14:33:37
6217,RobotSimForPA/Global/R1_WeldingVoltage,0,74.809,,2228224,2025-08-11 14:33:38
6218,RobotSimForPA/Global/R1_WeldingVoltage,0,54.084300000000006,,2228224,2025-08-11 14:33:39
6219,RobotSimForPA/Global/R1_WeldingVoltage,0,58.2884,,2228224,2025-08-11 14:33:40
6220,RobotSimForPA/Global/R1_WeldingVoltage,0,70.3664,,2228224,2025-08-11 14:33:41
6221,RobotSimForPA/Global/R1_WeldingVoltage,0,59.377900000000004,,2228224,2025-08-11 14:33:42
6222,RobotSimForPA/Global/R1_WeldingVoltage,0,41.2988,,2228224,2025-08-11 14:33:43
6223,RobotSimForPA/Global/R1_WeldingVoltage,0,40.322500000000005,,2228224,2025-08-11 14:33:44
6224,RobotSimForPA/Global/R1_WeldingVoltage,0,50.5752,,2228224,2025-08-11 14:33:45
6225,RobotSimForPA/Global/R1_WeldingVoltage,0,39.6312,,2228224,2025-08-11 14:33:46
6226,RobotSimForPA/Global/R1_WeldingVoltage,0,45.092400000000005,,2228224,2025-08-11 14:33:47
6227,RobotSimForPA/Global/R1_WeldingVoltage,0,46.347,,2228224,2025-08-11 14:33:48
6228,RobotSimForPA/Global/R1_WeldingVoltage,0,66.7489,,2228224,2025-08-11 14:33:49
6229,RobotSimForPA/Global/R1_WeldingVoltage,0,0.0,,2228224,2025-08-11 14:33:50
6230,RobotSimForPA/Global/R1_WeldingVoltage,0,0.0,,2228224,2025-08-11 14:33:51
6231,RobotSimForPA/Global/R1_WeldingVoltage,0,0.0,,2228224,2025-08-11 14:33:52
6232,RobotSimForPA/Global/R1_WeldingVoltage,0,0.0,,2228224,2025-08-11 14:33:53
6233,RobotSimForPA/Global/R1_WeldingVoltage,0,0.0,,2228224,2025-08-11 14:33:54
6234,RobotSimForPA/Global/R1_WeldingVoltage,0,0.0,,2228224,2025-08-11 14:33:55
6235,RobotSimForPA/Global/R1_WeldingVoltage,0,0.0,,2228224,2025-08-11 14:33:56
6236,RobotSimForPA/Global/R1_WeldingVoltage,0,0.0,,2228224,2025-08-11 14:33:57
6237,RobotSimForPA/Global/R1_WeldingVoltage,0,0.0,,2228224,2025-08-11 14:33:58
6238,RobotSimForPA/Global/R1_WeldingVoltage,0,0.0,,2228224,2025-08-11 14:33:59
6239,RobotSimForPA/Global/R1_WeldingVoltage,0,0.0,,2228224,2025-08-11 14:34:00
6240,RobotSimForPA/Global/R1_WeldingVoltage,0,0.0,,2228224,2025-08-11 14:34:01
6241,RobotSimForPA/Global/R1_WeldingVoltage,0,0.0,,2228224,2025-08-11 14:34:02
6242,RobotSimForPA/Global/R1_WeldingVoltage,0,0.0,,2228224,2025-08-11 14:34:03
6243,RobotSimForPA/Global/R1_WeldingVoltage,0,0.0,,2228224,2025-08-11 14:34:04
6244,RobotSimForPA/Global/R1_WeldingVoltage,0,0.0,,2228224,2025-08-11 14:34:05
6245,RobotSimForPA/Global/R1_WeldingVoltage,0,0.0,,2228224,2025-08-11 14:34:06
6246,RobotSimForPA/Global/R1_WeldingVoltage,0,76.5417,,2228224,2025-08-11 14:34:07
6247,RobotSimForPA/Global/R1_WeldingVoltage,0,67.8859,,2228224,2025-08-11 14:34:08
6248,RobotSimForPA/Global/R1_WeldingVoltage,0,70.1063,,2228224,2025-08-11 14:34:09
6249,RobotSimForPA/Global/R1_WeldingVoltage,0,51.7044,,2228224,2025-08-11 14:34:10
6250,RobotSimForPA/Global/R1_WeldingVoltage,0,51.9129,,2228224,2025-08-11 14:34:11
6251,RobotSimForPA/Global/R1_WeldingVoltage,0,54.750600000000006,,2228224,2025-08-11 14:34:12
6252,RobotSimForPA/Global/R1_WeldingVoltage,0,71.6533,,2228224,2025-08-11 14:34:13
6253,RobotSimForPA/Global/R1_WeldingVoltage,0,68.8088,,2228224,2025-08-11 14:34:14
6254,RobotSimForPA/Global/R1_WeldingVoltage,0,63.681400000000004,,2228224,2025-08-11 14:34:15
6255,RobotSimForPA/Global/R1_WeldingVoltage,0,62.7697,,2228224,2025-08-11 14:34:16
6256,RobotSimForPA/Global/R1_WeldingVoltage,0,71.07600000000001,,2228224,2025-08-11 14:34:17
6257,RobotSimForPA/Global/R1_WeldingVoltage,0,39.7554,,2228224,2025-08-11 14:34:18
6258,RobotSimForPA/Global/R1_WeldingVoltage,0,38.9816,,2228224,2025-08-11 14:34:19
6259,RobotSimForPA/Global/R1_WeldingVoltage,0,69.7026,,2228224,2025-08-11 14:34:20
6260,RobotSimForPA/Global/R1_WeldingVoltage,0,36.9423,,2228224,2025-08-11 14:34:21
6261,RobotSimForPA/Global/R1_WeldingVoltage,0,44.1848,,2228224,2025-08-11 14:34:22
6262,RobotSimForPA/Global/R1_WeldingVoltage,0,0.0,,2228224,2025-08-11 14:34:23
6263,RobotSimForPA/Global/R1_WeldingVoltage,0,0.0,,2228224,2025-08-11 14:34:24
6264,RobotSimForPA/Global/R1_WeldingVoltage,0,0.0,,2228224,2025-08-11 14:34:25
6265,RobotSimForPA/Global/R1_WeldingVoltage,0,0.0,,2228224,2025-08-11 14:34:26
6266,RobotSimForPA/Global/R1_WeldingVoltage,0,0.0,,2228224,2025-08-11 14:34:27
6267,RobotSimForPA/Global/R1_WeldingVoltage,0,0.0,,2228224,2025-08-11 14:34:28
6268,RobotSimForPA/Global/R1_WeldingVoltage,0,0.0,,2228224,2025-08-11 14:34:29
6269,RobotSimForPA/Global/R1_WeldingVoltage,0,0.0,,2228224,2025-08-11 14:34:30
6270,RobotSimForPA/Global/R1_WeldingVoltage,0,0.0,,2228224,2025-08-11 14:34:31
6271,RobotSimForPA/Global/R1_WeldingVoltage,0,0.0,,2228224,2025-08-11 14:34:32
6272,RobotSimForPA/Global/R1_WeldingVoltage,0,0.0,,2228224,2025-08-11 14:34:33
6273,RobotSimForPA/Global/R1_WeldingVoltage,0,0.0,,2228224,2025-08-11 14:34:34
6274,RobotSimForPA/Global/R1_WeldingVoltage,0,0.0,,2228224,2025-08-11 14:34:35
6275,RobotSimForPA/Global/R1_WeldingVoltage,0,0.0,,2228224,2025-08-11 14:34:36
6276,RobotSimForPA/Global/R1_WeldingVoltage,0,0.0,,2228224,2025-08-11 14:34:37
6277,RobotSimForPA/Global/R1_WeldingVoltage,0,0.0,,2228224,2025-08-11 14:34:38
6278,RobotSimForPA/Global/R1_WeldingVoltage,0,46.9194,,2228224,2025-08-11 14:34:39
6279,RobotSimForPA/Global/R1_WeldingVoltage,0,46.4745,,2228224,2025-08-11 14:34:40
6280,RobotSimForPA/Global/R1_WeldingVoltage,0,81.8053,,2228224,2025-08-11 14:34:41
6281,RobotSimForPA/Global/R1_WeldingVoltage,0,61.0437,,2228224,2025-08-11 14:34:42
6282,RobotSimForPA/Global/R1_WeldingVoltage,0,61.64660000000001,,2228224,2025-08-11 14:34:43
6283,RobotSimForPA/Global/R1_WeldingVoltage,0,68.75370000000001,,2228224,2025-08-11 14:34:44
6284,RobotSimForPA/Global/R1_WeldingVoltage,0,51.8487,,2228224,2025-08-11 14:34:45
6285,RobotSimForPA/Global/R1_WeldingVoltage,0,72.6079,,2228224,2025-08-11 14:34:46
6286,RobotSimForPA/Global/R1_WeldingVoltage,0,75.1267,,2228224,2025-08-11 14:34:47
6287,RobotSimForPA/Global/R1_WeldingVoltage,0,75.2219,,2228224,2025-08-11 14:34:48
6288,RobotSimForPA/Global/R1_WeldingVoltage,0,75.3502,,2228224,2025-08-11 14:34:49
6289,RobotSimForPA/Global/R1_WeldingVoltage,0,65.5244,,2228224,2025-08-11 14:34:50
6290,RobotSimForPA/Global/R1_WeldingVoltage,0,61.394800000000004,,2228224,2025-08-11 14:34:51
6291,RobotSimForPA/Global/R1_WeldingVoltage,0,57.731300000000005,,2228224,2025-08-11 14:34:52
6292,RobotSimForPA/Global/R1_WeldingVoltage,0,44.341,,2228224,2025-08-11 14:34:53
6293,RobotSimForPA/Global/R1_WeldingVoltage,0,39.3378,,2228224,2025-08-11 14:34:54
6294,RobotSimForPA/Global/R1_WeldingVoltage,0,0.0,,2228224,2025-08-11 14:34:55
6295,RobotSimForPA/Global/R1_WeldingVoltage,0,0.0,,2228224,2025-08-11 14:34:56
6296,RobotSimForPA/Global/R1_WeldingVoltage,0,0.0,,2228224,2025-08-11 14:34:57
6297,RobotSimForPA/Global/R1_WeldingVoltage,0,0.0,,2228224,2025-08-11 14:34:58
6298,RobotSimForPA/Global/R1_WeldingVoltage,0,0.0,,2228224,2025-08-11 14:34:59
6299,RobotSimForPA/Global/R1_WeldingVoltage,0,0.0,,2228224,2025-08-11 14:35:00
6300,RobotSimForPA/Global/R1_WeldingVoltage,0,0.0,,2228224,2025-08-11 14:35:01
6301,RobotSimForPA/Global/R1_WeldingVoltage,0,0.0,,2228224,2025-08-11 14:35:02
6302,RobotSimForPA/Global/R1_WeldingVoltage,0,0.0,,2228224,2025-08-11 14:35:03
6303,RobotSimForPA/Global/R1_WeldingVoltage,0,0.0,,2228224,2025-08-11 14:35:04
6304,RobotSimForPA/Global/R1_WeldingVoltage,0,0.0,,2228224,2025-08-11 14:35:05
6305,RobotSimForPA/Global/R1_WeldingVoltage,0,0.0,,2228224,2025-08-11 14:35:06
6306,RobotSimForPA/Global/R1_WeldingVoltage,0,0.0,,2228224,2025-08-11 14:35:07
6307,RobotSimForPA/Global/R1_WeldingVoltage,0,0.0,,2228224,2025-08-11 14:35:08
6308,RobotSimForPA/Global/R1_WeldingVoltage,0,0.0,,2228224,2025-08-11 14:35:09
6309,RobotSimForPA/Global/R1_WeldingVoltage,0,0.0,,2228224,2025-08-11 14:35:10
6310,RobotSimForPA/Global/R1_WeldingVoltage,0,76.4781,,2228224,2025-08-11 14:35:11
6311,RobotSimForPA/Global/R1_WeldingVoltage,0,77.43560000000001,,2228224,2025-08-11 14:35:12
6312,RobotSimForPA/Global/R1_WeldingVoltage,0,75.2578,,2228224,2025-08-11 14:35:13
6313,RobotSimForPA/Global/R1_WeldingVoltage,0,65.539,,2228224,2025-08-11 14:35:14
6314,RobotSimForPA/Global/R1_WeldingVoltage,0,77.0963,,2228224,2025-08-11 14:35:15
6315,RobotSimForPA/Global/R1_WeldingVoltage,0,78.0158,,2228224,2025-08-11 14:35:16
6316,RobotSimForPA/Global/R1_WeldingVoltage,0,68.3101,,2228224,2025-08-11 14:35:17
6317,RobotSimForPA/Global/R1_WeldingVoltage,0,66.7702,,2228224,2025-08-11 14:35:18
6318,RobotSimForPA/Global/R1_WeldingVoltage,0,73.01910000000001,,2228224,2025-08-11 14:35:19
6319,RobotSimForPA/Global/R1_WeldingVoltage,0,42.8988,,2228224,2025-08-11 14:35:20
6320,RobotSimForPA/Global/R1_WeldingVoltage,0,44.134800000000006,,2228224,2025-08-11 14:35:21
6321,RobotSimForPA/Global/R1_WeldingVoltage,0,39.926700000000004,,2228224,2025-08-11 14:35:22
6322,RobotSimForPA/Global/R1_WeldingVoltage,0,49.3498,,2228224,2025-08-11 14:35:23
6323,RobotSimForPA/Global/R1_WeldingVoltage,0,47.3519,,2228224,2025-08-11 14:35:24
6324,RobotSimForPA/Global/R1_WeldingVoltage,0,65.22460000000001,,2228224,2025-08-11 14:35:25
6325,RobotSimForPA/Global/R1_WeldingVoltage,0,41.521100000000004,,2228224,2025-08-11 14:35:26
6326,RobotSimForPA/Global/R1_WeldingVoltage,0,0.0,,2228224,2025-08-11 14:35:27
6327,RobotSimForPA/Global/R1_WeldingVoltage,0,0.0,,2228224,2025-08-11 14:35:28
6328,RobotSimForPA/Global/R1_WeldingVoltage,0,0.0,,2228224,2025-08-11 14:35:29
6329,RobotSimForPA/Global/R1_WeldingVoltage,0,0.0,,2228224,2025-08-11 14:35:30
6330,RobotSimForPA/Global/R1_WeldingVoltage,0,0.0,,2228224,2025-08-11 14:35:31
6331,RobotSimForPA/Global/R1_WeldingVoltage,0,0.0,,2228224,2025-08-11 14:35:32
6332,RobotSimForPA/Global/R1_WeldingVoltage,0,0.0,,2228224,2025-08-11 14:35:33
6333,RobotSimForPA/Global/R1_WeldingVoltage,0,0.0,,2228224,2025-08-11 14:35:34
6334,RobotSimForPA/Global/R1_WeldingVoltage,0,0.0,,2228224,2025-08-11 14:35:35
6335,RobotSimForPA/Global/R1_WeldingVoltage,0,0.0,,2228224,2025-08-11 14:35:36
6336,RobotSimForPA/Global/R1_WeldingVoltage,0,0.0,,2228224,2025-08-11 14:35:37
6337,RobotSimForPA/Global/R1_WeldingVoltage,0,0.0,,2228224,2025-08-11 14:35:38
6338,RobotSimForPA/Global/R1_WeldingVoltage,0,0.0,,2228224,2025-08-11 14:35:39
6339,RobotSimForPA/Global/R1_WeldingVoltage,0,0.0,,2228224,2025-08-11 14:35:40
6340,RobotSimForPA/Global/R1_WeldingVoltage,0,0.0,,2228224,2025-08-11 14:35:41
6341,RobotSimForPA/Global/R1_WeldingVoltage,0,0.0,,2228224,2025-08-11 14:35:42
6342,RobotSimForPA/Global/R1_WeldingVoltage,0,56.718,,2228224,2025-08-11 14:35:43
6343,RobotSimForPA/Global/R1_WeldingVoltage,0,75.2345,,2228224,2025-08-11 14:35:44
6344,RobotSimForPA/Global/R1_WeldingVoltage,0,74.6547,,2228224,2025-08-11 14:35:45
6345,RobotSimForPA/Global/R1_WeldingVoltage,0,60.088800000000006,,2228224,2025-08-11 14:35:46
6346,RobotSimForPA/Global/R1_WeldingVoltage,0,58.272400000000005,,2228224,2025-08-11 14:35:47
6347,RobotSimForPA/Global/R1_WeldingVoltage,0,61.865700000000004,,2228224,2025-08-11 14:35:48
6348,RobotSimForPA/Global/R1_WeldingVoltage,0,49.633500000000005,,2228224,2025-08-11 14:35:49
6349,RobotSimForPA/Global/R1_WeldingVoltage,0,68.6701,,2228224,2025-08-11 14:35:50
6350,RobotSimForPA/Global/R1_WeldingVoltage,0,58.0747,,2228224,2025-08-11 14:35:51
6351,RobotSimForPA/Global/R1_WeldingVoltage,0,57.9339,,2228224,2025-08-11 14:35:52
6352,RobotSimForPA/Global/R1_WeldingVoltage,0,57.492900000000006,,2228224,2025-08-11 14:35:53
6353,RobotSimForPA/Global/R1_WeldingVoltage,0,43.128800000000005,,2228224,2025-08-11 14:35:54
6354,RobotSimForPA/Global/R1_WeldingVoltage,0,57.449600000000004,,2228224,2025-08-11 14:35:55
6355,RobotSimForPA/Global/R1_WeldingVoltage,0,57.2105,,2228224,2025-08-11 14:35:56
6356,RobotSimForPA/Global/R1_WeldingVoltage,0,59.1651,,2228224,2025-08-11 14:35:57
6357,RobotSimForPA/Global/R1_WeldingVoltage,0,56.9089,,2228224,2025-08-11 14:35:58
6358,RobotSimForPA/Global/R1_WeldingVoltage,0,0.0,,2228224,2025-08-11 14:35:59
6359,RobotSimForPA/Global/R1_WeldingVoltage,0,0.0,,2228224,2025-08-11 14:36:00
6360,RobotSimForPA/Global/R1_WeldingVoltage,0,0.0,,2228224,2025-08-11 14:36:01
6361,RobotSimForPA/Global/R1_WeldingVoltage,0,0.0,,2228224,2025-08-11 14:36:02
6362,RobotSimForPA/Global/R1_WeldingVoltage,0,0.0,,2228224,2025-08-11 14:36:03
6363,RobotSimForPA/Global/R1_WeldingVoltage,0,0.0,,2228224,2025-08-11 14:36:04
6364,RobotSimForPA/Global/R1_WeldingVoltage,0,0.0,,2228224,2025-08-11 14:36:05
6365,RobotSimForPA/Global/R1_WeldingVoltage,0,0.0,,2228224,2025-08-11 14:36:06
6366,RobotSimForPA/Global/R1_WeldingVoltage,0,0.0,,2228224,2025-08-11 14:36:07
6367,RobotSimForPA/Global/R1_WeldingVoltage,0,0.0,,2228224,2025-08-11 14:36:08
6368,RobotSimForPA/Global/R1_WeldingVoltage,0,0.0,,2228224,2025-08-11 14:36:09
6369,RobotSimForPA/Global/R1_WeldingVoltage,0,0.0,,2228224,2025-08-11 14:36:10
6370,RobotSimForPA/Global/R1_WeldingVoltage,0,0.0,,2228224,2025-08-11 14:36:11
6371,RobotSimForPA/Global/R1_WeldingVoltage,0,0.0,,2228224,2025-08-11 14:36:12
6372,RobotSimForPA/Global/R1_WeldingVoltage,0,0.0,,2228224,2025-08-11 14:36:13
6373,RobotSimForPA/Global/R1_WeldingVoltage,0,0.0,,2228224,2025-08-11 14:36:14
6374,RobotSimForPA/Global/R1_WeldingVoltage,0,55.3237,,2228224,2025-08-11 14:36:15
6375,RobotSimForPA/Global/R1_WeldingVoltage,0,56.3618,,2228224,2025-08-11 14:36:16
6376,RobotSimForPA/Global/R1_WeldingVoltage,0,77.4113,,2228224,2025-08-11 14:36:17
6377,RobotSimForPA/Global/R1_WeldingVoltage,0,45.0452,,2228224,2025-08-11 14:36:18
6378,RobotSimForPA/Global/R1_WeldingVoltage,0,55.120900000000006,,2228224,2025-08-11 14:36:19
6379,RobotSimForPA/Global/R1_WeldingVoltage,0,80.6452,,2228224,2025-08-11 14:36:20
6380,RobotSimForPA/Global/R1_WeldingVoltage,0,58.4587,,2228224,2025-08-11 14:36:21
6381,RobotSimForPA/Global/R1_WeldingVoltage,0,57.5719,,2228224,2025-08-11 14:36:22
6382,RobotSimForPA/Global/R1_WeldingVoltage,0,49.2261,,2228224,2025-08-11 14:36:23
6383,RobotSimForPA/Global/R1_WeldingVoltage,0,45.589,,2228224,2025-08-11 14:36:24
6384,RobotSimForPA/Global/R1_WeldingVoltage,0,59.3781,,2228224,2025-08-11 14:36:25
6385,RobotSimForPA/Global/R1_WeldingVoltage,0,54.531000000000006,,2228224,2025-08-11 14:36:26
6386,RobotSimForPA/Global/R1_WeldingVoltage,0,56.373000000000005,,2228224,2025-08-11 14:36:27
6387,RobotSimForPA/Global/R1_WeldingVoltage,0,56.6695,,2228224,2025-08-11 14:36:28
6388,RobotSimForPA/Global/R1_WeldingVoltage,0,38.1409,,2228224,2025-08-11 14:36:29
6389,RobotSimForPA/Global/R1_WeldingVoltage,0,36.4168,,2228224,2025-08-11 14:36:30
6390,RobotSimForPA/Global/R1_WeldingVoltage,0,50.1556,,2228224,2025-08-11 14:36:31
6391,RobotSimForPA/Global/R1_WeldingVoltage,0,0.0,,2228224,2025-08-11 14:36:32
6392,RobotSimForPA/Global/R1_WeldingVoltage,0,0.0,,2228224,2025-08-11 14:36:33
6393,RobotSimForPA/Global/R1_WeldingVoltage,0,0.0,,2228224,2025-08-11 14:36:34
6394,RobotSimForPA/Global/R1_WeldingVoltage,0,0.0,,2228224,2025-08-11 14:36:35
6395,RobotSimForPA/Global/R1_WeldingVoltage,0,0.0,,2228224,2025-08-11 14:36:36
6396,RobotSimForPA/Global/R1_WeldingVoltage,0,0.0,,2228224,2025-08-11 14:36:37
6397,RobotSimForPA/Global/R1_WeldingVoltage,0,0.0,,2228224,2025-08-11 14:36:38
6398,RobotSimForPA/Global/R1_WeldingVoltage,0,0.0,,2228224,2025-08-11 14:36:39
6399,RobotSimForPA/Global/R1_WeldingVoltage,0,0.0,,2228224,2025-08-11 14:36:40
6400,RobotSimForPA/Global/R1_WeldingVoltage,0,0.0,,2228224,2025-08-11 14:36:41
6401,RobotSimForPA/Global/R1_WeldingVoltage,0,0.0,,2228224,2025-08-11 14:36:42
6402,RobotSimForPA/Global/R1_WeldingVoltage,0,0.0,,2228224,2025-08-11 14:36:43
6403,RobotSimForPA/Global/R1_WeldingVoltage,0,0.0,,2228224,2025-08-11 14:36:44
6404,RobotSimForPA/Global/R1_WeldingVoltage,0,0.0,,2228224,2025-08-11 14:36:45
6405,RobotSimForPA/Global/R1_WeldingVoltage,0,0.0,,2228224,2025-08-11 14:36:46
6406,RobotSimForPA/Global/R1_WeldingVoltage,0,0.0,,2228224,2025-08-11 14:36:47
6407,RobotSimForPA/Global/R1_WeldingVoltage,0,42.7642,,2228224,2025-08-11 14:36:48
6408,RobotSimForPA/Global/R1_WeldingVoltage,0,66.8492,,2228224,2025-08-11 14:36:49
6409,RobotSimForPA/Global/R1_WeldingVoltage,0,79.3635,,2228224,2025-08-11 14:36:50
6410,RobotSimForPA/Global/R1_WeldingVoltage,0,78.3745,,2228224,2025-08-11 14:36:51
6411,RobotSimForPA/Global/R1_WeldingVoltage,0,44.2795,,2228224,2025-08-11 14:36:52
6412,RobotSimForPA/Global/R1_WeldingVoltage,0,58.281400000000005,,2228224,2025-08-11 14:36:53
6413,RobotSimForPA/Global/R1_WeldingVoltage,0,65.4133,,2228224,2025-08-11 14:36:54
6414,RobotSimForPA/Global/R1_WeldingVoltage,0,66.808,,2228224,2025-08-11 14:36:55
6415,RobotSimForPA/Global/R1_WeldingVoltage,0,68.4034,,2228224,2025-08-11 14:36:56
6416,RobotSimForPA/Global/R1_WeldingVoltage,0,61.8791,,2228224,2025-08-11 14:36:57
6417,RobotSimForPA/Global/R1_WeldingVoltage,0,63.526900000000005,,2228224,2025-08-11 14:36:58
6418,RobotSimForPA/Global/R1_WeldingVoltage,0,62.7012,,2228224,2025-08-11 14:36:59
6419,RobotSimForPA/Global/R1_WeldingVoltage,0,49.6986,,2228224,2025-08-11 14:37:00
6420,RobotSimForPA/Global/R1_WeldingVoltage,0,57.305,,2228224,2025-08-11 14:37:01
6421,RobotSimForPA/Global/R1_WeldingVoltage,0,54.9123,,2228224,2025-08-11 14:37:02
6422,RobotSimForPA/Global/R1_WeldingVoltage,0,49.6496,,2228224,2025-08-11 14:37:03
6423,RobotSimForPA/Global/R1_WeldingVoltage,0,0.0,,2228224,2025-08-11 14:37:04
6424,RobotSimForPA/Global/R1_WeldingVoltage,0,0.0,,2228224,2025-08-11 14:37:05
6425,RobotSimForPA/Global/R1_WeldingVoltage,0,0.0,,2228224,2025-08-11 14:37:06
6426,RobotSimForPA/Global/R1_WeldingVoltage,0,0.0,,2228224,2025-08-11 14:37:07
6427,RobotSimForPA/Global/R1_WeldingVoltage,0,0.0,,2228224,2025-08-11 14:37:08
6428,RobotSimForPA/Global/R1_WeldingVoltage,0,0.0,,2228224,2025-08-11 14:37:09
6429,RobotSimForPA/Global/R1_WeldingVoltage,0,0.0,,2228224,2025-08-11 14:37:10
6430,RobotSimForPA/Global/R1_WeldingVoltage,0,0.0,,2228224,2025-08-11 14:37:11
6431,RobotSimForPA/Global/R1_WeldingVoltage,0,0.0,,2228224,2025-08-11 14:37:12
6432,RobotSimForPA/Global/R1_WeldingVoltage,0,0.0,,2228224,2025-08-11 14:37:13
6433,RobotSimForPA/Global/R1_WeldingVoltage,0,0.0,,2228224,2025-08-11 14:37:14
6434,RobotSimForPA/Global/R1_WeldingVoltage,0,0.0,,2228224,2025-08-11 14:37:15
6435,RobotSimForPA/Global/R1_WeldingVoltage,0,0.0,,2228224,2025-08-11 14:37:16
6436,RobotSimForPA/Global/R1_WeldingVoltage,0,0.0,,2228224,2025-08-11 14:37:17
6437,RobotSimForPA/Global/R1_WeldingVoltage,0,0.0,,2228224,2025-08-11 14:37:18
6438,RobotSimForPA/Global/R1_WeldingVoltage,0,0.0,,2228224,2025-08-11 14:37:19
6439,RobotSimForPA/Global/R1_WeldingVoltage,0,59.1967,,2228224,2025-08-11 14:37:20
6440,RobotSimForPA/Global/R1_WeldingVoltage,0,65.8144,,2228224,2025-08-11 14:37:21
6441,RobotSimForPA/Global/R1_WeldingVoltage,0,55.660500000000006,,2228224,2025-08-11 14:37:22
6442,RobotSimForPA/Global/R1_WeldingVoltage,0,74.977,,2228224,2025-08-11 14:37:23
6443,RobotSimForPA/Global/R1_WeldingVoltage,0,81.1134,,2228224,2025-08-11 14:37:24
6444,RobotSimForPA/Global/R1_WeldingVoltage,0,78.58800000000001,,2228224,2025-08-11 14:37:25
6445,RobotSimForPA/Global/R1_WeldingVoltage,0,56.5127,,2228224,2025-08-11 14:37:26
6446,RobotSimForPA/Global/R1_WeldingVoltage,0,48.949200000000005,,2228224,2025-08-11 14:37:27
6447,RobotSimForPA/Global/R1_WeldingVoltage,0,74.7508,,2228224,2025-08-11 14:37:28
6448,RobotSimForPA/Global/R1_WeldingVoltage,0,41.741,,2228224,2025-08-11 14:37:29
6449,RobotSimForPA/Global/R1_WeldingVoltage,0,42.2761,,2228224,2025-08-11 14:37:30
6450,RobotSimForPA/Global/R1_WeldingVoltage,0,40.5122,,2228224,2025-08-11 14:37:31
6451,RobotSimForPA/Global/R1_WeldingVoltage,0,45.1186,,2228224,2025-08-11 14:37:32
6452,RobotSimForPA/Global/R1_WeldingVoltage,0,67.2033,,2228224,2025-08-11 14:37:33
6453,RobotSimForPA/Global/R1_WeldingVoltage,0,42.1176,,2228224,2025-08-11 14:37:34
6454,RobotSimForPA/Global/R1_WeldingVoltage,0,0.0,,2228224,2025-08-11 14:37:35
6455,RobotSimForPA/Global/R1_WeldingVoltage,0,0.0,,2228224,2025-08-11 14:37:36
6456,RobotSimForPA/Global/R1_WeldingVoltage,0,0.0,,2228224,2025-08-11 14:37:37
6457,RobotSimForPA/Global/R1_WeldingVoltage,0,0.0,,2228224,2025-08-11 14:37:38
6458,RobotSimForPA/Global/R1_WeldingVoltage,0,0.0,,2228224,2025-08-11 14:37:39
6459,RobotSimForPA/Global/R1_WeldingVoltage,0,0.0,,2228224,2025-08-11 14:37:40
6460,RobotSimForPA/Global/R1_WeldingVoltage,0,0.0,,2228224,2025-08-11 14:37:41
6461,RobotSimForPA/Global/R1_WeldingVoltage,0,0.0,,2228224,2025-08-11 14:37:42
6462,RobotSimForPA/Global/R1_WeldingVoltage,0,0.0,,2228224,2025-08-11 14:37:43
6463,RobotSimForPA/Global/R1_WeldingVoltage,0,0.0,,2228224,2025-08-11 14:37:44
6464,RobotSimForPA/Global/R1_WeldingVoltage,0,0.0,,2228224,2025-08-11 14:37:45
6465,RobotSimForPA/Global/R1_WeldingVoltage,0,0.0,,2228224,2025-08-11 14:37:46
6466,RobotSimForPA/Global/R1_WeldingVoltage,0,0.0,,2228224,2025-08-11 14:37:47
6467,RobotSimForPA/Global/R1_WeldingVoltage,0,0.0,,2228224,2025-08-11 14:37:48
6468,RobotSimForPA/Global/R1_WeldingVoltage,0,0.0,,2228224,2025-08-11 14:37:49
6469,RobotSimForPA/Global/R1_WeldingVoltage,0,0.0,,2228224,2025-08-11 14:37:50
6470,RobotSimForPA/Global/R1_WeldingVoltage,0,72.70830000000001,,2228224,2025-08-11 14:37:51
6471,RobotSimForPA/Global/R1_WeldingVoltage,0,73.3298,,2228224,2025-08-11 14:37:52
6472,RobotSimForPA/Global/R1_WeldingVoltage,0,71.2352,,2228224,2025-08-11 14:37:53
6473,RobotSimForPA/Global/R1_WeldingVoltage,0,70.52300000000001,,2228224,2025-08-11 14:37:54
6474,RobotSimForPA/Global/R1_WeldingVoltage,0,42.9259,,2228224,2025-08-11 14:37:55
6475,RobotSimForPA/Global/R1_WeldingVoltage,0,48.1704,,2228224,2025-08-11 14:37:56
6476,RobotSimForPA/Global/R1_WeldingVoltage,0,74.9323,,2228224,2025-08-11 14:37:57
6477,RobotSimForPA/Global/R1_WeldingVoltage,0,42.2318,,2228224,2025-08-11 14:37:58
6478,RobotSimForPA/Global/R1_WeldingVoltage,0,52.4615,,2228224,2025-08-11 14:37:59
6479,RobotSimForPA/Global/R1_WeldingVoltage,0,52.0651,,2228224,2025-08-11 14:38:00
6480,RobotSimForPA/Global/R1_WeldingVoltage,0,60.141600000000004,,2228224,2025-08-11 14:38:01
6481,RobotSimForPA/Global/R1_WeldingVoltage,0,69.04260000000001,,2228224,2025-08-11 14:38:02
6482,RobotSimForPA/Global/R1_WeldingVoltage,0,67.1151,,2228224,2025-08-11 14:38:03
6483,RobotSimForPA/Global/R1_WeldingVoltage,0,67.5915,,2228224,2025-08-11 14:38:04
6484,RobotSimForPA/Global/R1_WeldingVoltage,0,51.4872,,2228224,2025-08-11 14:38:05
6485,RobotSimForPA/Global/R1_WeldingVoltage,0,0.0,,2228224,2025-08-11 14:38:06
6486,RobotSimForPA/Global/R1_WeldingVoltage,0,0.0,,2228224,2025-08-11 14:38:07
6487,RobotSimForPA/Global/R1_WeldingVoltage,0,0.0,,2228224,2025-08-11 14:38:08
6488,RobotSimForPA/Global/R1_WeldingVoltage,0,0.0,,2228224,2025-08-11 14:38:09
6489,RobotSimForPA/Global/R1_WeldingVoltage,0,0.0,,2228224,2025-08-11 14:38:10
6490,RobotSimForPA/Global/R1_WeldingVoltage,0,0.0,,2228224,2025-08-11 14:38:11
6491,RobotSimForPA/Global/R1_WeldingVoltage,0,0.0,,2228224,2025-08-11 14:38:12
6492,RobotSimForPA/Global/R1_WeldingVoltage,0,0.0,,2228224,2025-08-11 14:38:13
6493,RobotSimForPA/Global/R1_WeldingVoltage,0,0.0,,2228224,2025-08-11 14:38:14
6494,RobotSimForPA/Global/R1_WeldingVoltage,0,0.0,,2228224,2025-08-11 14:38:15
6495,RobotSimForPA/Global/R1_WeldingVoltage,0,0.0,,2228224,2025-08-11 14:38:16
6496,RobotSimForPA/Global/R1_WeldingVoltage,0,0.0,,2228224,2025-08-11 14:38:17
6497,RobotSimForPA/Global/R1_WeldingVoltage,0,0.0,,2228224,2025-08-11 14:38:18
6498,RobotSimForPA/Global/R1_WeldingVoltage,0,0.0,,2228224,2025-08-11 14:38:19
6499,RobotSimForPA/Global/R1_WeldingVoltage,0,0.0,,2228224,2025-08-11 14:38:20
6500,RobotSimForPA/Global/R1_WeldingVoltage,0,0.0,,2228224,2025-08-11 14:38:21
6501,RobotSimForPA/Global/R1_WeldingVoltage,0,67.02040000000001,,2228224,2025-08-11 14:38:22
6502,RobotSimForPA/Global/R1_WeldingVoltage,0,67.2065,,2228224,2025-08-11 14:38:23
6503,RobotSimForPA/Global/R1_WeldingVoltage,0,63.7849,,2228224,2025-08-11 14:38:24
6504,RobotSimForPA/Global/R1_WeldingVoltage,0,47.536,,2228224,2025-08-11 14:38:25
6505,RobotSimForPA/Global/R1_WeldingVoltage,0,70.6836,,2228224,2025-08-11 14:38:26
6506,RobotSimForPA/Global/R1_WeldingVoltage,0,49.9035,,2228224,2025-08-11 14:38:27
6507,RobotSimForPA/Global/R1_WeldingVoltage,0,57.1544,,2228224,2025-08-11 14:38:28
6508,RobotSimForPA/Global/R1_WeldingVoltage,0,58.125600000000006,,2228224,2025-08-11 14:38:29
6509,RobotSimForPA/Global/R1_WeldingVoltage,0,72.7201,,2228224,2025-08-11 14:38:30
6510,RobotSimForPA/Global/R1_WeldingVoltage,0,56.4382,,2228224,2025-08-11 14:38:31
6511,RobotSimForPA/Global/R1_WeldingVoltage,0,46.156800000000004,,2228224,2025-08-11 14:38:32
6512,RobotSimForPA/Global/R1_WeldingVoltage,0,44.7641,,2228224,2025-08-11 14:38:33
6513,RobotSimForPA/Global/R1_WeldingVoltage,0,44.1651,,2228224,2025-08-11 14:38:34
6514,RobotSimForPA/Global/R1_WeldingVoltage,0,43.0596,,2228224,2025-08-11 14:38:35
6515,RobotSimForPA/Global/R1_WeldingVoltage,0,0.0,,2228224,2025-08-11 14:38:36
6516,RobotSimForPA/Global/R1_WeldingVoltage,0,0.0,,2228224,2025-08-11 14:38:37
6517,RobotSimForPA/Global/R1_WeldingVoltage,0,0.0,,2228224,2025-08-11 14:38:38
6518,RobotSimForPA/Global/R1_WeldingVoltage,0,0.0,,2228224,2025-08-11 14:38:39
6519,RobotSimForPA/Global/R1_WeldingVoltage,0,0.0,,2228224,2025-08-11 14:38:40
6520,RobotSimForPA/Global/R1_WeldingVoltage,0,0.0,,2228224,2025-08-11 14:38:41
6521,RobotSimForPA/Global/R1_WeldingVoltage,0,0.0,,2228224,2025-08-11 14:38:42
6522,RobotSimForPA/Global/R1_WeldingVoltage,0,0.0,,2228224,2025-08-11 14:38:43
6523,RobotSimForPA/Global/R1_WeldingVoltage,0,0.0,,2228224,2025-08-11 14:38:44
6524,RobotSimForPA/Global/R1_WeldingVoltage,0,0.0,,2228224,2025-08-11 14:38:45
6525,RobotSimForPA/Global/R1_WeldingVoltage,0,0.0,,2228224,2025-08-11 14:38:46
6526,RobotSimForPA/Global/R1_WeldingVoltage,0,0.0,,2228224,2025-08-11 14:38:47
6527,RobotSimForPA/Global/R1_WeldingVoltage,0,0.0,,2228224,2025-08-11 14:38:48
6528,RobotSimForPA/Global/R1_WeldingVoltage,0,0.0,,2228224,2025-08-11 14:38:49
6529,RobotSimForPA/Global/R1_WeldingVoltage,0,0.0,,2228224,2025-08-11 14:38:50
6530,RobotSimForPA/Global/R1_WeldingVoltage,0,0.0,,2228224,2025-08-11 14:38:51
6531,RobotSimForPA/Global/R1_WeldingVoltage,0,0.0,,2228224,2025-08-11 14:38:52
6532,RobotSimForPA/Global/R1_WeldingVoltage,0,71.7963,,2228224,2025-08-11 14:38:53
6533,RobotSimForPA/Global/R1_WeldingVoltage,0,51.660000000000004,,2228224,2025-08-11 14:38:54
6534,RobotSimForPA/Global/R1_WeldingVoltage,0,78.815,,2228224,2025-08-11 14:38:55
6535,RobotSimForPA/Global/R1_WeldingVoltage,0,68.41850000000001,,2228224,2025-08-11 14:38:56
6536,RobotSimForPA/Global/R1_WeldingVoltage,0,45.7781,,2228224,2025-08-11 14:38:57
6537,RobotSimForPA/Global/R1_WeldingVoltage,0,45.3592,,2228224,2025-08-11 14:38:58
6538,RobotSimForPA/Global/R1_WeldingVoltage,0,72.6271,,2228224,2025-08-11 14:38:59
6539,RobotSimForPA/Global/R1_WeldingVoltage,0,67.5013,,2228224,2025-08-11 14:39:00
6540,RobotSimForPA/Global/R1_WeldingVoltage,0,72.4079,,2228224,2025-08-11 14:39:01
6541,RobotSimForPA/Global/R1_WeldingVoltage,0,67.1738,,2228224,2025-08-11 14:39:02
6542,RobotSimForPA/Global/R1_WeldingVoltage,0,51.779,,2228224,2025-08-11 14:39:03
6543,RobotSimForPA/Global/R1_WeldingVoltage,0,50.9823,,2228224,2025-08-11 14:39:04
6544,RobotSimForPA/Global/R1_WeldingVoltage,0,54.328,,2228224,2025-08-11 14:39:05
6545,RobotSimForPA/Global/R1_WeldingVoltage,0,60.0535,,2228224,2025-08-11 14:39:06
6546,RobotSimForPA/Global/R1_WeldingVoltage,0,38.5631,,2228224,2025-08-11 14:39:07
6547,RobotSimForPA/Global/R1_WeldingVoltage,0,0.0,,2228224,2025-08-11 14:39:08
6548,RobotSimForPA/Global/R1_WeldingVoltage,0,0.0,,2228224,2025-08-11 14:39:09
6549,RobotSimForPA/Global/R1_WeldingVoltage,0,0.0,,2228224,2025-08-11 14:39:10
6550,RobotSimForPA/Global/R1_WeldingVoltage,0,0.0,,2228224,2025-08-11 14:39:11
6551,RobotSimForPA/Global/R1_WeldingVoltage,0,0.0,,2228224,2025-08-11 14:39:12
6552,RobotSimForPA/Global/R1_WeldingVoltage,0,0.0,,2228224,2025-08-11 14:39:13
6553,RobotSimForPA/Global/R1_WeldingVoltage,0,0.0,,2228224,2025-08-11 14:39:14
6554,RobotSimForPA/Global/R1_WeldingVoltage,0,0.0,,2228224,2025-08-11 14:39:15
6555,RobotSimForPA/Global/R1_WeldingVoltage,0,0.0,,2228224,2025-08-11 14:39:16
6556,RobotSimForPA/Global/R1_WeldingVoltage,0,0.0,,2228224,2025-08-11 14:39:17
6557,RobotSimForPA/Global/R1_WeldingVoltage,0,0.0,,2228224,2025-08-11 14:39:18
6558,RobotSimForPA/Global/R1_WeldingVoltage,0,0.0,,2228224,2025-08-11 14:39:19
6559,RobotSimForPA/Global/R1_WeldingVoltage,0,0.0,,2228224,2025-08-11 14:39:20
6560,RobotSimForPA/Global/R1_WeldingVoltage,0,0.0,,2228224,2025-08-11 14:39:21
6561,RobotSimForPA/Global/R1_WeldingVoltage,0,0.0,,2228224,2025-08-11 14:39:22
6562,RobotSimForPA/Global/R1_WeldingVoltage,0,0.0,,2228224,2025-08-11 14:39:23
6563,RobotSimForPA/Global/R1_WeldingVoltage,0,78.559,,2228224,2025-08-11 14:39:24
6564,RobotSimForPA/Global/R1_WeldingVoltage,0,62.3949,,2228224,2025-08-11 14:39:25
6565,RobotSimForPA/Global/R1_WeldingVoltage,0,41.745200000000004,,2228224,2025-08-11 14:39:26
6566,RobotSimForPA/Global/R1_WeldingVoltage,0,41.403,,2228224,2025-08-11 14:39:27
6567,RobotSimForPA/Global/R1_WeldingVoltage,0,48.5369,,2228224,2025-08-11 14:39:28
6568,RobotSimForPA/Global/R1_WeldingVoltage,0,47.9718,,2228224,2025-08-11 14:39:29
6569,RobotSimForPA/Global/R1_WeldingVoltage,0,57.2087,,2228224,2025-08-11 14:39:30
6570,RobotSimForPA/Global/R1_WeldingVoltage,0,50.201800000000006,,2228224,2025-08-11 14:39:31
6571,RobotSimForPA/Global/R1_WeldingVoltage,0,78.8176,,2228224,2025-08-11 14:39:32
6572,RobotSimForPA/Global/R1_WeldingVoltage,0,41.5995,,2228224,2025-08-11 14:39:33
6573,RobotSimForPA/Global/R1_WeldingVoltage,0,41.2611,,2228224,2025-08-11 14:39:34
6574,RobotSimForPA/Global/R1_WeldingVoltage,0,57.909000000000006,,2228224,2025-08-11 14:39:35
6575,RobotSimForPA/Global/R1_WeldingVoltage,0,50.763400000000004,,2228224,2025-08-11 14:39:36
6576,RobotSimForPA/Global/R1_WeldingVoltage,0,51.409200000000006,,2228224,2025-08-11 14:39:37
6577,RobotSimForPA/Global/R1_WeldingVoltage,0,66.1062,,2228224,2025-08-11 14:39:38
6578,RobotSimForPA/Global/R1_WeldingVoltage,0,0.0,,2228224,2025-08-11 14:39:39
6579,RobotSimForPA/Global/R1_WeldingVoltage,0,0.0,,2228224,2025-08-11 14:39:40
6580,RobotSimForPA/Global/R1_WeldingVoltage,0,0.0,,2228224,2025-08-11 14:39:41
6581,RobotSimForPA/Global/R1_WeldingVoltage,0,0.0,,2228224,2025-08-11 14:39:42
6582,RobotSimForPA/Global/R1_WeldingVoltage,0,0.0,,2228224,2025-08-11 14:39:43
6583,RobotSimForPA/Global/R1_WeldingVoltage,0,0.0,,2228224,2025-08-11 14:39:44
6584,RobotSimForPA/Global/R1_WeldingVoltage,0,0.0,,2228224,2025-08-11 14:39:45
6585,RobotSimForPA/Global/R1_WeldingVoltage,0,0.0,,2228224,2025-08-11 14:39:46
6586,RobotSimForPA/Global/R1_WeldingVoltage,0,0.0,,2228224,2025-08-11 14:39:47
6587,RobotSimForPA/Global/R1_WeldingVoltage,0,0.0,,2228224,2025-08-11 14:39:48
6588,RobotSimForPA/Global/R1_WeldingVoltage,0,0.0,,2228224,2025-08-11 14:39:49
6589,RobotSimForPA/Global/R1_WeldingVoltage,0,0.0,,2228224,2025-08-11 14:39:50
6590,RobotSimForPA/Global/R1_WeldingVoltage,0,0.0,,2228224,2025-08-11 14:39:51
6591,RobotSimForPA/Global/R1_WeldingVoltage,0,0.0,,2228224,2025-08-11 14:39:52
6592,RobotSimForPA/Global/R1_WeldingVoltage,0,0.0,,2228224,2025-08-11 14:39:53
6593,RobotSimForPA/Global/R1_WeldingVoltage,0,0.0,,2228224,2025-08-11 14:39:54
6594,RobotSimForPA/Global/R1_WeldingVoltage,0,62.002900000000004,,2228224,2025-08-11 14:39:55
6595,RobotSimForPA/Global/R1_WeldingVoltage,0,64.659,,2228224,2025-08-11 14:39:56
6596,RobotSimForPA/Global/R1_WeldingVoltage,0,63.4174,,2228224,2025-08-11 14:39:57
6597,RobotSimForPA/Global/R1_WeldingVoltage,0,46.2049,,2228224,2025-08-11 14:39:58
6598,RobotSimForPA/Global/R1_WeldingVoltage,0,50.464200000000005,,2228224,2025-08-11 14:39:59
6599,RobotSimForPA/Global/R1_WeldingVoltage,0,65.94030000000001,,2228224,2025-08-11 14:40:00
6600,RobotSimForPA/Global/R1_WeldingVoltage,0,76.2877,,2228224,2025-08-11 14:40:01
6601,RobotSimForPA/Global/R1_WeldingVoltage,0,76.6029,,2228224,2025-08-11 14:40:02
6602,RobotSimForPA/Global/R1_WeldingVoltage,0,75.80550000000001,,2228224,2025-08-11 14:40:03
6603,RobotSimForPA/Global/R1_WeldingVoltage,0,65.2039,,2228224,2025-08-11 14:40:04
6604,RobotSimForPA/Global/R1_WeldingVoltage,0,40.4936,,2228224,2025-08-11 14:40:05
6605,RobotSimForPA/Global/R1_WeldingVoltage,0,60.3021,,2228224,2025-08-11 14:40:06
6606,RobotSimForPA/Global/R1_WeldingVoltage,0,67.2223,,2228224,2025-08-11 14:40:07
6607,RobotSimForPA/Global/R1_WeldingVoltage,0,50.772000000000006,,2228224,2025-08-11 14:40:08
6608,RobotSimForPA/Global/R1_WeldingVoltage,0,47.7978,,2228224,2025-08-11 14:40:09
6609,RobotSimForPA/Global/R1_WeldingVoltage,0,0.0,,2228224,2025-08-11 14:40:10
6610,RobotSimForPA/Global/R1_WeldingVoltage,0,0.0,,2228224,2025-08-11 14:40:11
6611,RobotSimForPA/Global/R1_WeldingVoltage,0,0.0,,2228224,2025-08-11 14:40:12
6612,RobotSimForPA/Global/R1_WeldingVoltage,0,0.0,,2228224,2025-08-11 14:40:13
6613,RobotSimForPA/Global/R1_WeldingVoltage,0,0.0,,2228224,2025-08-11 14:40:14
6614,RobotSimForPA/Global/R1_WeldingVoltage,0,0.0,,2228224,2025-08-11 14:40:15
6615,RobotSimForPA/Global/R1_WeldingVoltage,0,0.0,,2228224,2025-08-11 14:40:16
6616,RobotSimForPA/Global/R1_WeldingVoltage,0,0.0,,2228224,2025-08-11 14:40:17
6617,RobotSimForPA/Global/R1_WeldingVoltage,0,0.0,,2228224,2025-08-11 14:40:18
6618,RobotSimForPA/Global/R1_WeldingVoltage,0,0.0,,2228224,2025-08-11 14:40:19
6619,RobotSimForPA/Global/R1_WeldingVoltage,0,0.0,,2228224,2025-08-11 14:40:20
6620,RobotSimForPA/Global/R1_WeldingVoltage,0,0.0,,2228224,2025-08-11 14:40:21
6621,RobotSimForPA/Global/R1_WeldingVoltage,0,0.0,,2228224,2025-08-11 14:40:22
6622,RobotSimForPA/Global/R1_WeldingVoltage,0,0.0,,2228224,2025-08-11 14:40:23
6623,RobotSimForPA/Global/R1_WeldingVoltage,0,0.0,,2228224,2025-08-11 14:40:24
6624,RobotSimForPA/Global/R1_WeldingVoltage,0,0.0,,2228224,2025-08-11 14:40:25
6625,RobotSimForPA/Global/R1_WeldingVoltage,0,72.7907,,2228224,2025-08-11 14:40:26
6626,RobotSimForPA/Global/R1_WeldingVoltage,0,61.0109,,2228224,2025-08-11 14:40:27
6627,RobotSimForPA/Global/R1_WeldingVoltage,0,80.5317,,2228224,2025-08-11 14:40:28
6628,RobotSimForPA/Global/R1_WeldingVoltage,0,43.5026,,2228224,2025-08-11 14:40:29
6629,RobotSimForPA/Global/R1_WeldingVoltage,0,56.175900000000006,,2228224,2025-08-11 14:40:30
6630,RobotSimForPA/Global/R1_WeldingVoltage,0,64.3612,,2228224,2025-08-11 14:40:31
6631,RobotSimForPA/Global/R1_WeldingVoltage,0,62.2134,,2228224,2025-08-11 14:40:32
6632,RobotSimForPA/Global/R1_WeldingVoltage,0,72.86070000000001,,2228224,2025-08-11 14:40:33
6633,RobotSimForPA/Global/R1_WeldingVoltage,0,73.20450000000001,,2228224,2025-08-11 14:40:34
6634,RobotSimForPA/Global/R1_WeldingVoltage,0,49.196200000000005,,2228224,2025-08-11 14:40:35
6635,RobotSimForPA/Global/R1_WeldingVoltage,0,63.3549,,2228224,2025-08-11 14:40:36
6636,RobotSimForPA/Global/R1_WeldingVoltage,0,41.7145,,2228224,2025-08-11 14:40:37
6637,RobotSimForPA/Global/R1_WeldingVoltage,0,40.6368,,2228224,2025-08-11 14:40:38
6638,RobotSimForPA/Global/R1_WeldingVoltage,0,67.3552,,2228224,2025-08-11 14:40:39
6639,RobotSimForPA/Global/R1_WeldingVoltage,0,51.2691,,2228224,2025-08-11 14:40:40
6640,RobotSimForPA/Global/R1_WeldingVoltage,0,51.6998,,2228224,2025-08-11 14:40:41
6641,RobotSimForPA/Global/R1_WeldingVoltage,0,0.0,,2228224,2025-08-11 14:40:42
6642,RobotSimForPA/Global/R1_WeldingVoltage,0,0.0,,2228224,2025-08-11 14:40:43
6643,RobotSimForPA/Global/R1_WeldingVoltage,0,0.0,,2228224,2025-08-11 14:40:44
6644,RobotSimForPA/Global/R1_WeldingVoltage,0,0.0,,2228224,2025-08-11 14:40:45
6645,RobotSimForPA/Global/R1_WeldingVoltage,0,0.0,,2228224,2025-08-11 14:40:46
6646,RobotSimForPA/Global/R1_WeldingVoltage,0,0.0,,2228224,2025-08-11 14:40:47
6647,RobotSimForPA/Global/R1_WeldingVoltage,0,0.0,,2228224,2025-08-11 14:40:48
6648,RobotSimForPA/Global/R1_WeldingVoltage,0,0.0,,2228224,2025-08-11 14:40:49
6649,RobotSimForPA/Global/R1_WeldingVoltage,0,0.0,,2228224,2025-08-11 14:40:50
6650,RobotSimForPA/Global/R1_WeldingVoltage,0,0.0,,2228224,2025-08-11 14:40:51
6651,RobotSimForPA/Global/R1_WeldingVoltage,0,0.0,,2228224,2025-08-11 14:40:52
6652,RobotSimForPA/Global/R1_WeldingVoltage,0,0.0,,2228224,2025-08-11 14:40:53
6653,RobotSimForPA/Global/R1_WeldingVoltage,0,0.0,,2228224,2025-08-11 14:40:54
6654,RobotSimForPA/Global/R1_WeldingVoltage,0,0.0,,2228224,2025-08-11 14:40:55
6655,RobotSimForPA/Global/R1_WeldingVoltage,0,0.0,,2228224,2025-08-11 14:40:56
6656,RobotSimForPA/Global/R1_WeldingVoltage,0,0.0,,2228224,2025-08-11 14:40:57
6657,RobotSimForPA/Global/R1_WeldingVoltage,0,50.0627,,2228224,2025-08-11 14:40:58
6658,RobotSimForPA/Global/R1_WeldingVoltage,0,45.970200000000006,,2228224,2025-08-11 14:40:59
6659,RobotSimForPA/Global/R1_WeldingVoltage,0,80.8044,,2228224,2025-08-11 14:41:00
6660,RobotSimForPA/Global/R1_WeldingVoltage,0,82.86280000000001,,2228224,2025-08-11 14:41:01
6661,RobotSimForPA/Global/R1_WeldingVoltage,0,53.307100000000005,,2228224,2025-08-11 14:41:02
6662,RobotSimForPA/Global/R1_WeldingVoltage,0,42.9138,,2228224,2025-08-11 14:41:03
6663,RobotSimForPA/Global/R1_WeldingVoltage,0,57.250800000000005,,2228224,2025-08-11 14:41:04
6664,RobotSimForPA/Global/R1_WeldingVoltage,0,48.7821,,2228224,2025-08-11 14:41:05
6665,RobotSimForPA/Global/R1_WeldingVoltage,0,67.0087,,2228224,2025-08-11 14:41:06
6666,RobotSimForPA/Global/R1_WeldingVoltage,0,65.2671,,2228224,2025-08-11 14:41:07
6667,RobotSimForPA/Global/R1_WeldingVoltage,0,70.5939,,2228224,2025-08-11 14:41:08
6668,RobotSimForPA/Global/R1_WeldingVoltage,0,75.69380000000001,,2228224,2025-08-11 14:41:09
6669,RobotSimForPA/Global/R1_WeldingVoltage,0,43.2511,,2228224,2025-08-11 14:41:10
6670,RobotSimForPA/Global/R1_WeldingVoltage,0,45.6905,,2228224,2025-08-11 14:41:11
6671,RobotSimForPA/Global/R1_WeldingVoltage,0,54.624100000000006,,2228224,2025-08-11 14:41:12
6672,RobotSimForPA/Global/R1_WeldingVoltage,0,0.0,,2228224,2025-08-11 14:41:13
6673,RobotSimForPA/Global/R1_WeldingVoltage,0,0.0,,2228224,2025-08-11 14:41:14
6674,RobotSimForPA/Global/R1_WeldingVoltage,0,0.0,,2228224,2025-08-11 14:41:15
6675,RobotSimForPA/Global/R1_WeldingVoltage,0,0.0,,2228224,2025-08-11 14:41:16
6676,RobotSimForPA/Global/R1_WeldingVoltage,0,0.0,,2228224,2025-08-11 14:41:17
6677,RobotSimForPA/Global/R1_WeldingVoltage,0,0.0,,2228224,2025-08-11 14:41:18
6678,RobotSimForPA/Global/R1_WeldingVoltage,0,0.0,,2228224,2025-08-11 14:41:19
6679,RobotSimForPA/Global/R1_WeldingVoltage,0,0.0,,2228224,2025-08-11 14:41:20
6680,RobotSimForPA/Global/R1_WeldingVoltage,0,0.0,,2228224,2025-08-11 14:41:21
6681,RobotSimForPA/Global/R1_WeldingVoltage,0,0.0,,2228224,2025-08-11 14:41:22
6682,RobotSimForPA/Global/R1_WeldingVoltage,0,0.0,,2228224,2025-08-11 14:41:23
6683,RobotSimForPA/Global/R1_WeldingVoltage,0,0.0,,2228224,2025-08-11 14:41:24
6684,RobotSimForPA/Global/R1_WeldingVoltage,0,0.0,,2228224,2025-08-11 14:41:25
6685,RobotSimForPA/Global/R1_WeldingVoltage,0,0.0,,2228224,2025-08-11 14:41:26
6686,RobotSimForPA/Global/R1_WeldingVoltage,0,0.0,,2228224,2025-08-11 14:41:27
6687,RobotSimForPA/Global/R1_WeldingVoltage,0,0.0,,2228224,2025-08-11 14:41:28
6688,RobotSimForPA/Global/R1_WeldingVoltage,0,82.39930000000001,,2228224,2025-08-11 14:41:29
6689,RobotSimForPA/Global/R1_WeldingVoltage,0,80.546,,2228224,2025-08-11 14:41:30
6690,RobotSimForPA/Global/R1_WeldingVoltage,0,67.34660000000001,,2228224,2025-08-11 14:41:31
6691,RobotSimForPA/Global/R1_WeldingVoltage,0,76.6718,,2228224,2025-08-11 14:41:32
6692,RobotSimForPA/Global/R1_WeldingVoltage,0,56.4705,,2228224,2025-08-11 14:41:33
6693,RobotSimForPA/Global/R1_WeldingVoltage,0,74.6742,,2228224,2025-08-11 14:41:34
6694,RobotSimForPA/Global/R1_WeldingVoltage,0,71.86460000000001,,2228224,2025-08-11 14:41:35
6695,RobotSimForPA/Global/R1_WeldingVoltage,0,43.8521,,2228224,2025-08-11 14:41:36
6696,RobotSimForPA/Global/R1_WeldingVoltage,0,71.3173,,2228224,2025-08-11 14:41:37
6697,RobotSimForPA/Global/R1_WeldingVoltage,0,44.591100000000004,,2228224,2025-08-11 14:41:38
6698,RobotSimForPA/Global/R1_WeldingVoltage,0,72.2461,,2228224,2025-08-11 14:41:39
6699,RobotSimForPA/Global/R1_WeldingVoltage,0,43.696000000000005,,2228224,2025-08-11 14:41:40
6700,RobotSimForPA/Global/R1_WeldingVoltage,0,70.3278,,2228224,2025-08-11 14:41:41
6701,RobotSimForPA/Global/R1_WeldingVoltage,0,69.6272,,2228224,2025-08-11 14:41:42
6702,RobotSimForPA/Global/R1_WeldingVoltage,0,51.6724,,2228224,2025-08-11 14:41:43
6703,RobotSimForPA/Global/R1_WeldingVoltage,0,0.0,,2228224,2025-08-11 14:41:44
6704,RobotSimForPA/Global/R1_WeldingVoltage,0,0.0,,2228224,2025-08-11 14:41:45
6705,RobotSimForPA/Global/R1_WeldingVoltage,0,0.0,,2228224,2025-08-11 14:41:46
6706,RobotSimForPA/Global/R1_WeldingVoltage,0,0.0,,2228224,2025-08-11 14:41:47
6707,RobotSimForPA/Global/R1_WeldingVoltage,0,0.0,,2228224,2025-08-11 14:41:48
6708,RobotSimForPA/Global/R1_WeldingVoltage,0,0.0,,2228224,2025-08-11 14:41:49
6709,RobotSimForPA/Global/R1_WeldingVoltage,0,0.0,,2228224,2025-08-11 14:41:50
6710,RobotSimForPA/Global/R1_WeldingVoltage,0,0.0,,2228224,2025-08-11 14:41:51
6711,RobotSimForPA/Global/R1_WeldingVoltage,0,0.0,,2228224,2025-08-11 14:41:52
6712,RobotSimForPA/Global/R1_WeldingVoltage,0,0.0,,2228224,2025-08-11 14:41:53
6713,RobotSimForPA/Global/R1_WeldingVoltage,0,0.0,,2228224,2025-08-11 14:41:54
6714,RobotSimForPA/Global/R1_WeldingVoltage,0,0.0,,2228224,2025-08-11 14:41:55
6715,RobotSimForPA/Global/R1_WeldingVoltage,0,0.0,,2228224,2025-08-11 14:41:56
6716,RobotSimForPA/Global/R1_WeldingVoltage,0,0.0,,2228224,2025-08-11 14:41:57
6717,RobotSimForPA/Global/R1_WeldingVoltage,0,0.0,,2228224,2025-08-11 14:41:58
6718,RobotSimForPA/Global/R1_WeldingVoltage,0,0.0,,2228224,2025-08-11 14:41:59
6719,RobotSimForPA/Global/R1_WeldingVoltage,0,63.3014,,2228224,2025-08-11 14:42:00
6720,RobotSimForPA/Global/R1_WeldingVoltage,0,51.167300000000004,,2228224,2025-08-11 14:42:01
6721,RobotSimForPA/Global/R1_WeldingVoltage,0,42.3219,,2228224,2025-08-11 14:42:02
6722,RobotSimForPA/Global/R1_WeldingVoltage,0,42.9834,,2228224,2025-08-11 14:42:03
6723,RobotSimForPA/Global/R1_WeldingVoltage,0,54.3952,,2228224,2025-08-11 14:42:04
6724,RobotSimForPA/Global/R1_WeldingVoltage,0,55.159000000000006,,2228224,2025-08-11 14:42:05
6725,RobotSimForPA/Global/R1_WeldingVoltage,0,61.019600000000004,,2228224,2025-08-11 14:42:06
6726,RobotSimForPA/Global/R1_WeldingVoltage,0,71.4216,,2228224,2025-08-11 14:42:07
6727,RobotSimForPA/Global/R1_WeldingVoltage,0,54.49,,2228224,2025-08-11 14:42:08
6728,RobotSimForPA/Global/R1_WeldingVoltage,0,70.1444,,2228224,2025-08-11 14:42:09
6729,RobotSimForPA/Global/R1_WeldingVoltage,0,61.5193,,2228224,2025-08-11 14:42:10
6730,RobotSimForPA/Global/R1_WeldingVoltage,0,60.2334,,2228224,2025-08-11 14:42:11
6731,RobotSimForPA/Global/R1_WeldingVoltage,0,64.9417,,2228224,2025-08-11 14:42:12
6732,RobotSimForPA/Global/R1_WeldingVoltage,0,59.6066,,2228224,2025-08-11 14:42:13
6733,RobotSimForPA/Global/R1_WeldingVoltage,0,62.3752,,2228224,2025-08-11 14:42:14
6734,RobotSimForPA/Global/R1_WeldingVoltage,0,0.0,,2228224,2025-08-11 14:42:15
6735,RobotSimForPA/Global/R1_WeldingVoltage,0,0.0,,2228224,2025-08-11 14:42:16
6736,RobotSimForPA/Global/R1_WeldingVoltage,0,0.0,,2228224,2025-08-11 14:42:17
6737,RobotSimForPA/Global/R1_WeldingVoltage,0,0.0,,2228224,2025-08-11 14:42:18
6738,RobotSimForPA/Global/R1_WeldingVoltage,0,0.0,,2228224,2025-08-11 14:42:19
6739,RobotSimForPA/Global/R1_WeldingVoltage,0,0.0,,2228224,2025-08-11 14:42:20
6740,RobotSimForPA/Global/R1_WeldingVoltage,0,0.0,,2228224,2025-08-11 14:42:21
6741,RobotSimForPA/Global/R1_WeldingVoltage,0,0.0,,2228224,2025-08-11 14:42:22
6742,RobotSimForPA/Global/R1_WeldingVoltage,0,0.0,,2228224,2025-08-11 14:42:23
6743,RobotSimForPA/Global/R1_WeldingVoltage,0,0.0,,2228224,2025-08-11 14:42:24
6744,RobotSimForPA/Global/R1_WeldingVoltage,0,0.0,,2228224,2025-08-11 14:42:25
6745,RobotSimForPA/Global/R1_WeldingVoltage,0,0.0,,2228224,2025-08-11 14:42:26
6746,RobotSimForPA/Global/R1_WeldingVoltage,0,0.0,,2228224,2025-08-11 14:42:27
6747,RobotSimForPA/Global/R1_WeldingVoltage,0,0.0,,2228224,2025-08-11 14:42:28
6748,RobotSimForPA/Global/R1_WeldingVoltage,0,0.0,,2228224,2025-08-11 14:42:29
6749,RobotSimForPA/Global/R1_WeldingVoltage,0,0.0,,2228224,2025-08-11 14:42:30
6750,RobotSimForPA/Global/R1_WeldingVoltage,0,66.34,,2228224,2025-08-11 14:42:31
6751,RobotSimForPA/Global/R1_WeldingVoltage,0,68.783,,2228224,2025-08-11 14:42:32
6752,RobotSimForPA/Global/R1_WeldingVoltage,0,80.7244,,2228224,2025-08-11 14:42:33
6753,RobotSimForPA/Global/R1_WeldingVoltage,0,82.3354,,2228224,2025-08-11 14:42:34
6754,RobotSimForPA/Global/R1_WeldingVoltage,0,81.01480000000001,,2228224,2025-08-11 14:42:35
6755,RobotSimForPA/Global/R1_WeldingVoltage,0,62.4868,,2228224,2025-08-11 14:42:36
6756,RobotSimForPA/Global/R1_WeldingVoltage,0,60.209500000000006,,2228224,2025-08-11 14:42:37
6757,RobotSimForPA/Global/R1_WeldingVoltage,0,79.70450000000001,,2228224,2025-08-11 14:42:38
6758,RobotSimForPA/Global/R1_WeldingVoltage,0,52.6221,,2228224,2025-08-11 14:42:39
6759,RobotSimForPA/Global/R1_WeldingVoltage,0,50.8459,,2228224,2025-08-11 14:42:40
6760,RobotSimForPA/Global/R1_WeldingVoltage,0,76.1215,,2228224,2025-08-11 14:42:41
6761,RobotSimForPA/Global/R1_WeldingVoltage,0,40.7019,,2228224,2025-08-11 14:42:42
6762,RobotSimForPA/Global/R1_WeldingVoltage,0,52.424400000000006,,2228224,2025-08-11 14:42:43
6763,RobotSimForPA/Global/R1_WeldingVoltage,0,54.814,,2228224,2025-08-11 14:42:44
6764,RobotSimForPA/Global/R1_WeldingVoltage,0,62.874900000000004,,2228224,2025-08-11 14:42:45
6765,RobotSimForPA/Global/R1_WeldingVoltage,0,61.023,,2228224,2025-08-11 14:42:46
6766,RobotSimForPA/Global/R1_WeldingVoltage,0,0.0,,2228224,2025-08-11 14:42:47
6767,RobotSimForPA/Global/R1_WeldingVoltage,0,0.0,,2228224,2025-08-11 14:42:48
6768,RobotSimForPA/Global/R1_WeldingVoltage,0,0.0,,2228224,2025-08-11 14:42:49
6769,RobotSimForPA/Global/R1_WeldingVoltage,0,0.0,,2228224,2025-08-11 14:42:50
6770,RobotSimForPA/Global/R1_WeldingVoltage,0,0.0,,2228224,2025-08-11 14:42:51
6771,RobotSimForPA/Global/R1_WeldingVoltage,0,0.0,,2228224,2025-08-11 14:42:52
6772,RobotSimForPA/Global/R1_WeldingVoltage,0,0.0,,2228224,2025-08-11 14:42:53
6773,RobotSimForPA/Global/R1_WeldingVoltage,0,0.0,,2228224,2025-08-11 14:42:54
6774,RobotSimForPA/Global/R1_WeldingVoltage,0,0.0,,2228224,2025-08-11 14:42:55
6775,RobotSimForPA/Global/R1_WeldingVoltage,0,0.0,,2228224,2025-08-11 14:42:56
6776,RobotSimForPA/Global/R1_WeldingVoltage,0,0.0,,2228224,2025-08-11 14:42:57
6777,RobotSimForPA/Global/R1_WeldingVoltage,0,0.0,,2228224,2025-08-11 14:42:58
6778,RobotSimForPA/Global/R1_WeldingVoltage,0,0.0,,2228224,2025-08-11 14:42:59
6779,RobotSimForPA/Global/R1_WeldingVoltage,0,0.0,,2228224,2025-08-11 14:43:00
6780,RobotSimForPA/Global/R1_WeldingVoltage,0,0.0,,2228224,2025-08-11 14:43:01
6781,RobotSimForPA/Global/R1_WeldingVoltage,0,0.0,,2228224,2025-08-11 14:43:02
6782,RobotSimForPA/Global/R1_WeldingVoltage,0,43.694300000000005,,2228224,2025-08-11 14:43:03
6783,RobotSimForPA/Global/R1_WeldingVoltage,0,43.5798,,2228224,2025-08-11 14:43:04
6784,RobotSimForPA/Global/R1_WeldingVoltage,0,64.19590000000001,,2228224,2025-08-11 14:43:05
6785,RobotSimForPA/Global/R1_WeldingVoltage,0,44.9356,,2228224,2025-08-11 14:43:06
6786,RobotSimForPA/Global/R1_WeldingVoltage,0,77.06750000000001,,2228224,2025-08-11 14:43:07
6787,RobotSimForPA/Global/R1_WeldingVoltage,0,42.3198,,2228224,2025-08-11 14:43:08
6788,RobotSimForPA/Global/R1_WeldingVoltage,0,42.9821,,2228224,2025-08-11 14:43:09
6789,RobotSimForPA/Global/R1_WeldingVoltage,0,68.95020000000001,,2228224,2025-08-11 14:43:10
6790,RobotSimForPA/Global/R1_WeldingVoltage,0,55.6068,,2228224,2025-08-11 14:43:11
6791,RobotSimForPA/Global/R1_WeldingVoltage,0,56.547200000000004,,2228224,2025-08-11 14:43:12
6792,RobotSimForPA/Global/R1_WeldingVoltage,0,71.1639,,2228224,2025-08-11 14:43:13
6793,RobotSimForPA/Global/R1_WeldingVoltage,0,70.029,,2228224,2025-08-11 14:43:14
6794,RobotSimForPA/Global/R1_WeldingVoltage,0,67.71940000000001,,2228224,2025-08-11 14:43:15
6795,RobotSimForPA/Global/R1_WeldingVoltage,0,61.539500000000004,,2228224,2025-08-11 14:43:16
6796,RobotSimForPA/Global/R1_WeldingVoltage,0,43.4668,,2228224,2025-08-11 14:43:17
6797,RobotSimForPA/Global/R1_WeldingVoltage,0,37.833800000000004,,2228224,2025-08-11 14:43:18
6798,RobotSimForPA/Global/R1_WeldingVoltage,0,0.0,,2228224,2025-08-11 14:43:19
6799,RobotSimForPA/Global/R1_WeldingVoltage,0,0.0,,2228224,2025-08-11 14:43:20
6800,RobotSimForPA/Global/R1_WeldingVoltage,0,0.0,,2228224,2025-08-11 14:43:21
6801,RobotSimForPA/Global/R1_WeldingVoltage,0,0.0,,2228224,2025-08-11 14:43:22
6802,RobotSimForPA/Global/R1_WeldingVoltage,0,0.0,,2228224,2025-08-11 14:43:23
6803,RobotSimForPA/Global/R1_WeldingVoltage,0,0.0,,2228224,2025-08-11 14:43:24
6804,RobotSimForPA/Global/R1_WeldingVoltage,0,0.0,,2228224,2025-08-11 14:43:25
6805,RobotSimForPA/Global/R1_WeldingVoltage,0,0.0,,2228224,2025-08-11 14:43:26
6806,RobotSimForPA/Global/R1_WeldingVoltage,0,0.0,,2228224,2025-08-11 14:43:27
6807,RobotSimForPA/Global/R1_WeldingVoltage,0,0.0,,2228224,2025-08-11 14:43:28
6808,RobotSimForPA/Global/R1_WeldingVoltage,0,0.0,,2228224,2025-08-11 14:43:29
6809,RobotSimForPA/Global/R1_WeldingVoltage,0,0.0,,2228224,2025-08-11 14:43:30
6810,RobotSimForPA/Global/R1_WeldingVoltage,0,0.0,,2228224,2025-08-11 14:43:31
6811,RobotSimForPA/Global/R1_WeldingVoltage,0,0.0,,2228224,2025-08-11 14:43:32
6812,RobotSimForPA/Global/R1_WeldingVoltage,0,0.0,,2228224,2025-08-11 14:43:33
6813,RobotSimForPA/Global/R1_WeldingVoltage,0,0.0,,2228224,2025-08-11 14:43:34
6814,RobotSimForPA/Global/R1_WeldingVoltage,0,42.5176,,2228224,2025-08-11 14:43:35
6815,RobotSimForPA/Global/R1_WeldingVoltage,0,50.670300000000005,,2228224,2025-08-11 14:43:36
6816,RobotSimForPA/Global/R1_WeldingVoltage,0,74.1393,,2228224,2025-08-11 14:43:37
6817,RobotSimForPA/Global/R1_WeldingVoltage,0,72.4103,,2228224,2025-08-11 14:43:38
6818,RobotSimForPA/Global/R1_WeldingVoltage,0,43.9949,,2228224,2025-08-11 14:43:39
6819,RobotSimForPA/Global/R1_WeldingVoltage,0,49.1582,,2228224,2025-08-11 14:43:40
6820,RobotSimForPA/Global/R1_WeldingVoltage,0,65.1486,,2228224,2025-08-11 14:43:41
6821,RobotSimForPA/Global/R1_WeldingVoltage,0,45.6798,,2228224,2025-08-11 14:43:42
6822,RobotSimForPA/Global/R1_WeldingVoltage,0,44.298700000000004,,2228224,2025-08-11 14:43:43
6823,RobotSimForPA/Global/R1_WeldingVoltage,0,44.6274,,2228224,2025-08-11 14:43:44
6824,RobotSimForPA/Global/R1_WeldingVoltage,0,38.5444,,2228224,2025-08-11 14:43:45
6825,RobotSimForPA/Global/R1_WeldingVoltage,0,75.5669,,2228224,2025-08-11 14:43:46
6826,RobotSimForPA/Global/R1_WeldingVoltage,0,40.541000000000004,,2228224,2025-08-11 14:43:47
6827,RobotSimForPA/Global/R1_WeldingVoltage,0,56.652800000000006,,2228224,2025-08-11 14:43:48
6828,RobotSimForPA/Global/R1_WeldingVoltage,0,38.6375,,2228224,2025-08-11 14:43:49
6829,RobotSimForPA/Global/R1_WeldingVoltage,0,37.9086,,2228224,2025-08-11 14:43:50
6830,RobotSimForPA/Global/R1_WeldingVoltage,0,0.0,,2228224,2025-08-11 14:43:51
6831,RobotSimForPA/Global/R1_WeldingVoltage,0,0.0,,2228224,2025-08-11 14:43:52
6832,RobotSimForPA/Global/R1_WeldingVoltage,0,0.0,,2228224,2025-08-11 14:43:53
6833,RobotSimForPA/Global/R1_WeldingVoltage,0,0.0,,2228224,2025-08-11 14:43:54
6834,RobotSimForPA/Global/R1_WeldingVoltage,0,0.0,,2228224,2025-08-11 14:43:55
6835,RobotSimForPA/Global/R1_WeldingVoltage,0,0.0,,2228224,2025-08-11 14:43:56
6836,RobotSimForPA/Global/R1_WeldingVoltage,0,0.0,,2228224,2025-08-11 14:43:57
6837,RobotSimForPA/Global/R1_WeldingVoltage,0,0.0,,2228224,2025-08-11 14:43:58
6838,RobotSimForPA/Global/R1_WeldingVoltage,0,0.0,,2228224,2025-08-11 14:43:59
6839,RobotSimForPA/Global/R1_WeldingVoltage,0,0.0,,2228224,2025-08-11 14:44:00
6840,RobotSimForPA/Global/R1_WeldingVoltage,0,0.0,,2228224,2025-08-11 14:44:01
6841,RobotSimForPA/Global/R1_WeldingVoltage,0,0.0,,2228224,2025-08-11 14:44:02
6842,RobotSimForPA/Global/R1_WeldingVoltage,0,0.0,,2228224,2025-08-11 14:44:03
6843,RobotSimForPA/Global/R1_WeldingVoltage,0,0.0,,2228224,2025-08-11 14:44:04
6844,RobotSimForPA/Global/R1_WeldingVoltage,0,0.0,,2228224,2025-08-11 14:44:05
6845,RobotSimForPA/Global/R1_WeldingVoltage,0,0.0,,2228224,2025-08-11 14:44:06
6846,RobotSimForPA/Global/R1_WeldingVoltage,0,45.8983,,2228224,2025-08-11 14:44:07
6847,RobotSimForPA/Global/R1_WeldingVoltage,0,47.343900000000005,,2228224,2025-08-11 14:44:08
6848,RobotSimForPA/Global/R1_WeldingVoltage,0,68.0394,,2228224,2025-08-11 14:44:09
6849,RobotSimForPA/Global/R1_WeldingVoltage,0,56.9956,,2228224,2025-08-11 14:44:10
6850,RobotSimForPA/Global/R1_WeldingVoltage,0,74.8529,,2228224,2025-08-11 14:44:11
6851,RobotSimForPA/Global/R1_WeldingVoltage,0,63.3359,,2228224,2025-08-11 14:44:12
6852,RobotSimForPA/Global/R1_WeldingVoltage,0,46.3055,,2228224,2025-08-11 14:44:13
6853,RobotSimForPA/Global/R1_WeldingVoltage,0,45.5385,,2228224,2025-08-11 14:44:14
6854,RobotSimForPA/Global/R1_WeldingVoltage,0,43.6961,,2228224,2025-08-11 14:44:15
6855,RobotSimForPA/Global/R1_WeldingVoltage,0,45.6896,,2228224,2025-08-11 14:44:16
6856,RobotSimForPA/Global/R1_WeldingVoltage,0,41.4761,,2228224,2025-08-11 14:44:17
6857,RobotSimForPA/Global/R1_WeldingVoltage,0,64.7296,,2228224,2025-08-11 14:44:18
6858,RobotSimForPA/Global/R1_WeldingVoltage,0,68.64020000000001,,2228224,2025-08-11 14:44:19
6859,RobotSimForPA/Global/R1_WeldingVoltage,0,67.176,,2228224,2025-08-11 14:44:20
6860,RobotSimForPA/Global/R1_WeldingVoltage,0,52.704800000000006,,2228224,2025-08-11 14:44:21
6861,RobotSimForPA/Global/R1_WeldingVoltage,0,44.3087,,2228224,2025-08-11 14:44:22
6862,RobotSimForPA/Global/R1_WeldingVoltage,0,53.1952,,2228224,2025-08-11 14:44:23
6863,RobotSimForPA/Global/R1_WeldingVoltage,0,0.0,,2228224,2025-08-11 14:44:24
6864,RobotSimForPA/Global/R1_WeldingVoltage,0,0.0,,2228224,2025-08-11 14:44:25
6865,RobotSimForPA/Global/R1_WeldingVoltage,0,0.0,,2228224,2025-08-11 14:44:26
6866,RobotSimForPA/Global/R1_WeldingVoltage,0,0.0,,2228224,2025-08-11 14:44:27
6867,RobotSimForPA/Global/R1_WeldingVoltage,0,0.0,,2228224,2025-08-11 14:44:28
6868,RobotSimForPA/Global/R1_WeldingVoltage,0,0.0,,2228224,2025-08-11 14:44:29
6869,RobotSimForPA/Global/R1_WeldingVoltage,0,0.0,,2228224,2025-08-11 14:44:30
6870,RobotSimForPA/Global/R1_WeldingVoltage,0,0.0,,2228224,2025-08-11 14:44:31
6871,RobotSimForPA/Global/R1_WeldingVoltage,0,0.0,,2228224,2025-08-11 14:44:32
6872,RobotSimForPA/Global/R1_WeldingVoltage,0,0.0,,2228224,2025-08-11 14:44:33
6873,RobotSimForPA/Global/R1_WeldingVoltage,0,0.0,,2228224,2025-08-11 14:44:34
6874,RobotSimForPA/Global/R1_WeldingVoltage,0,0.0,,2228224,2025-08-11 14:44:35
6875,RobotSimForPA/Global/R1_WeldingVoltage,0,0.0,,2228224,2025-08-11 14:44:36
6876,RobotSimForPA/Global/R1_WeldingVoltage,0,0.0,,2228224,2025-08-11 14:44:37
6877,RobotSimForPA/Global/R1_WeldingVoltage,0,0.0,,2228224,2025-08-11 14:44:38
6878,RobotSimForPA/Global/R1_WeldingVoltage,0,0.0,,2228224,2025-08-11 14:44:39
6879,RobotSimForPA/Global/R1_WeldingVoltage,0,72.25240000000001,,2228224,2025-08-11 14:44:40
6880,RobotSimForPA/Global/R1_WeldingVoltage,0,44.347500000000004,,2228224,2025-08-11 14:44:41
6881,RobotSimForPA/Global/R1_WeldingVoltage,0,45.5598,,2228224,2025-08-11 14:44:42
6882,RobotSimForPA/Global/R1_WeldingVoltage,0,44.1145,,2228224,2025-08-11 14:44:43
6883,RobotSimForPA/Global/R1_WeldingVoltage,0,77.26910000000001,,2228224,2025-08-11 14:44:44
6884,RobotSimForPA/Global/R1_WeldingVoltage,0,44.1644,,2228224,2025-08-11 14:44:45
6885,RobotSimForPA/Global/R1_WeldingVoltage,0,44.143100000000004,,2228224,2025-08-11 14:44:46
6886,RobotSimForPA/Global/R1_WeldingVoltage,0,68.7868,,2228224,2025-08-11 14:44:47
6887,RobotSimForPA/Global/R1_WeldingVoltage,0,68.5183,,2228224,2025-08-11 14:44:48
6888,RobotSimForPA/Global/R1_WeldingVoltage,0,73.00240000000001,,2228224,2025-08-11 14:44:49
6889,RobotSimForPA/Global/R1_WeldingVoltage,0,50.154500000000006,,2228224,2025-08-11 14:44:50
6890,RobotSimForPA/Global/R1_WeldingVoltage,0,67.0784,,2228224,2025-08-11 14:44:51
6891,RobotSimForPA/Global/R1_WeldingVoltage,0,55.642700000000005,,2228224,2025-08-11 14:44:52
6892,RobotSimForPA/Global/R1_WeldingVoltage,0,52.096700000000006,,2228224,2025-08-11 14:44:53
6893,RobotSimForPA/Global/R1_WeldingVoltage,0,50.7314,,2228224,2025-08-11 14:44:54
6894,RobotSimForPA/Global/R1_WeldingVoltage,0,0.0,,2228224,2025-08-11 14:44:55
6895,RobotSimForPA/Global/R1_WeldingVoltage,0,0.0,,2228224,2025-08-11 14:44:56
6896,RobotSimForPA/Global/R1_WeldingVoltage,0,0.0,,2228224,2025-08-11 14:44:57
6897,RobotSimForPA/Global/R1_WeldingVoltage,0,0.0,,2228224,2025-08-11 14:44:58
6898,RobotSimForPA/Global/R1_WeldingVoltage,0,0.0,,2228224,2025-08-11 14:44:59
6899,RobotSimForPA/Global/R1_WeldingVoltage,0,0.0,,2228224,2025-08-11 14:45:00
6900,RobotSimForPA/Global/R1_WeldingVoltage,0,0.0,,2228224,2025-08-11 14:45:01
6901,RobotSimForPA/Global/R1_WeldingVoltage,0,0.0,,2228224,2025-08-11 14:45:02
6902,RobotSimForPA/Global/R1_WeldingVoltage,0,0.0,,2228224,2025-08-11 14:45:03
6903,RobotSimForPA/Global/R1_WeldingVoltage,0,0.0,,2228224,2025-08-11 14:45:04
6904,RobotSimForPA/Global/R1_WeldingVoltage,0,0.0,,2228224,2025-08-11 14:45:05
6905,RobotSimForPA/Global/R1_WeldingVoltage,0,0.0,,2228224,2025-08-11 14:45:06
6906,RobotSimForPA/Global/R1_WeldingVoltage,0,0.0,,2228224,2025-08-11 14:45:07
6907,RobotSimForPA/Global/R1_WeldingVoltage,0,0.0,,2228224,2025-08-11 14:45:08
6908,RobotSimForPA/Global/R1_WeldingVoltage,0,0.0,,2228224,2025-08-11 14:45:09
6909,RobotSimForPA/Global/R1_WeldingVoltage,0,0.0,,2228224,2025-08-11 14:45:10
6910,RobotSimForPA/Global/R1_WeldingVoltage,0,61.812000000000005,,2228224,2025-08-11 14:45:11
6911,RobotSimForPA/Global/R1_WeldingVoltage,0,41.169000000000004,,2228224,2025-08-11 14:45:12
6912,RobotSimForPA/Global/R1_WeldingVoltage,0,70.1589,,2228224,2025-08-11 14:45:13
6913,RobotSimForPA/Global/R1_WeldingVoltage,0,42.1052,,2228224,2025-08-11 14:45:14
6914,RobotSimForPA/Global/R1_WeldingVoltage,0,70.2189,,2228224,2025-08-11 14:45:15
6915,RobotSimForPA/Global/R1_WeldingVoltage,0,55.8433,,2228224,2025-08-11 14:45:16
6916,RobotSimForPA/Global/R1_WeldingVoltage,0,54.881,,2228224,2025-08-11 14:45:17
6917,RobotSimForPA/Global/R1_WeldingVoltage,0,77.6765,,2228224,2025-08-11 14:45:18
6918,RobotSimForPA/Global/R1_WeldingVoltage,0,66.0073,,2228224,2025-08-11 14:45:19
6919,RobotSimForPA/Global/R1_WeldingVoltage,0,52.6373,,2228224,2025-08-11 14:45:20
6920,RobotSimForPA/Global/R1_WeldingVoltage,0,63.304500000000004,,2228224,2025-08-11 14:45:21
6921,RobotSimForPA/Global/R1_WeldingVoltage,0,54.2316,,2228224,2025-08-11 14:45:22
6922,RobotSimForPA/Global/R1_WeldingVoltage,0,71.3927,,2228224,2025-08-11 14:45:23
6923,RobotSimForPA/Global/R1_WeldingVoltage,0,70.799,,2228224,2025-08-11 14:45:24
6924,RobotSimForPA/Global/R1_WeldingVoltage,0,45.2385,,2228224,2025-08-11 14:45:25
6925,RobotSimForPA/Global/R1_WeldingVoltage,0,43.025600000000004,,2228224,2025-08-11 14:45:26
6926,RobotSimForPA/Global/R1_WeldingVoltage,0,52.7777,,2228224,2025-08-11 14:45:27
6927,RobotSimForPA/Global/R1_WeldingVoltage,0,0.0,,2228224,2025-08-11 14:45:28
6928,RobotSimForPA/Global/R1_WeldingVoltage,0,0.0,,2228224,2025-08-11 14:45:29
6929,RobotSimForPA/Global/R1_WeldingVoltage,0,0.0,,2228224,2025-08-11 14:45:30
6930,RobotSimForPA/Global/R1_WeldingVoltage,0,0.0,,2228224,2025-08-11 14:45:31
6931,RobotSimForPA/Global/R1_WeldingVoltage,0,0.0,,2228224,2025-08-11 14:45:32
6932,RobotSimForPA/Global/R1_WeldingVoltage,0,0.0,,2228224,2025-08-11 14:45:33
6933,RobotSimForPA/Global/R1_WeldingVoltage,0,0.0,,2228224,2025-08-11 14:45:34
6934,RobotSimForPA/Global/R1_WeldingVoltage,0,0.0,,2228224,2025-08-11 14:45:35
6935,RobotSimForPA/Global/R1_WeldingVoltage,0,0.0,,2228224,2025-08-11 14:45:36
6936,RobotSimForPA/Global/R1_WeldingVoltage,0,0.0,,2228224,2025-08-11 14:45:37
6937,RobotSimForPA/Global/R1_WeldingVoltage,0,0.0,,2228224,2025-08-11 14:45:38
6938,RobotSimForPA/Global/R1_WeldingVoltage,0,0.0,,2228224,2025-08-11 14:45:39
6939,RobotSimForPA/Global/R1_WeldingVoltage,0,0.0,,2228224,2025-08-11 14:45:40
6940,RobotSimForPA/Global/R1_WeldingVoltage,0,0.0,,2228224,2025-08-11 14:45:41
6941,RobotSimForPA/Global/R1_WeldingVoltage,0,0.0,,2228224,2025-08-11 14:45:42
6942,RobotSimForPA/Global/R1_WeldingVoltage,0,0.0,,2228224,2025-08-11 14:45:43
6943,RobotSimForPA/Global/R1_WeldingVoltage,0,82.4982,,2228224,2025-08-11 14:45:44
6944,RobotSimForPA/Global/R1_WeldingVoltage,0,62.823100000000004,,2228224,2025-08-11 14:45:45
6945,RobotSimForPA/Global/R1_WeldingVoltage,0,51.054300000000005,,2228224,2025-08-11 14:45:46
6946,RobotSimForPA/Global/R1_WeldingVoltage,0,49.8887,,2228224,2025-08-11 14:45:47
6947,RobotSimForPA/Global/R1_WeldingVoltage,0,64.64110000000001,,2228224,2025-08-11 14:45:48
6948,RobotSimForPA/Global/R1_WeldingVoltage,0,48.9106,,2228224,2025-08-11 14:45:49
6949,RobotSimForPA/Global/R1_WeldingVoltage,0,60.6222,,2228224,2025-08-11 14:45:50
6950,RobotSimForPA/Global/R1_WeldingVoltage,0,56.7284,,2228224,2025-08-11 14:45:51
6951,RobotSimForPA/Global/R1_WeldingVoltage,0,62.4089,,2228224,2025-08-11 14:45:52
6952,RobotSimForPA/Global/R1_WeldingVoltage,0,60.2027,,2228224,2025-08-11 14:45:53
6953,RobotSimForPA/Global/R1_WeldingVoltage,0,58.330000000000005,,2228224,2025-08-11 14:45:54
6954,RobotSimForPA/Global/R1_WeldingVoltage,0,54.4604,,2228224,2025-08-11 14:45:55
6955,RobotSimForPA/Global/R1_WeldingVoltage,0,52.1601,,2228224,2025-08-11 14:45:56
6956,RobotSimForPA/Global/R1_WeldingVoltage,0,70.5415,,2228224,2025-08-11 14:45:57
6957,RobotSimForPA/Global/R1_WeldingVoltage,0,63.0486,,2228224,2025-08-11 14:45:58
6958,RobotSimForPA/Global/R1_WeldingVoltage,0,61.018800000000006,,2228224,2025-08-11 14:45:59
6959,RobotSimForPA/Global/R1_WeldingVoltage,0,0.0,,2228224,2025-08-11 14:46:00
6960,RobotSimForPA/Global/R1_WeldingVoltage,0,0.0,,2228224,2025-08-11 14:46:01
6961,RobotSimForPA/Global/R1_WeldingVoltage,0,0.0,,2228224,2025-08-11 14:46:02
6962,RobotSimForPA/Global/R1_WeldingVoltage,0,0.0,,2228224,2025-08-11 14:46:03
6963,RobotSimForPA/Global/R1_WeldingVoltage,0,0.0,,2228224,2025-08-11 14:46:04
6964,RobotSimForPA/Global/R1_WeldingVoltage,0,0.0,,2228224,2025-08-11 14:46:05
6965,RobotSimForPA/Global/R1_WeldingVoltage,0,0.0,,2228224,2025-08-11 14:46:06
6966,RobotSimForPA/Global/R1_WeldingVoltage,0,0.0,,2228224,2025-08-11 14:46:07
6967,RobotSimForPA/Global/R1_WeldingVoltage,0,0.0,,2228224,2025-08-11 14:46:08
6968,RobotSimForPA/Global/R1_WeldingVoltage,0,0.0,,2228224,2025-08-11 14:46:09
6969,RobotSimForPA/Global/R1_WeldingVoltage,0,0.0,,2228224,2025-08-11 14:46:10
6970,RobotSimForPA/Global/R1_WeldingVoltage,0,0.0,,2228224,2025-08-11 14:46:11
6971,RobotSimForPA/Global/R1_WeldingVoltage,0,0.0,,2228224,2025-08-11 14:46:12
6972,RobotSimForPA/Global/R1_WeldingVoltage,0,0.0,,2228224,2025-08-11 14:46:13
6973,RobotSimForPA/Global/R1_WeldingVoltage,0,0.0,,2228224,2025-08-11 14:46:14
6974,RobotSimForPA/Global/R1_WeldingVoltage,0,0.0,,2228224,2025-08-11 14:46:15
6975,RobotSimForPA/Global/R1_WeldingVoltage,0,60.940400000000004,,2228224,2025-08-11 14:46:16
6976,RobotSimForPA/Global/R1_WeldingVoltage,0,50.531800000000004,,2228224,2025-08-11 14:46:17
6977,RobotSimForPA/Global/R1_WeldingVoltage,0,76.9769,,2228224,2025-08-11 14:46:18
6978,RobotSimForPA/Global/R1_WeldingVoltage,0,79.9983,,2228224,2025-08-11 14:46:19
6979,RobotSimForPA/Global/R1_WeldingVoltage,0,70.086,,2228224,2025-08-11 14:46:20
6980,RobotSimForPA/Global/R1_WeldingVoltage,0,56.8599,,2228224,2025-08-11 14:46:21
6981,RobotSimForPA/Global/R1_WeldingVoltage,0,57.309000000000005,,2228224,2025-08-11 14:46:22
6982,RobotSimForPA/Global/R1_WeldingVoltage,0,60.6484,,2228224,2025-08-11 14:46:23
6983,RobotSimForPA/Global/R1_WeldingVoltage,0,42.987300000000005,,2228224,2025-08-11 14:46:24
6984,RobotSimForPA/Global/R1_WeldingVoltage,0,54.7077,,2228224,2025-08-11 14:46:25
6985,RobotSimForPA/Global/R1_WeldingVoltage,0,39.628800000000005,,2228224,2025-08-11 14:46:26
6986,RobotSimForPA/Global/R1_WeldingVoltage,0,50.206500000000005,,2228224,2025-08-11 14:46:27
6987,RobotSimForPA/Global/R1_WeldingVoltage,0,49.6445,,2228224,2025-08-11 14:46:28
6988,RobotSimForPA/Global/R1_WeldingVoltage,0,70.337,,2228224,2025-08-11 14:46:29
6989,RobotSimForPA/Global/R1_WeldingVoltage,0,53.610800000000005,,2228224,2025-08-11 14:46:30
6990,RobotSimForPA/Global/R1_WeldingVoltage,0,65.18180000000001,,2228224,2025-08-11 14:46:31
6991,RobotSimForPA/Global/R1_WeldingVoltage,0,0.0,,2228224,2025-08-11 14:46:32
6992,RobotSimForPA/Global/R1_WeldingVoltage,0,0.0,,2228224,2025-08-11 14:46:33
6993,RobotSimForPA/Global/R1_WeldingVoltage,0,0.0,,2228224,2025-08-11 14:46:34
6994,RobotSimForPA/Global/R1_WeldingVoltage,0,0.0,,2228224,2025-08-11 14:46:35
6995,RobotSimForPA/Global/R1_WeldingVoltage,0,0.0,,2228224,2025-08-11 14:46:36
6996,RobotSimForPA/Global/R1_WeldingVoltage,0,0.0,,2228224,2025-08-11 14:46:37
6997,RobotSimForPA/Global/R1_WeldingVoltage,0,0.0,,2228224,2025-08-11 14:46:38
6998,RobotSimForPA/Global/R1_WeldingVoltage,0,0.0,,2228224,2025-08-11 14:46:39
6999,RobotSimForPA/Global/R1_WeldingVoltage,0,0.0,,2228224,2025-08-11 14:46:40
7000,RobotSimForPA/Global/R1_WeldingVoltage,0,0.0,,2228224,2025-08-11 14:46:41
7001,RobotSimForPA/Global/R1_WeldingVoltage,0,0.0,,2228224,2025-08-11 14:46:42
7002,RobotSimForPA/Global/R1_WeldingVoltage,0,0.0,,2228224,2025-08-11 14:46:43
7003,RobotSimForPA/Global/R1_WeldingVoltage,0,0.0,,2228224,2025-08-11 14:46:44
7004,RobotSimForPA/Global/R1_WeldingVoltage,0,0.0,,2228224,2025-08-11 14:46:45
7005,RobotSimForPA/Global/R1_WeldingVoltage,0,0.0,,2228224,2025-08-11 14:46:46
7006,RobotSimForPA/Global/R1_WeldingVoltage,0,0.0,,2228224,2025-08-11 14:46:47
7007,RobotSimForPA/Global/R1_WeldingVoltage,0,52.9966,,2228224,2025-08-11 14:46:48
7008,RobotSimForPA/Global/R1_WeldingVoltage,0,62.232000000000006,,2228224,2025-08-11 14:46:49
7009,RobotSimForPA/Global/R1_WeldingVoltage,0,79.6279,,2228224,2025-08-11 14:46:50
7010,RobotSimForPA/Global/R1_WeldingVoltage,0,79.1179,,2228224,2025-08-11 14:46:51
7011,RobotSimForPA/Global/R1_WeldingVoltage,0,59.695,,2228224,2025-08-11 14:46:52
7012,RobotSimForPA/Global/R1_WeldingVoltage,0,41.572900000000004,,2228224,2025-08-11 14:46:53
7013,RobotSimForPA/Global/R1_WeldingVoltage,0,71.3779,,2228224,2025-08-11 14:46:54
7014,RobotSimForPA/Global/R1_WeldingVoltage,0,70.4603,,2228224,2025-08-11 14:46:55
7015,RobotSimForPA/Global/R1_WeldingVoltage,0,51.4461,,2228224,2025-08-11 14:46:56
7016,RobotSimForPA/Global/R1_WeldingVoltage,0,50.7686,,2228224,2025-08-11 14:46:57
7017,RobotSimForPA/Global/R1_WeldingVoltage,0,49.1406,,2228224,2025-08-11 14:46:58
7018,RobotSimForPA/Global/R1_WeldingVoltage,0,56.4911,,2228224,2025-08-11 14:46:59
7019,RobotSimForPA/Global/R1_WeldingVoltage,0,56.4842,,2228224,2025-08-11 14:47:00
7020,RobotSimForPA/Global/R1_WeldingVoltage,0,35.1762,,2228224,2025-08-11 14:47:01
7021,RobotSimForPA/Global/R1_WeldingVoltage,0,0.0,,2228224,2025-08-11 14:47:02
7022,RobotSimForPA/Global/R1_WeldingVoltage,0,0.0,,2228224,2025-08-11 14:47:03
7023,RobotSimForPA/Global/R1_WeldingVoltage,0,0.0,,2228224,2025-08-11 14:47:04
7024,RobotSimForPA/Global/R1_WeldingVoltage,0,0.0,,2228224,2025-08-11 14:47:05
7025,RobotSimForPA/Global/R1_WeldingVoltage,0,0.0,,2228224,2025-08-11 14:47:06
7026,RobotSimForPA/Global/R1_WeldingVoltage,0,0.0,,2228224,2025-08-11 14:47:07
7027,RobotSimForPA/Global/R1_WeldingVoltage,0,0.0,,2228224,2025-08-11 14:47:08
7028,RobotSimForPA/Global/R1_WeldingVoltage,0,0.0,,2228224,2025-08-11 14:47:09
7029,RobotSimForPA/Global/R1_WeldingVoltage,0,0.0,,2228224,2025-08-11 14:47:10
7030,RobotSimForPA/Global/R1_WeldingVoltage,0,0.0,,2228224,2025-08-11 14:47:11
7031,RobotSimForPA/Global/R1_WeldingVoltage,0,0.0,,2228224,2025-08-11 14:47:12
7032,RobotSimForPA/Global/R1_WeldingVoltage,0,0.0,,2228224,2025-08-11 14:47:13
7033,RobotSimForPA/Global/R1_WeldingVoltage,0,0.0,,2228224,2025-08-11 14:47:14
7034,RobotSimForPA/Global/R1_WeldingVoltage,0,0.0,,2228224,2025-08-11 14:47:15
7035,RobotSimForPA/Global/R1_WeldingVoltage,0,0.0,,2228224,2025-08-11 14:47:16
7036,RobotSimForPA/Global/R1_WeldingVoltage,0,0.0,,2228224,2025-08-11 14:47:17
7037,RobotSimForPA/Global/R1_WeldingVoltage,0,61.132000000000005,,2228224,2025-08-11 14:47:18
7038,RobotSimForPA/Global/R1_WeldingVoltage,0,46.1956,,2228224,2025-08-11 14:47:19
7039,RobotSimForPA/Global/R1_WeldingVoltage,0,46.3602,,2228224,2025-08-11 14:47:20
7040,RobotSimForPA/Global/R1_WeldingVoltage,0,71.0206,,2228224,2025-08-11 14:47:21
7041,RobotSimForPA/Global/R1_WeldingVoltage,0,53.7978,,2228224,2025-08-11 14:47:22
7042,RobotSimForPA/Global/R1_WeldingVoltage,0,54.9767,,2228224,2025-08-11 14:47:23
7043,RobotSimForPA/Global/R1_WeldingVoltage,0,65.9107,,2228224,2025-08-11 14:47:24
7044,RobotSimForPA/Global/R1_WeldingVoltage,0,70.57900000000001,,2228224,2025-08-11 14:47:25
7045,RobotSimForPA/Global/R1_WeldingVoltage,0,68.6828,,2228224,2025-08-11 14:47:26
7046,RobotSimForPA/Global/R1_WeldingVoltage,0,63.164300000000004,,2228224,2025-08-11 14:47:27
7047,RobotSimForPA/Global/R1_WeldingVoltage,0,58.179,,2228224,2025-08-11 14:47:28
7048,RobotSimForPA/Global/R1_WeldingVoltage,0,44.4401,,2228224,2025-08-11 14:47:29
7049,RobotSimForPA/Global/R1_WeldingVoltage,0,38.303200000000004,,2228224,2025-08-11 14:47:30
7050,RobotSimForPA/Global/R1_WeldingVoltage,0,38.581700000000005,,2228224,2025-08-11 14:47:31
7051,RobotSimForPA/Global/R1_WeldingVoltage,0,0.0,,2228224,2025-08-11 14:47:32
7052,RobotSimForPA/Global/R1_WeldingVoltage,0,0.0,,2228224,2025-08-11 14:47:33
7053,RobotSimForPA/Global/R1_WeldingVoltage,0,0.0,,2228224,2025-08-11 14:47:34
7054,RobotSimForPA/Global/R1_WeldingVoltage,0,0.0,,2228224,2025-08-11 14:47:35
7055,RobotSimForPA/Global/R1_WeldingVoltage,0,0.0,,2228224,2025-08-11 14:47:36
7056,RobotSimForPA/Global/R1_WeldingVoltage,0,0.0,,2228224,2025-08-11 14:47:37
7057,RobotSimForPA/Global/R1_WeldingVoltage,0,0.0,,2228224,2025-08-11 14:47:38
7058,RobotSimForPA/Global/R1_WeldingVoltage,0,0.0,,2228224,2025-08-11 14:47:39
7059,RobotSimForPA/Global/R1_WeldingVoltage,0,0.0,,2228224,2025-08-11 14:47:40
7060,RobotSimForPA/Global/R1_WeldingVoltage,0,0.0,,2228224,2025-08-11 14:47:41
7061,RobotSimForPA/Global/R1_WeldingVoltage,0,0.0,,2228224,2025-08-11 14:47:42
7062,RobotSimForPA/Global/R1_WeldingVoltage,0,0.0,,2228224,2025-08-11 14:47:43
7063,RobotSimForPA/Global/R1_WeldingVoltage,0,0.0,,2228224,2025-08-11 14:47:44
7064,RobotSimForPA/Global/R1_WeldingVoltage,0,0.0,,2228224,2025-08-11 14:47:45
7065,RobotSimForPA/Global/R1_WeldingVoltage,0,0.0,,2228224,2025-08-11 14:47:46
7066,RobotSimForPA/Global/R1_WeldingVoltage,0,0.0,,2228224,2025-08-11 14:47:47
7067,RobotSimForPA/Global/R1_WeldingVoltage,0,44.3814,,2228224,2025-08-11 14:47:48
7068,RobotSimForPA/Global/R1_WeldingVoltage,0,45.9849,,2228224,2025-08-11 14:47:49
7069,RobotSimForPA/Global/R1_WeldingVoltage,0,63.043800000000005,,2228224,2025-08-11 14:47:50
7070,RobotSimForPA/Global/R1_WeldingVoltage,0,64.4415,,2228224,2025-08-11 14:47:51
7071,RobotSimForPA/Global/R1_WeldingVoltage,0,61.3303,,2228224,2025-08-11 14:47:52
7072,RobotSimForPA/Global/R1_WeldingVoltage,0,79.9128,,2228224,2025-08-11 14:47:53
7073,RobotSimForPA/Global/R1_WeldingVoltage,0,76.6252,,2228224,2025-08-11 14:47:54
7074,RobotSimForPA/Global/R1_WeldingVoltage,0,73.3762,,2228224,2025-08-11 14:47:55
7075,RobotSimForPA/Global/R1_WeldingVoltage,0,73.7091,,2228224,2025-08-11 14:47:56
7076,RobotSimForPA/Global/R1_WeldingVoltage,0,62.2952,,2228224,2025-08-11 14:47:57
7077,RobotSimForPA/Global/R1_WeldingVoltage,0,58.062400000000004,,2228224,2025-08-11 14:47:58
7078,RobotSimForPA/Global/R1_WeldingVoltage,0,66.21430000000001,,2228224,2025-08-11 14:47:59
7079,RobotSimForPA/Global/R1_WeldingVoltage,0,59.770300000000006,,2228224,2025-08-11 14:48:00
7080,RobotSimForPA/Global/R1_WeldingVoltage,0,60.503400000000006,,2228224,2025-08-11 14:48:01
7081,RobotSimForPA/Global/R1_WeldingVoltage,0,35.9913,,2228224,2025-08-11 14:48:02
7082,RobotSimForPA/Global/R1_WeldingVoltage,0,49.6691,,2228224,2025-08-11 14:48:03
7083,RobotSimForPA/Global/R1_WeldingVoltage,0,43.1715,,2228224,2025-08-11 14:48:04
7084,RobotSimForPA/Global/R1_WeldingVoltage,0,0.0,,2228224,2025-08-11 14:48:05
7085,RobotSimForPA/Global/R1_WeldingVoltage,0,0.0,,2228224,2025-08-11 14:48:06
7086,RobotSimForPA/Global/R1_WeldingVoltage,0,0.0,,2228224,2025-08-11 14:48:07
7087,RobotSimForPA/Global/R1_WeldingVoltage,0,0.0,,2228224,2025-08-11 14:48:08
7088,RobotSimForPA/Global/R1_WeldingVoltage,0,0.0,,2228224,2025-08-11 14:48:09
7089,RobotSimForPA/Global/R1_WeldingVoltage,0,0.0,,2228224,2025-08-11 14:48:10
7090,RobotSimForPA/Global/R1_WeldingVoltage,0,0.0,,2228224,2025-08-11 14:48:11
7091,RobotSimForPA/Global/R1_WeldingVoltage,0,0.0,,2228224,2025-08-11 14:48:12
7092,RobotSimForPA/Global/R1_WeldingVoltage,0,0.0,,2228224,2025-08-11 14:48:13
7093,RobotSimForPA/Global/R1_WeldingVoltage,0,0.0,,2228224,2025-08-11 14:48:14
7094,RobotSimForPA/Global/R1_WeldingVoltage,0,0.0,,2228224,2025-08-11 14:48:15
7095,RobotSimForPA/Global/R1_WeldingVoltage,0,0.0,,2228224,2025-08-11 14:48:16
7096,RobotSimForPA/Global/R1_WeldingVoltage,0,0.0,,2228224,2025-08-11 14:48:17
7097,RobotSimForPA/Global/R1_WeldingVoltage,0,0.0,,2228224,2025-08-11 14:48:18
7098,RobotSimForPA/Global/R1_WeldingVoltage,0,0.0,,2228224,2025-08-11 14:48:19
7099,RobotSimForPA/Global/R1_WeldingVoltage,0,0.0,,2228224,2025-08-11 14:48:20
7100,RobotSimForPA/Global/R1_WeldingVoltage,0,75.152,,2228224,2025-08-11 14:48:21
7101,RobotSimForPA/Global/R1_WeldingVoltage,0,69.3888,,2228224,2025-08-11 14:48:22
7102,RobotSimForPA/Global/R1_WeldingVoltage,0,59.769000000000005,,2228224,2025-08-11 14:48:23
7103,RobotSimForPA/Global/R1_WeldingVoltage,0,59.2351,,2228224,2025-08-11 14:48:24
7104,RobotSimForPA/Global/R1_WeldingVoltage,0,78.2281,,2228224,2025-08-11 14:48:25
7105,RobotSimForPA/Global/R1_WeldingVoltage,0,45.2137,,2228224,2025-08-11 14:48:26
7106,RobotSimForPA/Global/R1_WeldingVoltage,0,70.2719,,2228224,2025-08-11 14:48:27
7107,RobotSimForPA/Global/R1_WeldingVoltage,0,68.9049,,2228224,2025-08-11 14:48:28
7108,RobotSimForPA/Global/R1_WeldingVoltage,0,68.1357,,2228224,2025-08-11 14:48:29
7109,RobotSimForPA/Global/R1_WeldingVoltage,0,61.8235,,2228224,2025-08-11 14:48:30
7110,RobotSimForPA/Global/R1_WeldingVoltage,0,63.518100000000004,,2228224,2025-08-11 14:48:31
7111,RobotSimForPA/Global/R1_WeldingVoltage,0,58.1006,,2228224,2025-08-11 14:48:32
7112,RobotSimForPA/Global/R1_WeldingVoltage,0,61.875600000000006,,2228224,2025-08-11 14:48:33
7113,RobotSimForPA/Global/R1_WeldingVoltage,0,42.4086,,2228224,2025-08-11 14:48:34
7114,RobotSimForPA/Global/R1_WeldingVoltage,0,42.3097,,2228224,2025-08-11 14:48:35
7115,RobotSimForPA/Global/R1_WeldingVoltage,0,0.0,,2228224,2025-08-11 14:48:36
7116,RobotSimForPA/Global/R1_WeldingVoltage,0,0.0,,2228224,2025-08-11 14:48:37
7117,RobotSimForPA/Global/R1_WeldingVoltage,0,0.0,,2228224,2025-08-11 14:48:38
7118,RobotSimForPA/Global/R1_WeldingVoltage,0,0.0,,2228224,2025-08-11 14:48:39
7119,RobotSimForPA/Global/R1_WeldingVoltage,0,0.0,,2228224,2025-08-11 14:48:40
7120,RobotSimForPA/Global/R1_WeldingVoltage,0,0.0,,2228224,2025-08-11 14:48:41
7121,RobotSimForPA/Global/R1_WeldingVoltage,0,0.0,,2228224,2025-08-11 14:48:42
7122,RobotSimForPA/Global/R1_WeldingVoltage,0,0.0,,2228224,2025-08-11 14:48:43
7123,RobotSimForPA/Global/R1_WeldingVoltage,0,0.0,,2228224,2025-08-11 14:48:44
7124,RobotSimForPA/Global/R1_WeldingVoltage,0,0.0,,2228224,2025-08-11 14:48:45
7125,RobotSimForPA/Global/R1_WeldingVoltage,0,0.0,,2228224,2025-08-11 14:48:46
7126,RobotSimForPA/Global/R1_WeldingVoltage,0,0.0,,2228224,2025-08-11 14:48:47
7127,RobotSimForPA/Global/R1_WeldingVoltage,0,0.0,,2228224,2025-08-11 14:48:48
7128,RobotSimForPA/Global/R1_WeldingVoltage,0,0.0,,2228224,2025-08-11 14:48:49
7129,RobotSimForPA/Global/R1_WeldingVoltage,0,0.0,,2228224,2025-08-11 14:48:50
7130,RobotSimForPA/Global/R1_WeldingVoltage,0,0.0,,2228224,2025-08-11 14:48:51
7131,RobotSimForPA/Global/R1_WeldingVoltage,0,63.450300000000006,,2228224,2025-08-11 14:48:52
7132,RobotSimForPA/Global/R1_WeldingVoltage,0,63.346900000000005,,2228224,2025-08-11 14:48:53
7133,RobotSimForPA/Global/R1_WeldingVoltage,0,70.0017,,2228224,2025-08-11 14:48:54
7134,RobotSimForPA/Global/R1_WeldingVoltage,0,64.59020000000001,,2228224,2025-08-11 14:48:55
7135,RobotSimForPA/Global/R1_WeldingVoltage,0,47.197700000000005,,2228224,2025-08-11 14:48:56
7136,RobotSimForPA/Global/R1_WeldingVoltage,0,71.2639,,2228224,2025-08-11 14:48:57
7137,RobotSimForPA/Global/R1_WeldingVoltage,0,46.036300000000004,,2228224,2025-08-11 14:48:58
7138,RobotSimForPA/Global/R1_WeldingVoltage,0,45.0798,,2228224,2025-08-11 14:48:59
7139,RobotSimForPA/Global/R1_WeldingVoltage,0,54.9028,,2228224,2025-08-11 14:49:00
7140,RobotSimForPA/Global/R1_WeldingVoltage,0,63.882400000000004,,2228224,2025-08-11 14:49:01
7141,RobotSimForPA/Global/R1_WeldingVoltage,0,75.8728,,2228224,2025-08-11 14:49:02
7142,RobotSimForPA/Global/R1_WeldingVoltage,0,44.5495,,2228224,2025-08-11 14:49:03
7143,RobotSimForPA/Global/R1_WeldingVoltage,0,42.715,,2228224,2025-08-11 14:49:04
7144,RobotSimForPA/Global/R1_WeldingVoltage,0,46.3265,,2228224,2025-08-11 14:49:05
7145,RobotSimForPA/Global/R1_WeldingVoltage,0,64.8872,,2228224,2025-08-11 14:49:06
7146,RobotSimForPA/Global/R1_WeldingVoltage,0,48.258,,2228224,2025-08-11 14:49:07
7147,RobotSimForPA/Global/R1_WeldingVoltage,0,0.0,,2228224,2025-08-11 14:49:08
7148,RobotSimForPA/Global/R1_WeldingVoltage,0,0.0,,2228224,2025-08-11 14:49:09
7149,RobotSimForPA/Global/R1_WeldingVoltage,0,0.0,,2228224,2025-08-11 14:49:10
7150,RobotSimForPA/Global/R1_WeldingVoltage,0,0.0,,2228224,2025-08-11 14:49:11
7151,RobotSimForPA/Global/R1_WeldingVoltage,0,0.0,,2228224,2025-08-11 14:49:12
7152,RobotSimForPA/Global/R1_WeldingVoltage,0,0.0,,2228224,2025-08-11 14:49:13
7153,RobotSimForPA/Global/R1_WeldingVoltage,0,0.0,,2228224,2025-08-11 14:49:14
7154,RobotSimForPA/Global/R1_WeldingVoltage,0,0.0,,2228224,2025-08-11 14:49:15
7155,RobotSimForPA/Global/R1_WeldingVoltage,0,0.0,,2228224,2025-08-11 14:49:16
7156,RobotSimForPA/Global/R1_WeldingVoltage,0,0.0,,2228224,2025-08-11 14:49:17
7157,RobotSimForPA/Global/R1_WeldingVoltage,0,0.0,,2228224,2025-08-11 14:49:18
7158,RobotSimForPA/Global/R1_WeldingVoltage,0,0.0,,2228224,2025-08-11 14:49:19
7159,RobotSimForPA/Global/R1_WeldingVoltage,0,0.0,,2228224,2025-08-11 14:49:20
7160,RobotSimForPA/Global/R1_WeldingVoltage,0,0.0,,2228224,2025-08-11 14:49:21
7161,RobotSimForPA/Global/R1_WeldingVoltage,0,0.0,,2228224,2025-08-11 14:49:22
7162,RobotSimForPA/Global/R1_WeldingVoltage,0,0.0,,2228224,2025-08-11 14:49:23
7163,RobotSimForPA/Global/R1_WeldingVoltage,0,81.4355,,2228224,2025-08-11 14:49:24
7164,RobotSimForPA/Global/R1_WeldingVoltage,0,42.1801,,2228224,2025-08-11 14:49:25
7165,RobotSimForPA/Global/R1_WeldingVoltage,0,45.6349,,2228224,2025-08-11 14:49:26
7166,RobotSimForPA/Global/R1_WeldingVoltage,0,45.830200000000005,,2228224,2025-08-11 14:49:27
7167,RobotSimForPA/Global/R1_WeldingVoltage,0,80.53200000000001,,2228224,2025-08-11 14:49:28
7168,RobotSimForPA/Global/R1_WeldingVoltage,0,40.9373,,2228224,2025-08-11 14:49:29
7169,RobotSimForPA/Global/R1_WeldingVoltage,0,57.357200000000006,,2228224,2025-08-11 14:49:30
7170,RobotSimForPA/Global/R1_WeldingVoltage,0,68.2864,,2228224,2025-08-11 14:49:31
7171,RobotSimForPA/Global/R1_WeldingVoltage,0,56.3239,,2228224,2025-08-11 14:49:32
7172,RobotSimForPA/Global/R1_WeldingVoltage,0,54.1047,,2228224,2025-08-11 14:49:33
7173,RobotSimForPA/Global/R1_WeldingVoltage,0,61.100300000000004,,2228224,2025-08-11 14:49:34
7174,RobotSimForPA/Global/R1_WeldingVoltage,0,64.56660000000001,,2228224,2025-08-11 14:49:35
7175,RobotSimForPA/Global/R1_WeldingVoltage,0,57.596000000000004,,2228224,2025-08-11 14:49:36
7176,RobotSimForPA/Global/R1_WeldingVoltage,0,41.801700000000004,,2228224,2025-08-11 14:49:37
7177,RobotSimForPA/Global/R1_WeldingVoltage,0,59.0777,,2228224,2025-08-11 14:49:38
7178,RobotSimForPA/Global/R1_WeldingVoltage,0,0.0,,2228224,2025-08-11 14:49:39
7179,RobotSimForPA/Global/R1_WeldingVoltage,0,0.0,,2228224,2025-08-11 14:49:40
7180,RobotSimForPA/Global/R1_WeldingVoltage,0,0.0,,2228224,2025-08-11 14:49:41
7181,RobotSimForPA/Global/R1_WeldingVoltage,0,0.0,,2228224,2025-08-11 14:49:42
7182,RobotSimForPA/Global/R1_WeldingVoltage,0,0.0,,2228224,2025-08-11 14:49:43
7183,RobotSimForPA/Global/R1_WeldingVoltage,0,0.0,,2228224,2025-08-11 14:49:44
7184,RobotSimForPA/Global/R1_WeldingVoltage,0,0.0,,2228224,2025-08-11 14:49:45
7185,RobotSimForPA/Global/R1_WeldingVoltage,0,0.0,,2228224,2025-08-11 14:49:46
7186,RobotSimForPA/Global/R1_WeldingVoltage,0,0.0,,2228224,2025-08-11 14:49:47
7187,RobotSimForPA/Global/R1_WeldingVoltage,0,0.0,,2228224,2025-08-11 14:49:48
7188,RobotSimForPA/Global/R1_WeldingVoltage,0,0.0,,2228224,2025-08-11 14:49:49
7189,RobotSimForPA/Global/R1_WeldingVoltage,0,0.0,,2228224,2025-08-11 14:49:50
7190,RobotSimForPA/Global/R1_WeldingVoltage,0,0.0,,2228224,2025-08-11 14:49:51
7191,RobotSimForPA/Global/R1_WeldingVoltage,0,0.0,,2228224,2025-08-11 14:49:52
7192,RobotSimForPA/Global/R1_WeldingVoltage,0,0.0,,2228224,2025-08-11 14:49:53
7193,RobotSimForPA/Global/R1_WeldingVoltage,0,0.0,,2228224,2025-08-11 14:49:54
7194,RobotSimForPA/Global/R1_WeldingVoltage,0,68.2775,,2228224,2025-08-11 14:49:55
7195,RobotSimForPA/Global/R1_WeldingVoltage,0,81.3227,,2228224,2025-08-11 14:49:56
7196,RobotSimForPA/Global/R1_WeldingVoltage,0,82.4705,,2228224,2025-08-11 14:49:57
7197,RobotSimForPA/Global/R1_WeldingVoltage,0,67.25580000000001,,2228224,2025-08-11 14:49:58
7198,RobotSimForPA/Global/R1_WeldingVoltage,0,79.912,,2228224,2025-08-11 14:49:59
7199,RobotSimForPA/Global/R1_WeldingVoltage,0,54.6165,,2228224,2025-08-11 14:50:00
