,VARIABLE_NAME,CALCULATION,VALUE,STRVALUE,STATUSFLAGS,TIMESTAMP
0,RobotSimForPA/ErrorAdditionR1/R1_Error3_Toggle,0,0.0,,2228224,2025-08-11 16:40:01
1,RobotSimForPA/ErrorAdditionR1/R1_Error3_Toggle,0,0.0,,2228224,2025-08-11 16:40:02
2,RobotSimForPA/ErrorAdditionR1/R1_Error3_Toggle,0,0.0,,2228224,2025-08-11 16:40:03
3,RobotSimForPA/ErrorAdditionR1/R1_Error3_Toggle,0,0.0,,2228224,2025-08-11 16:40:04
4,RobotSimForPA/ErrorAdditionR1/R1_Error3_Toggle,0,0.0,,2228224,2025-08-11 16:40:05
5,RobotSimForPA/ErrorAdditionR1/R1_Error3_Toggle,0,0.0,,2228224,2025-08-11 16:40:06
6,RobotSimForPA/ErrorAdditionR1/R1_Error3_Toggle,0,0.0,,2228224,2025-08-11 16:40:07
7,RobotSimForPA/ErrorAdditionR1/R1_Error3_Toggle,0,0.0,,2228224,2025-08-11 16:40:08
8,RobotSimForPA/ErrorAdditionR1/R1_Error3_Toggle,0,0.0,,2228224,2025-08-11 16:40:09
9,RobotSimForPA/ErrorAdditionR1/R1_Error3_Toggle,0,0.0,,2228224,2025-08-11 16:40:10
10,RobotSimForPA/ErrorAdditionR1/R1_Error3_Toggle,0,0.0,,2228224,2025-08-11 16:40:11
11,RobotSimForPA/ErrorAdditionR1/R1_Error3_Toggle,0,0.0,,2228224,2025-08-11 16:40:12
12,RobotSimForPA/ErrorAdditionR1/R1_Error3_Toggle,0,0.0,,2228224,2025-08-11 16:40:13
13,RobotSimForPA/ErrorAdditionR1/R1_Error3_Toggle,0,0.0,,2228224,2025-08-11 16:40:14
14,RobotSimForPA/ErrorAdditionR1/R1_Error3_Toggle,0,0.0,,2228224,2025-08-11 16:40:15
15,RobotSimForPA/ErrorAdditionR1/R1_Error3_Toggle,0,0.0,,2228224,2025-08-11 16:40:16
16,RobotSimForPA/ErrorAdditionR1/R1_Error3_Toggle,0,0.0,,2228224,2025-08-11 16:40:17
17,RobotSimForPA/ErrorAdditionR1/R1_Error3_Toggle,0,0.0,,2228224,2025-08-11 16:40:18
18,RobotSimForPA/ErrorAdditionR1/R1_Error3_Toggle,0,0.0,,2228224,2025-08-11 16:40:19
19,RobotSimForPA/ErrorAdditionR1/R1_Error3_Toggle,0,0.0,,2228224,2025-08-11 16:40:20
20,RobotSimForPA/ErrorAdditionR1/R1_Error3_Toggle,0,0.0,,2228224,2025-08-11 16:40:21
21,RobotSimForPA/ErrorAdditionR1/R1_Error3_Toggle,0,0.0,,2228224,2025-08-11 16:40:22
22,RobotSimForPA/ErrorAdditionR1/R1_Error3_Toggle,0,0.0,,2228224,2025-08-11 16:40:23
23,RobotSimForPA/ErrorAdditionR1/R1_Error3_Toggle,0,0.0,,2228224,2025-08-11 16:40:24
24,RobotSimForPA/ErrorAdditionR1/R1_Error3_Toggle,0,0.0,,2228224,2025-08-11 16:40:25
25,RobotSimForPA/ErrorAdditionR1/R1_Error3_Toggle,0,0.0,,2228224,2025-08-11 16:40:26
26,RobotSimForPA/ErrorAdditionR1/R1_Error3_Toggle,0,0.0,,2228224,2025-08-11 16:40:27
27,RobotSimForPA/ErrorAdditionR1/R1_Error3_Toggle,0,0.0,,2228224,2025-08-11 16:40:28
28,RobotSimForPA/ErrorAdditionR1/R1_Error3_Toggle,0,0.0,,2228224,2025-08-11 16:40:29
29,RobotSimForPA/ErrorAdditionR1/R1_Error3_Toggle,0,0.0,,2228224,2025-08-11 16:40:30
30,RobotSimForPA/ErrorAdditionR1/R1_Error3_Toggle,0,0.0,,2228224,2025-08-11 16:40:31
31,RobotSimForPA/ErrorAdditionR1/R1_Error3_Toggle,0,0.0,,2228224,2025-08-11 16:40:32
32,RobotSimForPA/ErrorAdditionR1/R1_Error3_Toggle,0,0.0,,2228224,2025-08-11 16:40:33
33,RobotSimForPA/ErrorAdditionR1/R1_Error3_Toggle,0,0.0,,2228224,2025-08-11 16:40:34
34,RobotSimForPA/ErrorAdditionR1/R1_Error3_Toggle,0,0.0,,2228224,2025-08-11 16:40:35
35,RobotSimForPA/ErrorAdditionR1/R1_Error3_Toggle,0,0.0,,2228224,2025-08-11 16:40:36
36,RobotSimForPA/ErrorAdditionR1/R1_Error3_Toggle,0,0.0,,2228224,2025-08-11 16:40:37
37,RobotSimForPA/ErrorAdditionR1/R1_Error3_Toggle,0,0.0,,2228224,2025-08-11 16:40:38
38,RobotSimForPA/ErrorAdditionR1/R1_Error3_Toggle,0,0.0,,2228224,2025-08-11 16:40:39
39,RobotSimForPA/ErrorAdditionR1/R1_Error3_Toggle,0,0.0,,2228224,2025-08-11 16:40:40
40,RobotSimForPA/ErrorAdditionR1/R1_Error3_Toggle,0,0.0,,2228224,2025-08-11 16:40:41
41,RobotSimForPA/ErrorAdditionR1/R1_Error3_Toggle,0,0.0,,2228224,2025-08-11 16:40:42
42,RobotSimForPA/ErrorAdditionR1/R1_Error3_Toggle,0,0.0,,2228224,2025-08-11 16:40:43
43,RobotSimForPA/ErrorAdditionR1/R1_Error3_Toggle,0,0.0,,2228224,2025-08-11 16:40:44
44,RobotSimForPA/ErrorAdditionR1/R1_Error3_Toggle,0,0.0,,2228224,2025-08-11 16:40:45
45,RobotSimForPA/ErrorAdditionR1/R1_Error3_Toggle,0,0.0,,2228224,2025-08-11 16:40:46
46,RobotSimForPA/ErrorAdditionR1/R1_Error3_Toggle,0,0.0,,2228224,2025-08-11 16:40:47
47,RobotSimForPA/ErrorAdditionR1/R1_Error3_Toggle,0,0.0,,2228224,2025-08-11 16:40:48
48,RobotSimForPA/ErrorAdditionR1/R1_Error3_Toggle,0,0.0,,2228224,2025-08-11 16:40:49
49,RobotSimForPA/ErrorAdditionR1/R1_Error3_Toggle,0,0.0,,2228224,2025-08-11 16:40:50
50,RobotSimForPA/ErrorAdditionR1/R1_Error3_Toggle,0,0.0,,2228224,2025-08-11 16:40:51
51,RobotSimForPA/ErrorAdditionR1/R1_Error3_Toggle,0,0.0,,2228224,2025-08-11 16:40:52
52,RobotSimForPA/ErrorAdditionR1/R1_Error3_Toggle,0,0.0,,2228224,2025-08-11 16:40:53
53,RobotSimForPA/ErrorAdditionR1/R1_Error3_Toggle,0,0.0,,2228224,2025-08-11 16:40:54
54,RobotSimForPA/ErrorAdditionR1/R1_Error3_Toggle,0,0.0,,2228224,2025-08-11 16:40:55
55,RobotSimForPA/ErrorAdditionR1/R1_Error3_Toggle,0,0.0,,2228224,2025-08-11 16:40:56
56,RobotSimForPA/ErrorAdditionR1/R1_Error3_Toggle,0,0.0,,2228224,2025-08-11 16:40:57
57,RobotSimForPA/ErrorAdditionR1/R1_Error3_Toggle,0,0.0,,2228224,2025-08-11 16:40:58
58,RobotSimForPA/ErrorAdditionR1/R1_Error3_Toggle,0,0.0,,2228224,2025-08-11 16:40:59
59,RobotSimForPA/ErrorAdditionR1/R1_Error3_Toggle,0,0.0,,2228224,2025-08-11 16:41:00
60,RobotSimForPA/ErrorAdditionR1/R1_Error3_Toggle,0,0.0,,2228224,2025-08-11 16:41:01
61,RobotSimForPA/ErrorAdditionR1/R1_Error3_Toggle,0,0.0,,2228224,2025-08-11 16:41:02
62,RobotSimForPA/ErrorAdditionR1/R1_Error3_Toggle,0,0.0,,2228224,2025-08-11 16:41:03
63,RobotSimForPA/ErrorAdditionR1/R1_Error3_Toggle,0,0.0,,2228224,2025-08-11 16:41:04
64,RobotSimForPA/ErrorAdditionR1/R1_Error3_Toggle,0,0.0,,2228224,2025-08-11 16:41:05
65,RobotSimForPA/ErrorAdditionR1/R1_Error3_Toggle,0,0.0,,2228224,2025-08-11 16:41:06
66,RobotSimForPA/ErrorAdditionR1/R1_Error3_Toggle,0,0.0,,2228224,2025-08-11 16:41:07
67,RobotSimForPA/ErrorAdditionR1/R1_Error3_Toggle,0,0.0,,2228224,2025-08-11 16:41:08
68,RobotSimForPA/ErrorAdditionR1/R1_Error3_Toggle,0,0.0,,2228224,2025-08-11 16:41:09
69,RobotSimForPA/ErrorAdditionR1/R1_Error3_Toggle,0,0.0,,2228224,2025-08-11 16:41:10
70,RobotSimForPA/ErrorAdditionR1/R1_Error3_Toggle,0,0.0,,2228224,2025-08-11 16:41:11
71,RobotSimForPA/ErrorAdditionR1/R1_Error3_Toggle,0,0.0,,2228224,2025-08-11 16:41:12
72,RobotSimForPA/ErrorAdditionR1/R1_Error3_Toggle,0,0.0,,2228224,2025-08-11 16:41:13
73,RobotSimForPA/ErrorAdditionR1/R1_Error3_Toggle,0,0.0,,2228224,2025-08-11 16:41:14
74,RobotSimForPA/ErrorAdditionR1/R1_Error3_Toggle,0,0.0,,2228224,2025-08-11 16:41:15
75,RobotSimForPA/ErrorAdditionR1/R1_Error3_Toggle,0,0.0,,2228224,2025-08-11 16:41:16
76,RobotSimForPA/ErrorAdditionR1/R1_Error3_Toggle,0,0.0,,2228224,2025-08-11 16:41:17
77,RobotSimForPA/ErrorAdditionR1/R1_Error3_Toggle,0,0.0,,2228224,2025-08-11 16:41:18
78,RobotSimForPA/ErrorAdditionR1/R1_Error3_Toggle,0,0.0,,2228224,2025-08-11 16:41:19
79,RobotSimForPA/ErrorAdditionR1/R1_Error3_Toggle,0,0.0,,2228224,2025-08-11 16:41:20
80,RobotSimForPA/ErrorAdditionR1/R1_Error3_Toggle,0,0.0,,2228224,2025-08-11 16:41:21
81,RobotSimForPA/ErrorAdditionR1/R1_Error3_Toggle,0,0.0,,2228224,2025-08-11 16:41:22
82,RobotSimForPA/ErrorAdditionR1/R1_Error3_Toggle,0,0.0,,2228224,2025-08-11 16:41:23
83,RobotSimForPA/ErrorAdditionR1/R1_Error3_Toggle,0,0.0,,2228224,2025-08-11 16:41:24
84,RobotSimForPA/ErrorAdditionR1/R1_Error3_Toggle,0,0.0,,2228224,2025-08-11 16:41:25
85,RobotSimForPA/ErrorAdditionR1/R1_Error3_Toggle,0,0.0,,2228224,2025-08-11 16:41:26
86,RobotSimForPA/ErrorAdditionR1/R1_Error3_Toggle,0,0.0,,2228224,2025-08-11 16:41:27
87,RobotSimForPA/ErrorAdditionR1/R1_Error3_Toggle,0,0.0,,2228224,2025-08-11 16:41:28
88,RobotSimForPA/ErrorAdditionR1/R1_Error3_Toggle,0,0.0,,2228224,2025-08-11 16:41:29
89,RobotSimForPA/ErrorAdditionR1/R1_Error3_Toggle,0,0.0,,2228224,2025-08-11 16:41:30
90,RobotSimForPA/ErrorAdditionR1/R1_Error3_Toggle,0,0.0,,2228224,2025-08-11 16:41:31
91,RobotSimForPA/ErrorAdditionR1/R1_Error3_Toggle,0,0.0,,2228224,2025-08-11 16:41:32
92,RobotSimForPA/ErrorAdditionR1/R1_Error3_Toggle,0,0.0,,2228224,2025-08-11 16:41:33
93,RobotSimForPA/ErrorAdditionR1/R1_Error3_Toggle,0,0.0,,2228224,2025-08-11 16:41:34
94,RobotSimForPA/ErrorAdditionR1/R1_Error3_Toggle,0,0.0,,2228224,2025-08-11 16:41:35
95,RobotSimForPA/ErrorAdditionR1/R1_Error3_Toggle,0,0.0,,2228224,2025-08-11 16:41:36
96,RobotSimForPA/ErrorAdditionR1/R1_Error3_Toggle,0,0.0,,2228224,2025-08-11 16:41:37
97,RobotSimForPA/ErrorAdditionR1/R1_Error3_Toggle,0,0.0,,2228224,2025-08-11 16:41:38
98,RobotSimForPA/ErrorAdditionR1/R1_Error3_Toggle,0,0.0,,2228224,2025-08-11 16:41:39
99,RobotSimForPA/ErrorAdditionR1/R1_Error3_Toggle,0,0.0,,2228224,2025-08-11 16:41:40
100,RobotSimForPA/ErrorAdditionR1/R1_Error3_Toggle,0,0.0,,2228224,2025-08-11 16:41:41
101,RobotSimForPA/ErrorAdditionR1/R1_Error3_Toggle,0,0.0,,2228224,2025-08-11 16:41:42
102,RobotSimForPA/ErrorAdditionR1/R1_Error3_Toggle,0,0.0,,2228224,2025-08-11 16:41:43
103,RobotSimForPA/ErrorAdditionR1/R1_Error3_Toggle,0,0.0,,2228224,2025-08-11 16:41:44
104,RobotSimForPA/ErrorAdditionR1/R1_Error3_Toggle,0,0.0,,2228224,2025-08-11 16:41:45
105,RobotSimForPA/ErrorAdditionR1/R1_Error3_Toggle,0,0.0,,2228224,2025-08-11 16:41:46
106,RobotSimForPA/ErrorAdditionR1/R1_Error3_Toggle,0,0.0,,2228224,2025-08-11 16:41:47
107,RobotSimForPA/ErrorAdditionR1/R1_Error3_Toggle,0,0.0,,2228224,2025-08-11 16:41:48
108,RobotSimForPA/ErrorAdditionR1/R1_Error3_Toggle,0,0.0,,2228224,2025-08-11 16:41:49
109,RobotSimForPA/ErrorAdditionR1/R1_Error3_Toggle,0,0.0,,2228224,2025-08-11 16:41:50
110,RobotSimForPA/ErrorAdditionR1/R1_Error3_Toggle,0,0.0,,2228224,2025-08-11 16:41:51
111,RobotSimForPA/ErrorAdditionR1/R1_Error3_Toggle,0,0.0,,2228224,2025-08-11 16:41:52
112,RobotSimForPA/ErrorAdditionR1/R1_Error3_Toggle,0,0.0,,2228224,2025-08-11 16:41:53
113,RobotSimForPA/ErrorAdditionR1/R1_Error3_Toggle,0,0.0,,2228224,2025-08-11 16:41:54
114,RobotSimForPA/ErrorAdditionR1/R1_Error3_Toggle,0,0.0,,2228224,2025-08-11 16:41:55
115,RobotSimForPA/ErrorAdditionR1/R1_Error3_Toggle,0,0.0,,2228224,2025-08-11 16:41:56
116,RobotSimForPA/ErrorAdditionR1/R1_Error3_Toggle,0,0.0,,2228224,2025-08-11 16:41:57
117,RobotSimForPA/ErrorAdditionR1/R1_Error3_Toggle,0,0.0,,2228224,2025-08-11 16:41:58
118,RobotSimForPA/ErrorAdditionR1/R1_Error3_Toggle,0,0.0,,2228224,2025-08-11 16:41:59
119,RobotSimForPA/ErrorAdditionR1/R1_Error3_Toggle,0,0.0,,2228224,2025-08-11 16:42:00
120,RobotSimForPA/ErrorAdditionR1/R1_Error3_Toggle,0,0.0,,2228224,2025-08-11 16:42:01
121,RobotSimForPA/ErrorAdditionR1/R1_Error3_Toggle,0,0.0,,2228224,2025-08-11 16:42:02
122,RobotSimForPA/ErrorAdditionR1/R1_Error3_Toggle,0,0.0,,2228224,2025-08-11 16:42:03
123,RobotSimForPA/ErrorAdditionR1/R1_Error3_Toggle,0,0.0,,2228224,2025-08-11 16:42:04
124,RobotSimForPA/ErrorAdditionR1/R1_Error3_Toggle,0,0.0,,2228224,2025-08-11 16:42:05
125,RobotSimForPA/ErrorAdditionR1/R1_Error3_Toggle,0,0.0,,2228224,2025-08-11 16:42:06
126,RobotSimForPA/ErrorAdditionR1/R1_Error3_Toggle,0,0.0,,2228224,2025-08-11 16:42:07
127,RobotSimForPA/ErrorAdditionR1/R1_Error3_Toggle,0,0.0,,2228224,2025-08-11 16:42:08
128,RobotSimForPA/ErrorAdditionR1/R1_Error3_Toggle,0,0.0,,2228224,2025-08-11 16:42:09
129,RobotSimForPA/ErrorAdditionR1/R1_Error3_Toggle,0,0.0,,2228224,2025-08-11 16:42:10
130,RobotSimForPA/ErrorAdditionR1/R1_Error3_Toggle,0,0.0,,2228224,2025-08-11 16:42:11
131,RobotSimForPA/ErrorAdditionR1/R1_Error3_Toggle,0,0.0,,2228224,2025-08-11 16:42:12
132,RobotSimForPA/ErrorAdditionR1/R1_Error3_Toggle,0,0.0,,2228224,2025-08-11 16:42:13
133,RobotSimForPA/ErrorAdditionR1/R1_Error3_Toggle,0,0.0,,2228224,2025-08-11 16:42:14
134,RobotSimForPA/ErrorAdditionR1/R1_Error3_Toggle,0,0.0,,2228224,2025-08-11 16:42:15
135,RobotSimForPA/ErrorAdditionR1/R1_Error3_Toggle,0,0.0,,2228224,2025-08-11 16:42:16
136,RobotSimForPA/ErrorAdditionR1/R1_Error3_Toggle,0,0.0,,2228224,2025-08-11 16:42:17
137,RobotSimForPA/ErrorAdditionR1/R1_Error3_Toggle,0,0.0,,2228224,2025-08-11 16:42:18
138,RobotSimForPA/ErrorAdditionR1/R1_Error3_Toggle,0,0.0,,2228224,2025-08-11 16:42:19
139,RobotSimForPA/ErrorAdditionR1/R1_Error3_Toggle,0,0.0,,2228224,2025-08-11 16:42:20
140,RobotSimForPA/ErrorAdditionR1/R1_Error3_Toggle,0,0.0,,2228224,2025-08-11 16:42:21
141,RobotSimForPA/ErrorAdditionR1/R1_Error3_Toggle,0,0.0,,2228224,2025-08-11 16:42:22
142,RobotSimForPA/ErrorAdditionR1/R1_Error3_Toggle,0,0.0,,2228224,2025-08-11 16:42:23
143,RobotSimForPA/ErrorAdditionR1/R1_Error3_Toggle,0,0.0,,2228224,2025-08-11 16:42:24
144,RobotSimForPA/ErrorAdditionR1/R1_Error3_Toggle,0,0.0,,2228224,2025-08-11 16:42:25
145,RobotSimForPA/ErrorAdditionR1/R1_Error3_Toggle,0,0.0,,2228224,2025-08-11 16:42:26
146,RobotSimForPA/ErrorAdditionR1/R1_Error3_Toggle,0,0.0,,2228224,2025-08-11 16:42:27
147,RobotSimForPA/ErrorAdditionR1/R1_Error3_Toggle,0,0.0,,2228224,2025-08-11 16:42:28
148,RobotSimForPA/ErrorAdditionR1/R1_Error3_Toggle,0,0.0,,2228224,2025-08-11 16:42:29
149,RobotSimForPA/ErrorAdditionR1/R1_Error3_Toggle,0,0.0,,2228224,2025-08-11 16:42:30
150,RobotSimForPA/ErrorAdditionR1/R1_Error3_Toggle,0,0.0,,2228224,2025-08-11 16:42:31
151,RobotSimForPA/ErrorAdditionR1/R1_Error3_Toggle,0,0.0,,2228224,2025-08-11 16:42:32
152,RobotSimForPA/ErrorAdditionR1/R1_Error3_Toggle,0,0.0,,2228224,2025-08-11 16:42:33
153,RobotSimForPA/ErrorAdditionR1/R1_Error3_Toggle,0,0.0,,2228224,2025-08-11 16:42:34
154,RobotSimForPA/ErrorAdditionR1/R1_Error3_Toggle,0,0.0,,2228224,2025-08-11 16:42:35
155,RobotSimForPA/ErrorAdditionR1/R1_Error3_Toggle,0,0.0,,2228224,2025-08-11 16:42:36
156,RobotSimForPA/ErrorAdditionR1/R1_Error3_Toggle,0,0.0,,2228224,2025-08-11 16:42:37
157,RobotSimForPA/ErrorAdditionR1/R1_Error3_Toggle,0,0.0,,2228224,2025-08-11 16:42:38
158,RobotSimForPA/ErrorAdditionR1/R1_Error3_Toggle,0,0.0,,2228224,2025-08-11 16:42:39
159,RobotSimForPA/ErrorAdditionR1/R1_Error3_Toggle,0,0.0,,2228224,2025-08-11 16:42:40
160,RobotSimForPA/ErrorAdditionR1/R1_Error3_Toggle,0,0.0,,2228224,2025-08-11 16:42:41
161,RobotSimForPA/ErrorAdditionR1/R1_Error3_Toggle,0,0.0,,2228224,2025-08-11 16:42:42
162,RobotSimForPA/ErrorAdditionR1/R1_Error3_Toggle,0,0.0,,2228224,2025-08-11 16:42:43
163,RobotSimForPA/ErrorAdditionR1/R1_Error3_Toggle,0,0.0,,2228224,2025-08-11 16:42:44
164,RobotSimForPA/ErrorAdditionR1/R1_Error3_Toggle,0,0.0,,2228224,2025-08-11 16:42:45
165,RobotSimForPA/ErrorAdditionR1/R1_Error3_Toggle,0,0.0,,2228224,2025-08-11 16:42:46
166,RobotSimForPA/ErrorAdditionR1/R1_Error3_Toggle,0,0.0,,2228224,2025-08-11 16:42:47
167,RobotSimForPA/ErrorAdditionR1/R1_Error3_Toggle,0,0.0,,2228224,2025-08-11 16:42:48
168,RobotSimForPA/ErrorAdditionR1/R1_Error3_Toggle,0,0.0,,2228224,2025-08-11 16:42:49
169,RobotSimForPA/ErrorAdditionR1/R1_Error3_Toggle,0,0.0,,2228224,2025-08-11 16:42:50
170,RobotSimForPA/ErrorAdditionR1/R1_Error3_Toggle,0,0.0,,2228224,2025-08-11 16:42:51
171,RobotSimForPA/ErrorAdditionR1/R1_Error3_Toggle,0,0.0,,2228224,2025-08-11 16:42:52
172,RobotSimForPA/ErrorAdditionR1/R1_Error3_Toggle,0,0.0,,2228224,2025-08-11 16:42:53
173,RobotSimForPA/ErrorAdditionR1/R1_Error3_Toggle,0,0.0,,2228224,2025-08-11 16:42:54
174,RobotSimForPA/ErrorAdditionR1/R1_Error3_Toggle,0,0.0,,2228224,2025-08-11 16:42:55
175,RobotSimForPA/ErrorAdditionR1/R1_Error3_Toggle,0,0.0,,2228224,2025-08-11 16:42:56
176,RobotSimForPA/ErrorAdditionR1/R1_Error3_Toggle,0,0.0,,2228224,2025-08-11 16:42:57
177,RobotSimForPA/ErrorAdditionR1/R1_Error3_Toggle,0,0.0,,2228224,2025-08-11 16:42:58
178,RobotSimForPA/ErrorAdditionR1/R1_Error3_Toggle,0,0.0,,2228224,2025-08-11 16:42:59
179,RobotSimForPA/ErrorAdditionR1/R1_Error3_Toggle,0,0.0,,2228224,2025-08-11 16:43:00
180,RobotSimForPA/ErrorAdditionR1/R1_Error3_Toggle,0,0.0,,2228224,2025-08-11 16:43:01
181,RobotSimForPA/ErrorAdditionR1/R1_Error3_Toggle,0,0.0,,2228224,2025-08-11 16:43:02
182,RobotSimForPA/ErrorAdditionR1/R1_Error3_Toggle,0,0.0,,2228224,2025-08-11 16:43:03
183,RobotSimForPA/ErrorAdditionR1/R1_Error3_Toggle,0,0.0,,2228224,2025-08-11 16:43:04
184,RobotSimForPA/ErrorAdditionR1/R1_Error3_Toggle,0,0.0,,2228224,2025-08-11 16:43:05
185,RobotSimForPA/ErrorAdditionR1/R1_Error3_Toggle,0,0.0,,2228224,2025-08-11 16:43:06
186,RobotSimForPA/ErrorAdditionR1/R1_Error3_Toggle,0,0.0,,2228224,2025-08-11 16:43:07
187,RobotSimForPA/ErrorAdditionR1/R1_Error3_Toggle,0,0.0,,2228224,2025-08-11 16:43:08
188,RobotSimForPA/ErrorAdditionR1/R1_Error3_Toggle,0,0.0,,2228224,2025-08-11 16:43:09
189,RobotSimForPA/ErrorAdditionR1/R1_Error3_Toggle,0,0.0,,2228224,2025-08-11 16:43:10
190,RobotSimForPA/ErrorAdditionR1/R1_Error3_Toggle,0,0.0,,2228224,2025-08-11 16:43:11
191,RobotSimForPA/ErrorAdditionR1/R1_Error3_Toggle,0,0.0,,2228224,2025-08-11 16:43:12
192,RobotSimForPA/ErrorAdditionR1/R1_Error3_Toggle,0,0.0,,2228224,2025-08-11 16:43:13
193,RobotSimForPA/ErrorAdditionR1/R1_Error3_Toggle,0,0.0,,2228224,2025-08-11 16:43:14
194,RobotSimForPA/ErrorAdditionR1/R1_Error3_Toggle,0,0.0,,2228224,2025-08-11 16:43:15
195,RobotSimForPA/ErrorAdditionR1/R1_Error3_Toggle,0,0.0,,2228224,2025-08-11 16:43:16
196,RobotSimForPA/ErrorAdditionR1/R1_Error3_Toggle,0,0.0,,2228224,2025-08-11 16:43:17
197,RobotSimForPA/ErrorAdditionR1/R1_Error3_Toggle,0,0.0,,2228224,2025-08-11 16:43:18
198,RobotSimForPA/ErrorAdditionR1/R1_Error3_Toggle,0,0.0,,2228224,2025-08-11 16:43:19
199,RobotSimForPA/ErrorAdditionR1/R1_Error3_Toggle,0,0.0,,2228224,2025-08-11 16:43:20
200,RobotSimForPA/ErrorAdditionR1/R1_Error3_Toggle,0,0.0,,2228224,2025-08-11 16:43:21
201,RobotSimForPA/ErrorAdditionR1/R1_Error3_Toggle,0,0.0,,2228224,2025-08-11 16:43:22
202,RobotSimForPA/ErrorAdditionR1/R1_Error3_Toggle,0,0.0,,2228224,2025-08-11 16:43:23
203,RobotSimForPA/ErrorAdditionR1/R1_Error3_Toggle,0,0.0,,2228224,2025-08-11 16:43:24
204,RobotSimForPA/ErrorAdditionR1/R1_Error3_Toggle,0,0.0,,2228224,2025-08-11 16:43:25
205,RobotSimForPA/ErrorAdditionR1/R1_Error3_Toggle,0,0.0,,2228224,2025-08-11 16:43:26
206,RobotSimForPA/ErrorAdditionR1/R1_Error3_Toggle,0,0.0,,2228224,2025-08-11 16:43:27
207,RobotSimForPA/ErrorAdditionR1/R1_Error3_Toggle,0,0.0,,2228224,2025-08-11 16:43:28
208,RobotSimForPA/ErrorAdditionR1/R1_Error3_Toggle,0,0.0,,2228224,2025-08-11 16:43:29
209,RobotSimForPA/ErrorAdditionR1/R1_Error3_Toggle,0,0.0,,2228224,2025-08-11 16:43:30
210,RobotSimForPA/ErrorAdditionR1/R1_Error3_Toggle,0,0.0,,2228224,2025-08-11 16:43:31
211,RobotSimForPA/ErrorAdditionR1/R1_Error3_Toggle,0,0.0,,2228224,2025-08-11 16:43:32
212,RobotSimForPA/ErrorAdditionR1/R1_Error3_Toggle,0,0.0,,2228224,2025-08-11 16:43:33
213,RobotSimForPA/ErrorAdditionR1/R1_Error3_Toggle,0,0.0,,2228224,2025-08-11 16:43:34
214,RobotSimForPA/ErrorAdditionR1/R1_Error3_Toggle,0,0.0,,2228224,2025-08-11 16:43:35
215,RobotSimForPA/ErrorAdditionR1/R1_Error3_Toggle,0,0.0,,2228224,2025-08-11 16:43:36
216,RobotSimForPA/ErrorAdditionR1/R1_Error3_Toggle,0,0.0,,2228224,2025-08-11 16:43:37
217,RobotSimForPA/ErrorAdditionR1/R1_Error3_Toggle,0,0.0,,2228224,2025-08-11 16:43:38
218,RobotSimForPA/ErrorAdditionR1/R1_Error3_Toggle,0,0.0,,2228224,2025-08-11 16:43:39
219,RobotSimForPA/ErrorAdditionR1/R1_Error3_Toggle,0,0.0,,2228224,2025-08-11 16:43:40
220,RobotSimForPA/ErrorAdditionR1/R1_Error3_Toggle,0,0.0,,2228224,2025-08-11 16:43:41
221,RobotSimForPA/ErrorAdditionR1/R1_Error3_Toggle,0,0.0,,2228224,2025-08-11 16:43:42
222,RobotSimForPA/ErrorAdditionR1/R1_Error3_Toggle,0,0.0,,2228224,2025-08-11 16:43:43
223,RobotSimForPA/ErrorAdditionR1/R1_Error3_Toggle,0,0.0,,2228224,2025-08-11 16:43:44
224,RobotSimForPA/ErrorAdditionR1/R1_Error3_Toggle,0,0.0,,2228224,2025-08-11 16:43:45
225,RobotSimForPA/ErrorAdditionR1/R1_Error3_Toggle,0,0.0,,2228224,2025-08-11 16:43:46
226,RobotSimForPA/ErrorAdditionR1/R1_Error3_Toggle,0,0.0,,2228224,2025-08-11 16:43:47
227,RobotSimForPA/ErrorAdditionR1/R1_Error3_Toggle,0,0.0,,2228224,2025-08-11 16:43:48
228,RobotSimForPA/ErrorAdditionR1/R1_Error3_Toggle,0,0.0,,2228224,2025-08-11 16:43:49
229,RobotSimForPA/ErrorAdditionR1/R1_Error3_Toggle,0,0.0,,2228224,2025-08-11 16:43:50
230,RobotSimForPA/ErrorAdditionR1/R1_Error3_Toggle,0,0.0,,2228224,2025-08-11 16:43:51
231,RobotSimForPA/ErrorAdditionR1/R1_Error3_Toggle,0,0.0,,2228224,2025-08-11 16:43:52
232,RobotSimForPA/ErrorAdditionR1/R1_Error3_Toggle,0,0.0,,2228224,2025-08-11 16:43:53
233,RobotSimForPA/ErrorAdditionR1/R1_Error3_Toggle,0,0.0,,2228224,2025-08-11 16:43:54
234,RobotSimForPA/ErrorAdditionR1/R1_Error3_Toggle,0,0.0,,2228224,2025-08-11 16:43:55
235,RobotSimForPA/ErrorAdditionR1/R1_Error3_Toggle,0,0.0,,2228224,2025-08-11 16:43:56
236,RobotSimForPA/ErrorAdditionR1/R1_Error3_Toggle,0,0.0,,2228224,2025-08-11 16:43:57
237,RobotSimForPA/ErrorAdditionR1/R1_Error3_Toggle,0,0.0,,2228224,2025-08-11 16:43:58
238,RobotSimForPA/ErrorAdditionR1/R1_Error3_Toggle,0,0.0,,2228224,2025-08-11 16:43:59
239,RobotSimForPA/ErrorAdditionR1/R1_Error3_Toggle,0,0.0,,2228224,2025-08-11 16:44:00
240,RobotSimForPA/ErrorAdditionR1/R1_Error3_Toggle,0,0.0,,2228224,2025-08-11 16:44:01
241,RobotSimForPA/ErrorAdditionR1/R1_Error3_Toggle,0,0.0,,2228224,2025-08-11 16:44:02
242,RobotSimForPA/ErrorAdditionR1/R1_Error3_Toggle,0,0.0,,2228224,2025-08-11 16:44:03
243,RobotSimForPA/ErrorAdditionR1/R1_Error3_Toggle,0,0.0,,2228224,2025-08-11 16:44:04
244,RobotSimForPA/ErrorAdditionR1/R1_Error3_Toggle,0,0.0,,2228224,2025-08-11 16:44:05
245,RobotSimForPA/ErrorAdditionR1/R1_Error3_Toggle,0,0.0,,2228224,2025-08-11 16:44:06
246,RobotSimForPA/ErrorAdditionR1/R1_Error3_Toggle,0,0.0,,2228224,2025-08-11 16:44:07
247,RobotSimForPA/ErrorAdditionR1/R1_Error3_Toggle,0,0.0,,2228224,2025-08-11 16:44:08
248,RobotSimForPA/ErrorAdditionR1/R1_Error3_Toggle,0,0.0,,2228224,2025-08-11 16:44:09
249,RobotSimForPA/ErrorAdditionR1/R1_Error3_Toggle,0,0.0,,2228224,2025-08-11 16:44:10
250,RobotSimForPA/ErrorAdditionR1/R1_Error3_Toggle,0,0.0,,2228224,2025-08-11 16:44:11
251,RobotSimForPA/ErrorAdditionR1/R1_Error3_Toggle,0,0.0,,2228224,2025-08-11 16:44:12
252,RobotSimForPA/ErrorAdditionR1/R1_Error3_Toggle,0,0.0,,2228224,2025-08-11 16:44:13
253,RobotSimForPA/ErrorAdditionR1/R1_Error3_Toggle,0,0.0,,2228224,2025-08-11 16:44:14
254,RobotSimForPA/ErrorAdditionR1/R1_Error3_Toggle,0,0.0,,2228224,2025-08-11 16:44:15
255,RobotSimForPA/ErrorAdditionR1/R1_Error3_Toggle,0,0.0,,2228224,2025-08-11 16:44:16
256,RobotSimForPA/ErrorAdditionR1/R1_Error3_Toggle,0,0.0,,2228224,2025-08-11 16:44:17
257,RobotSimForPA/ErrorAdditionR1/R1_Error3_Toggle,0,0.0,,2228224,2025-08-11 16:44:18
258,RobotSimForPA/ErrorAdditionR1/R1_Error3_Toggle,0,0.0,,2228224,2025-08-11 16:44:19
259,RobotSimForPA/ErrorAdditionR1/R1_Error3_Toggle,0,0.0,,2228224,2025-08-11 16:44:20
260,RobotSimForPA/ErrorAdditionR1/R1_Error3_Toggle,0,0.0,,2228224,2025-08-11 16:44:21
261,RobotSimForPA/ErrorAdditionR1/R1_Error3_Toggle,0,0.0,,2228224,2025-08-11 16:44:22
262,RobotSimForPA/ErrorAdditionR1/R1_Error3_Toggle,0,0.0,,2228224,2025-08-11 16:44:23
263,RobotSimForPA/ErrorAdditionR1/R1_Error3_Toggle,0,0.0,,2228224,2025-08-11 16:44:24
264,RobotSimForPA/ErrorAdditionR1/R1_Error3_Toggle,0,0.0,,2228224,2025-08-11 16:44:25
265,RobotSimForPA/ErrorAdditionR1/R1_Error3_Toggle,0,0.0,,2228224,2025-08-11 16:44:26
266,RobotSimForPA/ErrorAdditionR1/R1_Error3_Toggle,0,0.0,,2228224,2025-08-11 16:44:27
267,RobotSimForPA/ErrorAdditionR1/R1_Error3_Toggle,0,0.0,,2228224,2025-08-11 16:44:28
268,RobotSimForPA/ErrorAdditionR1/R1_Error3_Toggle,0,0.0,,2228224,2025-08-11 16:44:29
269,RobotSimForPA/ErrorAdditionR1/R1_Error3_Toggle,0,0.0,,2228224,2025-08-11 16:44:30
270,RobotSimForPA/ErrorAdditionR1/R1_Error3_Toggle,0,0.0,,2228224,2025-08-11 16:44:31
271,RobotSimForPA/ErrorAdditionR1/R1_Error3_Toggle,0,0.0,,2228224,2025-08-11 16:44:32
272,RobotSimForPA/ErrorAdditionR1/R1_Error3_Toggle,0,0.0,,2228224,2025-08-11 16:44:33
273,RobotSimForPA/ErrorAdditionR1/R1_Error3_Toggle,0,0.0,,2228224,2025-08-11 16:44:34
274,RobotSimForPA/ErrorAdditionR1/R1_Error3_Toggle,0,0.0,,2228224,2025-08-11 16:44:35
275,RobotSimForPA/ErrorAdditionR1/R1_Error3_Toggle,0,0.0,,2228224,2025-08-11 16:44:36
276,RobotSimForPA/ErrorAdditionR1/R1_Error3_Toggle,0,0.0,,2228224,2025-08-11 16:44:37
277,RobotSimForPA/ErrorAdditionR1/R1_Error3_Toggle,0,0.0,,2228224,2025-08-11 16:44:38
278,RobotSimForPA/ErrorAdditionR1/R1_Error3_Toggle,0,0.0,,2228224,2025-08-11 16:44:39
279,RobotSimForPA/ErrorAdditionR1/R1_Error3_Toggle,0,0.0,,2228224,2025-08-11 16:44:40
280,RobotSimForPA/ErrorAdditionR1/R1_Error3_Toggle,0,0.0,,2228224,2025-08-11 16:44:41
281,RobotSimForPA/ErrorAdditionR1/R1_Error3_Toggle,0,0.0,,2228224,2025-08-11 16:44:42
282,RobotSimForPA/ErrorAdditionR1/R1_Error3_Toggle,0,0.0,,2228224,2025-08-11 16:44:43
283,RobotSimForPA/ErrorAdditionR1/R1_Error3_Toggle,0,0.0,,2228224,2025-08-11 16:44:44
284,RobotSimForPA/ErrorAdditionR1/R1_Error3_Toggle,0,0.0,,2228224,2025-08-11 16:44:45
285,RobotSimForPA/ErrorAdditionR1/R1_Error3_Toggle,0,0.0,,2228224,2025-08-11 16:44:46
286,RobotSimForPA/ErrorAdditionR1/R1_Error3_Toggle,0,0.0,,2228224,2025-08-11 16:44:47
287,RobotSimForPA/ErrorAdditionR1/R1_Error3_Toggle,0,0.0,,2228224,2025-08-11 16:44:48
288,RobotSimForPA/ErrorAdditionR1/R1_Error3_Toggle,0,0.0,,2228224,2025-08-11 16:44:49
289,RobotSimForPA/ErrorAdditionR1/R1_Error3_Toggle,0,0.0,,2228224,2025-08-11 16:44:50
290,RobotSimForPA/ErrorAdditionR1/R1_Error3_Toggle,0,0.0,,2228224,2025-08-11 16:44:51
291,RobotSimForPA/ErrorAdditionR1/R1_Error3_Toggle,0,0.0,,2228224,2025-08-11 16:44:52
292,RobotSimForPA/ErrorAdditionR1/R1_Error3_Toggle,0,0.0,,2228224,2025-08-11 16:44:53
293,RobotSimForPA/ErrorAdditionR1/R1_Error3_Toggle,0,0.0,,2228224,2025-08-11 16:44:54
294,RobotSimForPA/ErrorAdditionR1/R1_Error3_Toggle,0,0.0,,2228224,2025-08-11 16:44:55
295,RobotSimForPA/ErrorAdditionR1/R1_Error3_Toggle,0,0.0,,2228224,2025-08-11 16:44:56
296,RobotSimForPA/ErrorAdditionR1/R1_Error3_Toggle,0,0.0,,2228224,2025-08-11 16:44:57
297,RobotSimForPA/ErrorAdditionR1/R1_Error3_Toggle,0,0.0,,2228224,2025-08-11 16:44:58
298,RobotSimForPA/ErrorAdditionR1/R1_Error3_Toggle,0,0.0,,2228224,2025-08-11 16:44:59
299,RobotSimForPA/ErrorAdditionR1/R1_Error3_Toggle,0,0.0,,2228224,2025-08-11 16:45:00
300,RobotSimForPA/ErrorAdditionR1/R1_Error3_Toggle,0,0.0,,2228224,2025-08-11 16:45:01
301,RobotSimForPA/ErrorAdditionR1/R1_Error3_Toggle,0,0.0,,2228224,2025-08-11 16:45:02
302,RobotSimForPA/ErrorAdditionR1/R1_Error3_Toggle,0,0.0,,2228224,2025-08-11 16:45:03
303,RobotSimForPA/ErrorAdditionR1/R1_Error3_Toggle,0,0.0,,2228224,2025-08-11 16:45:04
304,RobotSimForPA/ErrorAdditionR1/R1_Error3_Toggle,0,0.0,,2228224,2025-08-11 16:45:05
305,RobotSimForPA/ErrorAdditionR1/R1_Error3_Toggle,0,0.0,,2228224,2025-08-11 16:45:06
306,RobotSimForPA/ErrorAdditionR1/R1_Error3_Toggle,0,0.0,,2228224,2025-08-11 16:45:07
307,RobotSimForPA/ErrorAdditionR1/R1_Error3_Toggle,0,0.0,,2228224,2025-08-11 16:45:08
308,RobotSimForPA/ErrorAdditionR1/R1_Error3_Toggle,0,0.0,,2228224,2025-08-11 16:45:09
309,RobotSimForPA/ErrorAdditionR1/R1_Error3_Toggle,0,0.0,,2228224,2025-08-11 16:45:10
310,RobotSimForPA/ErrorAdditionR1/R1_Error3_Toggle,0,0.0,,2228224,2025-08-11 16:45:11
311,RobotSimForPA/ErrorAdditionR1/R1_Error3_Toggle,0,0.0,,2228224,2025-08-11 16:45:12
312,RobotSimForPA/ErrorAdditionR1/R1_Error3_Toggle,0,0.0,,2228224,2025-08-11 16:45:13
313,RobotSimForPA/ErrorAdditionR1/R1_Error3_Toggle,0,0.0,,2228224,2025-08-11 16:45:14
314,RobotSimForPA/ErrorAdditionR1/R1_Error3_Toggle,0,0.0,,2228224,2025-08-11 16:45:15
315,RobotSimForPA/ErrorAdditionR1/R1_Error3_Toggle,0,0.0,,2228224,2025-08-11 16:45:16
316,RobotSimForPA/ErrorAdditionR1/R1_Error3_Toggle,0,0.0,,2228224,2025-08-11 16:45:17
317,RobotSimForPA/ErrorAdditionR1/R1_Error3_Toggle,0,0.0,,2228224,2025-08-11 16:45:18
318,RobotSimForPA/ErrorAdditionR1/R1_Error3_Toggle,0,0.0,,2228224,2025-08-11 16:45:19
319,RobotSimForPA/ErrorAdditionR1/R1_Error3_Toggle,0,0.0,,2228224,2025-08-11 16:45:20
320,RobotSimForPA/ErrorAdditionR1/R1_Error3_Toggle,0,0.0,,2228224,2025-08-11 16:45:21
321,RobotSimForPA/ErrorAdditionR1/R1_Error3_Toggle,0,0.0,,2228224,2025-08-11 16:45:22
322,RobotSimForPA/ErrorAdditionR1/R1_Error3_Toggle,0,0.0,,2228224,2025-08-11 16:45:23
323,RobotSimForPA/ErrorAdditionR1/R1_Error3_Toggle,0,0.0,,2228224,2025-08-11 16:45:24
324,RobotSimForPA/ErrorAdditionR1/R1_Error3_Toggle,0,0.0,,2228224,2025-08-11 16:45:25
325,RobotSimForPA/ErrorAdditionR1/R1_Error3_Toggle,0,0.0,,2228224,2025-08-11 16:45:26
326,RobotSimForPA/ErrorAdditionR1/R1_Error3_Toggle,0,0.0,,2228224,2025-08-11 16:45:27
327,RobotSimForPA/ErrorAdditionR1/R1_Error3_Toggle,0,0.0,,2228224,2025-08-11 16:45:28
328,RobotSimForPA/ErrorAdditionR1/R1_Error3_Toggle,0,0.0,,2228224,2025-08-11 16:45:29
329,RobotSimForPA/ErrorAdditionR1/R1_Error3_Toggle,0,0.0,,2228224,2025-08-11 16:45:30
330,RobotSimForPA/ErrorAdditionR1/R1_Error3_Toggle,0,0.0,,2228224,2025-08-11 16:45:31
331,RobotSimForPA/ErrorAdditionR1/R1_Error3_Toggle,0,0.0,,2228224,2025-08-11 16:45:32
332,RobotSimForPA/ErrorAdditionR1/R1_Error3_Toggle,0,0.0,,2228224,2025-08-11 16:45:33
333,RobotSimForPA/ErrorAdditionR1/R1_Error3_Toggle,0,0.0,,2228224,2025-08-11 16:45:34
334,RobotSimForPA/ErrorAdditionR1/R1_Error3_Toggle,0,0.0,,2228224,2025-08-11 16:45:35
335,RobotSimForPA/ErrorAdditionR1/R1_Error3_Toggle,0,0.0,,2228224,2025-08-11 16:45:36
336,RobotSimForPA/ErrorAdditionR1/R1_Error3_Toggle,0,0.0,,2228224,2025-08-11 16:45:37
337,RobotSimForPA/ErrorAdditionR1/R1_Error3_Toggle,0,0.0,,2228224,2025-08-11 16:45:38
338,RobotSimForPA/ErrorAdditionR1/R1_Error3_Toggle,0,0.0,,2228224,2025-08-11 16:45:39
339,RobotSimForPA/ErrorAdditionR1/R1_Error3_Toggle,0,0.0,,2228224,2025-08-11 16:45:40
340,RobotSimForPA/ErrorAdditionR1/R1_Error3_Toggle,0,0.0,,2228224,2025-08-11 16:45:41
341,RobotSimForPA/ErrorAdditionR1/R1_Error3_Toggle,0,0.0,,2228224,2025-08-11 16:45:42
342,RobotSimForPA/ErrorAdditionR1/R1_Error3_Toggle,0,0.0,,2228224,2025-08-11 16:45:43
343,RobotSimForPA/ErrorAdditionR1/R1_Error3_Toggle,0,0.0,,2228224,2025-08-11 16:45:44
344,RobotSimForPA/ErrorAdditionR1/R1_Error3_Toggle,0,0.0,,2228224,2025-08-11 16:45:45
345,RobotSimForPA/ErrorAdditionR1/R1_Error3_Toggle,0,0.0,,2228224,2025-08-11 16:45:46
346,RobotSimForPA/ErrorAdditionR1/R1_Error3_Toggle,0,0.0,,2228224,2025-08-11 16:45:47
347,RobotSimForPA/ErrorAdditionR1/R1_Error3_Toggle,0,0.0,,2228224,2025-08-11 16:45:48
348,RobotSimForPA/ErrorAdditionR1/R1_Error3_Toggle,0,0.0,,2228224,2025-08-11 16:45:49
349,RobotSimForPA/ErrorAdditionR1/R1_Error3_Toggle,0,0.0,,2228224,2025-08-11 16:45:50
350,RobotSimForPA/ErrorAdditionR1/R1_Error3_Toggle,0,0.0,,2228224,2025-08-11 16:45:51
351,RobotSimForPA/ErrorAdditionR1/R1_Error3_Toggle,0,0.0,,2228224,2025-08-11 16:45:52
352,RobotSimForPA/ErrorAdditionR1/R1_Error3_Toggle,0,0.0,,2228224,2025-08-11 16:45:53
353,RobotSimForPA/ErrorAdditionR1/R1_Error3_Toggle,0,0.0,,2228224,2025-08-11 16:45:54
354,RobotSimForPA/ErrorAdditionR1/R1_Error3_Toggle,0,0.0,,2228224,2025-08-11 16:45:55
355,RobotSimForPA/ErrorAdditionR1/R1_Error3_Toggle,0,0.0,,2228224,2025-08-11 16:45:56
356,RobotSimForPA/ErrorAdditionR1/R1_Error3_Toggle,0,0.0,,2228224,2025-08-11 16:45:57
357,RobotSimForPA/ErrorAdditionR1/R1_Error3_Toggle,0,0.0,,2228224,2025-08-11 16:45:58
358,RobotSimForPA/ErrorAdditionR1/R1_Error3_Toggle,0,0.0,,2228224,2025-08-11 16:45:59
359,RobotSimForPA/ErrorAdditionR1/R1_Error3_Toggle,0,0.0,,2228224,2025-08-11 16:46:00
360,RobotSimForPA/ErrorAdditionR1/R1_Error3_Toggle,0,0.0,,2228224,2025-08-11 16:46:01
361,RobotSimForPA/ErrorAdditionR1/R1_Error3_Toggle,0,0.0,,2228224,2025-08-11 16:46:02
362,RobotSimForPA/ErrorAdditionR1/R1_Error3_Toggle,0,0.0,,2228224,2025-08-11 16:46:03
363,RobotSimForPA/ErrorAdditionR1/R1_Error3_Toggle,0,0.0,,2228224,2025-08-11 16:46:04
364,RobotSimForPA/ErrorAdditionR1/R1_Error3_Toggle,0,0.0,,2228224,2025-08-11 16:46:05
365,RobotSimForPA/ErrorAdditionR1/R1_Error3_Toggle,0,0.0,,2228224,2025-08-11 16:46:06
366,RobotSimForPA/ErrorAdditionR1/R1_Error3_Toggle,0,0.0,,2228224,2025-08-11 16:46:07
367,RobotSimForPA/ErrorAdditionR1/R1_Error3_Toggle,0,0.0,,2228224,2025-08-11 16:46:08
368,RobotSimForPA/ErrorAdditionR1/R1_Error3_Toggle,0,0.0,,2228224,2025-08-11 16:46:09
369,RobotSimForPA/ErrorAdditionR1/R1_Error3_Toggle,0,0.0,,2228224,2025-08-11 16:46:10
370,RobotSimForPA/ErrorAdditionR1/R1_Error3_Toggle,0,0.0,,2228224,2025-08-11 16:46:11
371,RobotSimForPA/ErrorAdditionR1/R1_Error3_Toggle,0,0.0,,2228224,2025-08-11 16:46:12
372,RobotSimForPA/ErrorAdditionR1/R1_Error3_Toggle,0,0.0,,2228224,2025-08-11 16:46:13
373,RobotSimForPA/ErrorAdditionR1/R1_Error3_Toggle,0,0.0,,2228224,2025-08-11 16:46:14
374,RobotSimForPA/ErrorAdditionR1/R1_Error3_Toggle,0,0.0,,2228224,2025-08-11 16:46:15
375,RobotSimForPA/ErrorAdditionR1/R1_Error3_Toggle,0,0.0,,2228224,2025-08-11 16:46:16
376,RobotSimForPA/ErrorAdditionR1/R1_Error3_Toggle,0,0.0,,2228224,2025-08-11 16:46:17
377,RobotSimForPA/ErrorAdditionR1/R1_Error3_Toggle,0,0.0,,2228224,2025-08-11 16:46:18
378,RobotSimForPA/ErrorAdditionR1/R1_Error3_Toggle,0,0.0,,2228224,2025-08-11 16:46:19
379,RobotSimForPA/ErrorAdditionR1/R1_Error3_Toggle,0,0.0,,2228224,2025-08-11 16:46:20
380,RobotSimForPA/ErrorAdditionR1/R1_Error3_Toggle,0,0.0,,2228224,2025-08-11 16:46:21
381,RobotSimForPA/ErrorAdditionR1/R1_Error3_Toggle,0,0.0,,2228224,2025-08-11 16:46:22
382,RobotSimForPA/ErrorAdditionR1/R1_Error3_Toggle,0,0.0,,2228224,2025-08-11 16:46:23
383,RobotSimForPA/ErrorAdditionR1/R1_Error3_Toggle,0,0.0,,2228224,2025-08-11 16:46:24
384,RobotSimForPA/ErrorAdditionR1/R1_Error3_Toggle,0,0.0,,2228224,2025-08-11 16:46:25
385,RobotSimForPA/ErrorAdditionR1/R1_Error3_Toggle,0,0.0,,2228224,2025-08-11 16:46:26
386,RobotSimForPA/ErrorAdditionR1/R1_Error3_Toggle,0,0.0,,2228224,2025-08-11 16:46:27
387,RobotSimForPA/ErrorAdditionR1/R1_Error3_Toggle,0,0.0,,2228224,2025-08-11 16:46:28
388,RobotSimForPA/ErrorAdditionR1/R1_Error3_Toggle,0,0.0,,2228224,2025-08-11 16:46:29
389,RobotSimForPA/ErrorAdditionR1/R1_Error3_Toggle,0,0.0,,2228224,2025-08-11 16:46:30
390,RobotSimForPA/ErrorAdditionR1/R1_Error3_Toggle,0,0.0,,2228224,2025-08-11 16:46:31
391,RobotSimForPA/ErrorAdditionR1/R1_Error3_Toggle,0,0.0,,2228224,2025-08-11 16:46:32
392,RobotSimForPA/ErrorAdditionR1/R1_Error3_Toggle,0,0.0,,2228224,2025-08-11 16:46:33
393,RobotSimForPA/ErrorAdditionR1/R1_Error3_Toggle,0,0.0,,2228224,2025-08-11 16:46:34
394,RobotSimForPA/ErrorAdditionR1/R1_Error3_Toggle,0,0.0,,2228224,2025-08-11 16:46:35
395,RobotSimForPA/ErrorAdditionR1/R1_Error3_Toggle,0,0.0,,2228224,2025-08-11 16:46:36
396,RobotSimForPA/ErrorAdditionR1/R1_Error3_Toggle,0,0.0,,2228224,2025-08-11 16:46:37
397,RobotSimForPA/ErrorAdditionR1/R1_Error3_Toggle,0,0.0,,2228224,2025-08-11 16:46:38
398,RobotSimForPA/ErrorAdditionR1/R1_Error3_Toggle,0,0.0,,2228224,2025-08-11 16:46:39
399,RobotSimForPA/ErrorAdditionR1/R1_Error3_Toggle,0,0.0,,2228224,2025-08-11 16:46:40
400,RobotSimForPA/ErrorAdditionR1/R1_Error3_Toggle,0,0.0,,2228224,2025-08-11 16:46:41
401,RobotSimForPA/ErrorAdditionR1/R1_Error3_Toggle,0,0.0,,2228224,2025-08-11 16:46:42
402,RobotSimForPA/ErrorAdditionR1/R1_Error3_Toggle,0,0.0,,2228224,2025-08-11 16:46:43
403,RobotSimForPA/ErrorAdditionR1/R1_Error3_Toggle,0,0.0,,2228224,2025-08-11 16:46:44
404,RobotSimForPA/ErrorAdditionR1/R1_Error3_Toggle,0,0.0,,2228224,2025-08-11 16:46:45
405,RobotSimForPA/ErrorAdditionR1/R1_Error3_Toggle,0,0.0,,2228224,2025-08-11 16:46:46
406,RobotSimForPA/ErrorAdditionR1/R1_Error3_Toggle,0,0.0,,2228224,2025-08-11 16:46:47
407,RobotSimForPA/ErrorAdditionR1/R1_Error3_Toggle,0,0.0,,2228224,2025-08-11 16:46:48
408,RobotSimForPA/ErrorAdditionR1/R1_Error3_Toggle,0,0.0,,2228224,2025-08-11 16:46:49
409,RobotSimForPA/ErrorAdditionR1/R1_Error3_Toggle,0,0.0,,2228224,2025-08-11 16:46:50
410,RobotSimForPA/ErrorAdditionR1/R1_Error3_Toggle,0,0.0,,2228224,2025-08-11 16:46:51
411,RobotSimForPA/ErrorAdditionR1/R1_Error3_Toggle,0,0.0,,2228224,2025-08-11 16:46:52
412,RobotSimForPA/ErrorAdditionR1/R1_Error3_Toggle,0,0.0,,2228224,2025-08-11 16:46:53
413,RobotSimForPA/ErrorAdditionR1/R1_Error3_Toggle,0,0.0,,2228224,2025-08-11 16:46:54
414,RobotSimForPA/ErrorAdditionR1/R1_Error3_Toggle,0,0.0,,2228224,2025-08-11 16:46:55
415,RobotSimForPA/ErrorAdditionR1/R1_Error3_Toggle,0,0.0,,2228224,2025-08-11 16:46:56
416,RobotSimForPA/ErrorAdditionR1/R1_Error3_Toggle,0,0.0,,2228224,2025-08-11 16:46:57
417,RobotSimForPA/ErrorAdditionR1/R1_Error3_Toggle,0,0.0,,2228224,2025-08-11 16:46:58
418,RobotSimForPA/ErrorAdditionR1/R1_Error3_Toggle,0,0.0,,2228224,2025-08-11 16:46:59
419,RobotSimForPA/ErrorAdditionR1/R1_Error3_Toggle,0,0.0,,2228224,2025-08-11 16:47:00
420,RobotSimForPA/ErrorAdditionR1/R1_Error3_Toggle,0,0.0,,2228224,2025-08-11 16:47:01
421,RobotSimForPA/ErrorAdditionR1/R1_Error3_Toggle,0,0.0,,2228224,2025-08-11 16:47:02
422,RobotSimForPA/ErrorAdditionR1/R1_Error3_Toggle,0,0.0,,2228224,2025-08-11 16:47:03
423,RobotSimForPA/ErrorAdditionR1/R1_Error3_Toggle,0,0.0,,2228224,2025-08-11 16:47:04
424,RobotSimForPA/ErrorAdditionR1/R1_Error3_Toggle,0,0.0,,2228224,2025-08-11 16:47:05
425,RobotSimForPA/ErrorAdditionR1/R1_Error3_Toggle,0,0.0,,2228224,2025-08-11 16:47:06
426,RobotSimForPA/ErrorAdditionR1/R1_Error3_Toggle,0,0.0,,2228224,2025-08-11 16:47:07
427,RobotSimForPA/ErrorAdditionR1/R1_Error3_Toggle,0,0.0,,2228224,2025-08-11 16:47:08
428,RobotSimForPA/ErrorAdditionR1/R1_Error3_Toggle,0,0.0,,2228224,2025-08-11 16:47:09
429,RobotSimForPA/ErrorAdditionR1/R1_Error3_Toggle,0,0.0,,2228224,2025-08-11 16:47:10
430,RobotSimForPA/ErrorAdditionR1/R1_Error3_Toggle,0,0.0,,2228224,2025-08-11 16:47:11
431,RobotSimForPA/ErrorAdditionR1/R1_Error3_Toggle,0,0.0,,2228224,2025-08-11 16:47:12
432,RobotSimForPA/ErrorAdditionR1/R1_Error3_Toggle,0,0.0,,2228224,2025-08-11 16:47:13
433,RobotSimForPA/ErrorAdditionR1/R1_Error3_Toggle,0,0.0,,2228224,2025-08-11 16:47:14
434,RobotSimForPA/ErrorAdditionR1/R1_Error3_Toggle,0,0.0,,2228224,2025-08-11 16:47:15
435,RobotSimForPA/ErrorAdditionR1/R1_Error3_Toggle,0,0.0,,2228224,2025-08-11 16:47:16
436,RobotSimForPA/ErrorAdditionR1/R1_Error3_Toggle,0,0.0,,2228224,2025-08-11 16:47:17
437,RobotSimForPA/ErrorAdditionR1/R1_Error3_Toggle,0,0.0,,2228224,2025-08-11 16:47:18
438,RobotSimForPA/ErrorAdditionR1/R1_Error3_Toggle,0,0.0,,2228224,2025-08-11 16:47:19
439,RobotSimForPA/ErrorAdditionR1/R1_Error3_Toggle,0,0.0,,2228224,2025-08-11 16:47:20
440,RobotSimForPA/ErrorAdditionR1/R1_Error3_Toggle,0,0.0,,2228224,2025-08-11 16:47:21
441,RobotSimForPA/ErrorAdditionR1/R1_Error3_Toggle,0,0.0,,2228224,2025-08-11 16:47:22
442,RobotSimForPA/ErrorAdditionR1/R1_Error3_Toggle,0,0.0,,2228224,2025-08-11 16:47:23
443,RobotSimForPA/ErrorAdditionR1/R1_Error3_Toggle,0,0.0,,2228224,2025-08-11 16:47:24
444,RobotSimForPA/ErrorAdditionR1/R1_Error3_Toggle,0,0.0,,2228224,2025-08-11 16:47:25
445,RobotSimForPA/ErrorAdditionR1/R1_Error3_Toggle,0,0.0,,2228224,2025-08-11 16:47:26
446,RobotSimForPA/ErrorAdditionR1/R1_Error3_Toggle,0,0.0,,2228224,2025-08-11 16:47:27
447,RobotSimForPA/ErrorAdditionR1/R1_Error3_Toggle,0,0.0,,2228224,2025-08-11 16:47:28
448,RobotSimForPA/ErrorAdditionR1/R1_Error3_Toggle,0,0.0,,2228224,2025-08-11 16:47:29
449,RobotSimForPA/ErrorAdditionR1/R1_Error3_Toggle,0,0.0,,2228224,2025-08-11 16:47:30
450,RobotSimForPA/ErrorAdditionR1/R1_Error3_Toggle,0,0.0,,2228224,2025-08-11 16:47:31
451,RobotSimForPA/ErrorAdditionR1/R1_Error3_Toggle,0,0.0,,2228224,2025-08-11 16:47:32
452,RobotSimForPA/ErrorAdditionR1/R1_Error3_Toggle,0,0.0,,2228224,2025-08-11 16:47:33
453,RobotSimForPA/ErrorAdditionR1/R1_Error3_Toggle,0,0.0,,2228224,2025-08-11 16:47:34
454,RobotSimForPA/ErrorAdditionR1/R1_Error3_Toggle,0,0.0,,2228224,2025-08-11 16:47:35
455,RobotSimForPA/ErrorAdditionR1/R1_Error3_Toggle,0,0.0,,2228224,2025-08-11 16:47:36
456,RobotSimForPA/ErrorAdditionR1/R1_Error3_Toggle,0,0.0,,2228224,2025-08-11 16:47:37
457,RobotSimForPA/ErrorAdditionR1/R1_Error3_Toggle,0,0.0,,2228224,2025-08-11 16:47:38
458,RobotSimForPA/ErrorAdditionR1/R1_Error3_Toggle,0,0.0,,2228224,2025-08-11 16:47:39
459,RobotSimForPA/ErrorAdditionR1/R1_Error3_Toggle,0,0.0,,2228224,2025-08-11 16:47:40
460,RobotSimForPA/ErrorAdditionR1/R1_Error3_Toggle,0,0.0,,2228224,2025-08-11 16:47:41
461,RobotSimForPA/ErrorAdditionR1/R1_Error3_Toggle,0,0.0,,2228224,2025-08-11 16:47:42
462,RobotSimForPA/ErrorAdditionR1/R1_Error3_Toggle,0,0.0,,2228224,2025-08-11 16:47:43
463,RobotSimForPA/ErrorAdditionR1/R1_Error3_Toggle,0,0.0,,2228224,2025-08-11 16:47:44
464,RobotSimForPA/ErrorAdditionR1/R1_Error3_Toggle,0,0.0,,2228224,2025-08-11 16:47:45
465,RobotSimForPA/ErrorAdditionR1/R1_Error3_Toggle,0,0.0,,2228224,2025-08-11 16:47:46
466,RobotSimForPA/ErrorAdditionR1/R1_Error3_Toggle,0,0.0,,2228224,2025-08-11 16:47:47
467,RobotSimForPA/ErrorAdditionR1/R1_Error3_Toggle,0,0.0,,2228224,2025-08-11 16:47:48
468,RobotSimForPA/ErrorAdditionR1/R1_Error3_Toggle,0,0.0,,2228224,2025-08-11 16:47:49
469,RobotSimForPA/ErrorAdditionR1/R1_Error3_Toggle,0,0.0,,2228224,2025-08-11 16:47:50
470,RobotSimForPA/ErrorAdditionR1/R1_Error3_Toggle,0,0.0,,2228224,2025-08-11 16:47:51
471,RobotSimForPA/ErrorAdditionR1/R1_Error3_Toggle,0,0.0,,2228224,2025-08-11 16:47:52
472,RobotSimForPA/ErrorAdditionR1/R1_Error3_Toggle,0,0.0,,2228224,2025-08-11 16:47:53
473,RobotSimForPA/ErrorAdditionR1/R1_Error3_Toggle,0,0.0,,2228224,2025-08-11 16:47:54
474,RobotSimForPA/ErrorAdditionR1/R1_Error3_Toggle,0,0.0,,2228224,2025-08-11 16:47:55
475,RobotSimForPA/ErrorAdditionR1/R1_Error3_Toggle,0,0.0,,2228224,2025-08-11 16:47:56
476,RobotSimForPA/ErrorAdditionR1/R1_Error3_Toggle,0,0.0,,2228224,2025-08-11 16:47:57
477,RobotSimForPA/ErrorAdditionR1/R1_Error3_Toggle,0,0.0,,2228224,2025-08-11 16:47:58
478,RobotSimForPA/ErrorAdditionR1/R1_Error3_Toggle,0,0.0,,2228224,2025-08-11 16:47:59
479,RobotSimForPA/ErrorAdditionR1/R1_Error3_Toggle,0,0.0,,2228224,2025-08-11 16:48:00
480,RobotSimForPA/ErrorAdditionR1/R1_Error3_Toggle,0,0.0,,2228224,2025-08-11 16:48:01
481,RobotSimForPA/ErrorAdditionR1/R1_Error3_Toggle,0,0.0,,2228224,2025-08-11 16:48:02
482,RobotSimForPA/ErrorAdditionR1/R1_Error3_Toggle,0,0.0,,2228224,2025-08-11 16:48:03
483,RobotSimForPA/ErrorAdditionR1/R1_Error3_Toggle,0,0.0,,2228224,2025-08-11 16:48:04
484,RobotSimForPA/ErrorAdditionR1/R1_Error3_Toggle,0,0.0,,2228224,2025-08-11 16:48:05
485,RobotSimForPA/ErrorAdditionR1/R1_Error3_Toggle,0,0.0,,2228224,2025-08-11 16:48:06
486,RobotSimForPA/ErrorAdditionR1/R1_Error3_Toggle,0,0.0,,2228224,2025-08-11 16:48:07
487,RobotSimForPA/ErrorAdditionR1/R1_Error3_Toggle,0,0.0,,2228224,2025-08-11 16:48:08
488,RobotSimForPA/ErrorAdditionR1/R1_Error3_Toggle,0,0.0,,2228224,2025-08-11 16:48:09
489,RobotSimForPA/ErrorAdditionR1/R1_Error3_Toggle,0,0.0,,2228224,2025-08-11 16:48:10
490,RobotSimForPA/ErrorAdditionR1/R1_Error3_Toggle,0,0.0,,2228224,2025-08-11 16:48:11
491,RobotSimForPA/ErrorAdditionR1/R1_Error3_Toggle,0,0.0,,2228224,2025-08-11 16:48:12
492,RobotSimForPA/ErrorAdditionR1/R1_Error3_Toggle,0,0.0,,2228224,2025-08-11 16:48:13
493,RobotSimForPA/ErrorAdditionR1/R1_Error3_Toggle,0,0.0,,2228224,2025-08-11 16:48:14
494,RobotSimForPA/ErrorAdditionR1/R1_Error3_Toggle,0,0.0,,2228224,2025-08-11 16:48:15
495,RobotSimForPA/ErrorAdditionR1/R1_Error3_Toggle,0,0.0,,2228224,2025-08-11 16:48:16
496,RobotSimForPA/ErrorAdditionR1/R1_Error3_Toggle,0,0.0,,2228224,2025-08-11 16:48:17
497,RobotSimForPA/ErrorAdditionR1/R1_Error3_Toggle,0,0.0,,2228224,2025-08-11 16:48:18
498,RobotSimForPA/ErrorAdditionR1/R1_Error3_Toggle,0,0.0,,2228224,2025-08-11 16:48:19
499,RobotSimForPA/ErrorAdditionR1/R1_Error3_Toggle,0,0.0,,2228224,2025-08-11 16:48:20
500,RobotSimForPA/ErrorAdditionR1/R1_Error3_Toggle,0,0.0,,2228224,2025-08-11 16:48:21
501,RobotSimForPA/ErrorAdditionR1/R1_Error3_Toggle,0,0.0,,2228224,2025-08-11 16:48:22
502,RobotSimForPA/ErrorAdditionR1/R1_Error3_Toggle,0,0.0,,2228224,2025-08-11 16:48:23
503,RobotSimForPA/ErrorAdditionR1/R1_Error3_Toggle,0,0.0,,2228224,2025-08-11 16:48:24
504,RobotSimForPA/ErrorAdditionR1/R1_Error3_Toggle,0,0.0,,2228224,2025-08-11 16:48:25
505,RobotSimForPA/ErrorAdditionR1/R1_Error3_Toggle,0,0.0,,2228224,2025-08-11 16:48:26
506,RobotSimForPA/ErrorAdditionR1/R1_Error3_Toggle,0,0.0,,2228224,2025-08-11 16:48:27
507,RobotSimForPA/ErrorAdditionR1/R1_Error3_Toggle,0,0.0,,2228224,2025-08-11 16:48:28
508,RobotSimForPA/ErrorAdditionR1/R1_Error3_Toggle,0,0.0,,2228224,2025-08-11 16:48:29
509,RobotSimForPA/ErrorAdditionR1/R1_Error3_Toggle,0,0.0,,2228224,2025-08-11 16:48:30
510,RobotSimForPA/ErrorAdditionR1/R1_Error3_Toggle,0,0.0,,2228224,2025-08-11 16:48:31
511,RobotSimForPA/ErrorAdditionR1/R1_Error3_Toggle,0,0.0,,2228224,2025-08-11 16:48:32
512,RobotSimForPA/ErrorAdditionR1/R1_Error3_Toggle,0,0.0,,2228224,2025-08-11 16:48:33
513,RobotSimForPA/ErrorAdditionR1/R1_Error3_Toggle,0,0.0,,2228224,2025-08-11 16:48:34
514,RobotSimForPA/ErrorAdditionR1/R1_Error3_Toggle,0,0.0,,2228224,2025-08-11 16:48:35
515,RobotSimForPA/ErrorAdditionR1/R1_Error3_Toggle,0,0.0,,2228224,2025-08-11 16:48:36
516,RobotSimForPA/ErrorAdditionR1/R1_Error3_Toggle,0,0.0,,2228224,2025-08-11 16:48:37
517,RobotSimForPA/ErrorAdditionR1/R1_Error3_Toggle,0,0.0,,2228224,2025-08-11 16:48:38
518,RobotSimForPA/ErrorAdditionR1/R1_Error3_Toggle,0,0.0,,2228224,2025-08-11 16:48:39
519,RobotSimForPA/ErrorAdditionR1/R1_Error3_Toggle,0,0.0,,2228224,2025-08-11 16:48:40
520,RobotSimForPA/ErrorAdditionR1/R1_Error3_Toggle,0,0.0,,2228224,2025-08-11 16:48:41
521,RobotSimForPA/ErrorAdditionR1/R1_Error3_Toggle,0,0.0,,2228224,2025-08-11 16:48:42
522,RobotSimForPA/ErrorAdditionR1/R1_Error3_Toggle,0,0.0,,2228224,2025-08-11 16:48:43
523,RobotSimForPA/ErrorAdditionR1/R1_Error3_Toggle,0,0.0,,2228224,2025-08-11 16:48:44
524,RobotSimForPA/ErrorAdditionR1/R1_Error3_Toggle,0,0.0,,2228224,2025-08-11 16:48:45
525,RobotSimForPA/ErrorAdditionR1/R1_Error3_Toggle,0,0.0,,2228224,2025-08-11 16:48:46
526,RobotSimForPA/ErrorAdditionR1/R1_Error3_Toggle,0,0.0,,2228224,2025-08-11 16:48:47
527,RobotSimForPA/ErrorAdditionR1/R1_Error3_Toggle,0,0.0,,2228224,2025-08-11 16:48:48
528,RobotSimForPA/ErrorAdditionR1/R1_Error3_Toggle,0,0.0,,2228224,2025-08-11 16:48:49
529,RobotSimForPA/ErrorAdditionR1/R1_Error3_Toggle,0,0.0,,2228224,2025-08-11 16:48:50
530,RobotSimForPA/ErrorAdditionR1/R1_Error3_Toggle,0,0.0,,2228224,2025-08-11 16:48:51
531,RobotSimForPA/ErrorAdditionR1/R1_Error3_Toggle,0,0.0,,2228224,2025-08-11 16:48:52
532,RobotSimForPA/ErrorAdditionR1/R1_Error3_Toggle,0,0.0,,2228224,2025-08-11 16:48:53
533,RobotSimForPA/ErrorAdditionR1/R1_Error3_Toggle,0,0.0,,2228224,2025-08-11 16:48:54
534,RobotSimForPA/ErrorAdditionR1/R1_Error3_Toggle,0,0.0,,2228224,2025-08-11 16:48:55
535,RobotSimForPA/ErrorAdditionR1/R1_Error3_Toggle,0,0.0,,2228224,2025-08-11 16:48:56
536,RobotSimForPA/ErrorAdditionR1/R1_Error3_Toggle,0,0.0,,2228224,2025-08-11 16:48:57
537,RobotSimForPA/ErrorAdditionR1/R1_Error3_Toggle,0,0.0,,2228224,2025-08-11 16:48:58
538,RobotSimForPA/ErrorAdditionR1/R1_Error3_Toggle,0,0.0,,2228224,2025-08-11 16:48:59
539,RobotSimForPA/ErrorAdditionR1/R1_Error3_Toggle,0,0.0,,2228224,2025-08-11 16:49:00
540,RobotSimForPA/ErrorAdditionR1/R1_Error3_Toggle,0,0.0,,2228224,2025-08-11 16:49:01
541,RobotSimForPA/ErrorAdditionR1/R1_Error3_Toggle,0,0.0,,2228224,2025-08-11 16:49:02
542,RobotSimForPA/ErrorAdditionR1/R1_Error3_Toggle,0,0.0,,2228224,2025-08-11 16:49:03
543,RobotSimForPA/ErrorAdditionR1/R1_Error3_Toggle,0,0.0,,2228224,2025-08-11 16:49:04
544,RobotSimForPA/ErrorAdditionR1/R1_Error3_Toggle,0,0.0,,2228224,2025-08-11 16:49:05
545,RobotSimForPA/ErrorAdditionR1/R1_Error3_Toggle,0,0.0,,2228224,2025-08-11 16:49:06
546,RobotSimForPA/ErrorAdditionR1/R1_Error3_Toggle,0,0.0,,2228224,2025-08-11 16:49:07
547,RobotSimForPA/ErrorAdditionR1/R1_Error3_Toggle,0,0.0,,2228224,2025-08-11 16:49:08
548,RobotSimForPA/ErrorAdditionR1/R1_Error3_Toggle,0,0.0,,2228224,2025-08-11 16:49:09
549,RobotSimForPA/ErrorAdditionR1/R1_Error3_Toggle,0,0.0,,2228224,2025-08-11 16:49:10
550,RobotSimForPA/ErrorAdditionR1/R1_Error3_Toggle,0,0.0,,2228224,2025-08-11 16:49:11
551,RobotSimForPA/ErrorAdditionR1/R1_Error3_Toggle,0,0.0,,2228224,2025-08-11 16:49:12
552,RobotSimForPA/ErrorAdditionR1/R1_Error3_Toggle,0,0.0,,2228224,2025-08-11 16:49:13
553,RobotSimForPA/ErrorAdditionR1/R1_Error3_Toggle,0,0.0,,2228224,2025-08-11 16:49:14
554,RobotSimForPA/ErrorAdditionR1/R1_Error3_Toggle,0,0.0,,2228224,2025-08-11 16:49:15
555,RobotSimForPA/ErrorAdditionR1/R1_Error3_Toggle,0,0.0,,2228224,2025-08-11 16:49:16
556,RobotSimForPA/ErrorAdditionR1/R1_Error3_Toggle,0,0.0,,2228224,2025-08-11 16:49:17
557,RobotSimForPA/ErrorAdditionR1/R1_Error3_Toggle,0,0.0,,2228224,2025-08-11 16:49:18
558,RobotSimForPA/ErrorAdditionR1/R1_Error3_Toggle,0,0.0,,2228224,2025-08-11 16:49:19
559,RobotSimForPA/ErrorAdditionR1/R1_Error3_Toggle,0,0.0,,2228224,2025-08-11 16:49:20
560,RobotSimForPA/ErrorAdditionR1/R1_Error3_Toggle,0,0.0,,2228224,2025-08-11 16:49:21
561,RobotSimForPA/ErrorAdditionR1/R1_Error3_Toggle,0,0.0,,2228224,2025-08-11 16:49:22
562,RobotSimForPA/ErrorAdditionR1/R1_Error3_Toggle,0,0.0,,2228224,2025-08-11 16:49:23
563,RobotSimForPA/ErrorAdditionR1/R1_Error3_Toggle,0,0.0,,2228224,2025-08-11 16:49:24
564,RobotSimForPA/ErrorAdditionR1/R1_Error3_Toggle,0,0.0,,2228224,2025-08-11 16:49:25
565,RobotSimForPA/ErrorAdditionR1/R1_Error3_Toggle,0,0.0,,2228224,2025-08-11 16:49:26
566,RobotSimForPA/ErrorAdditionR1/R1_Error3_Toggle,0,0.0,,2228224,2025-08-11 16:49:27
567,RobotSimForPA/ErrorAdditionR1/R1_Error3_Toggle,0,0.0,,2228224,2025-08-11 16:49:28
568,RobotSimForPA/ErrorAdditionR1/R1_Error3_Toggle,0,0.0,,2228224,2025-08-11 16:49:29
569,RobotSimForPA/ErrorAdditionR1/R1_Error3_Toggle,0,0.0,,2228224,2025-08-11 16:49:30
570,RobotSimForPA/ErrorAdditionR1/R1_Error3_Toggle,0,0.0,,2228224,2025-08-11 16:49:31
571,RobotSimForPA/ErrorAdditionR1/R1_Error3_Toggle,0,0.0,,2228224,2025-08-11 16:49:32
572,RobotSimForPA/ErrorAdditionR1/R1_Error3_Toggle,0,0.0,,2228224,2025-08-11 16:49:33
573,RobotSimForPA/ErrorAdditionR1/R1_Error3_Toggle,0,0.0,,2228224,2025-08-11 16:49:34
574,RobotSimForPA/ErrorAdditionR1/R1_Error3_Toggle,0,0.0,,2228224,2025-08-11 16:49:35
575,RobotSimForPA/ErrorAdditionR1/R1_Error3_Toggle,0,0.0,,2228224,2025-08-11 16:49:36
576,RobotSimForPA/ErrorAdditionR1/R1_Error3_Toggle,0,0.0,,2228224,2025-08-11 16:49:37
577,RobotSimForPA/ErrorAdditionR1/R1_Error3_Toggle,0,0.0,,2228224,2025-08-11 16:49:38
578,RobotSimForPA/ErrorAdditionR1/R1_Error3_Toggle,0,0.0,,2228224,2025-08-11 16:49:39
579,RobotSimForPA/ErrorAdditionR1/R1_Error3_Toggle,0,0.0,,2228224,2025-08-11 16:49:40
580,RobotSimForPA/ErrorAdditionR1/R1_Error3_Toggle,0,0.0,,2228224,2025-08-11 16:49:41
581,RobotSimForPA/ErrorAdditionR1/R1_Error3_Toggle,0,0.0,,2228224,2025-08-11 16:49:42
582,RobotSimForPA/ErrorAdditionR1/R1_Error3_Toggle,0,0.0,,2228224,2025-08-11 16:49:43
583,RobotSimForPA/ErrorAdditionR1/R1_Error3_Toggle,0,0.0,,2228224,2025-08-11 16:49:44
584,RobotSimForPA/ErrorAdditionR1/R1_Error3_Toggle,0,0.0,,2228224,2025-08-11 16:49:45
585,RobotSimForPA/ErrorAdditionR1/R1_Error3_Toggle,0,0.0,,2228224,2025-08-11 16:49:46
586,RobotSimForPA/ErrorAdditionR1/R1_Error3_Toggle,0,0.0,,2228224,2025-08-11 16:49:47
587,RobotSimForPA/ErrorAdditionR1/R1_Error3_Toggle,0,0.0,,2228224,2025-08-11 16:49:48
588,RobotSimForPA/ErrorAdditionR1/R1_Error3_Toggle,0,0.0,,2228224,2025-08-11 16:49:49
589,RobotSimForPA/ErrorAdditionR1/R1_Error3_Toggle,0,0.0,,2228224,2025-08-11 16:49:50
590,RobotSimForPA/ErrorAdditionR1/R1_Error3_Toggle,0,0.0,,2228224,2025-08-11 16:49:51
591,RobotSimForPA/ErrorAdditionR1/R1_Error3_Toggle,0,0.0,,2228224,2025-08-11 16:49:52
592,RobotSimForPA/ErrorAdditionR1/R1_Error3_Toggle,0,0.0,,2228224,2025-08-11 16:49:53
593,RobotSimForPA/ErrorAdditionR1/R1_Error3_Toggle,0,0.0,,2228224,2025-08-11 16:49:54
594,RobotSimForPA/ErrorAdditionR1/R1_Error3_Toggle,0,0.0,,2228224,2025-08-11 16:49:55
595,RobotSimForPA/ErrorAdditionR1/R1_Error3_Toggle,0,0.0,,2228224,2025-08-11 16:49:56
596,RobotSimForPA/ErrorAdditionR1/R1_Error3_Toggle,0,0.0,,2228224,2025-08-11 16:49:57
597,RobotSimForPA/ErrorAdditionR1/R1_Error3_Toggle,0,0.0,,2228224,2025-08-11 16:49:58
598,RobotSimForPA/ErrorAdditionR1/R1_Error3_Toggle,0,0.0,,2228224,2025-08-11 16:49:59
599,RobotSimForPA/ErrorAdditionR1/R1_Error3_Toggle,0,0.0,,2228224,2025-08-11 16:50:00
600,RobotSimForPA/ErrorAdditionR1/R1_Error3_Toggle,0,0.0,,2228224,2025-08-11 16:50:01
601,RobotSimForPA/ErrorAdditionR1/R1_Error3_Toggle,0,0.0,,2228224,2025-08-11 16:50:02
602,RobotSimForPA/ErrorAdditionR1/R1_Error3_Toggle,0,0.0,,2228224,2025-08-11 16:50:03
603,RobotSimForPA/ErrorAdditionR1/R1_Error3_Toggle,0,0.0,,2228224,2025-08-11 16:50:04
604,RobotSimForPA/ErrorAdditionR1/R1_Error3_Toggle,0,0.0,,2228224,2025-08-11 16:50:05
605,RobotSimForPA/ErrorAdditionR1/R1_Error3_Toggle,0,0.0,,2228224,2025-08-11 16:50:06
606,RobotSimForPA/ErrorAdditionR1/R1_Error3_Toggle,0,0.0,,2228224,2025-08-11 16:50:07
607,RobotSimForPA/ErrorAdditionR1/R1_Error3_Toggle,0,0.0,,2228224,2025-08-11 16:50:08
608,RobotSimForPA/ErrorAdditionR1/R1_Error3_Toggle,0,0.0,,2228224,2025-08-11 16:50:09
609,RobotSimForPA/ErrorAdditionR1/R1_Error3_Toggle,0,0.0,,2228224,2025-08-11 16:50:10
610,RobotSimForPA/ErrorAdditionR1/R1_Error3_Toggle,0,0.0,,2228224,2025-08-11 16:50:11
611,RobotSimForPA/ErrorAdditionR1/R1_Error3_Toggle,0,0.0,,2228224,2025-08-11 16:50:12
612,RobotSimForPA/ErrorAdditionR1/R1_Error3_Toggle,0,0.0,,2228224,2025-08-11 16:50:13
613,RobotSimForPA/ErrorAdditionR1/R1_Error3_Toggle,0,0.0,,2228224,2025-08-11 16:50:14
614,RobotSimForPA/ErrorAdditionR1/R1_Error3_Toggle,0,0.0,,2228224,2025-08-11 16:50:15
615,RobotSimForPA/ErrorAdditionR1/R1_Error3_Toggle,0,0.0,,2228224,2025-08-11 16:50:16
616,RobotSimForPA/ErrorAdditionR1/R1_Error3_Toggle,0,0.0,,2228224,2025-08-11 16:50:17
617,RobotSimForPA/ErrorAdditionR1/R1_Error3_Toggle,0,0.0,,2228224,2025-08-11 16:50:18
618,RobotSimForPA/ErrorAdditionR1/R1_Error3_Toggle,0,0.0,,2228224,2025-08-11 16:50:19
619,RobotSimForPA/ErrorAdditionR1/R1_Error3_Toggle,0,0.0,,2228224,2025-08-11 16:50:20
620,RobotSimForPA/ErrorAdditionR1/R1_Error3_Toggle,0,0.0,,2228224,2025-08-11 16:50:21
621,RobotSimForPA/ErrorAdditionR1/R1_Error3_Toggle,0,0.0,,2228224,2025-08-11 16:50:22
622,RobotSimForPA/ErrorAdditionR1/R1_Error3_Toggle,0,0.0,,2228224,2025-08-11 16:50:23
623,RobotSimForPA/ErrorAdditionR1/R1_Error3_Toggle,0,0.0,,2228224,2025-08-11 16:50:24
624,RobotSimForPA/ErrorAdditionR1/R1_Error3_Toggle,0,0.0,,2228224,2025-08-11 16:50:25
625,RobotSimForPA/ErrorAdditionR1/R1_Error3_Toggle,0,0.0,,2228224,2025-08-11 16:50:26
626,RobotSimForPA/ErrorAdditionR1/R1_Error3_Toggle,0,0.0,,2228224,2025-08-11 16:50:27
627,RobotSimForPA/ErrorAdditionR1/R1_Error3_Toggle,0,0.0,,2228224,2025-08-11 16:50:28
628,RobotSimForPA/ErrorAdditionR1/R1_Error3_Toggle,0,0.0,,2228224,2025-08-11 16:50:29
629,RobotSimForPA/ErrorAdditionR1/R1_Error3_Toggle,0,0.0,,2228224,2025-08-11 16:50:30
630,RobotSimForPA/ErrorAdditionR1/R1_Error3_Toggle,0,0.0,,2228224,2025-08-11 16:50:31
631,RobotSimForPA/ErrorAdditionR1/R1_Error3_Toggle,0,0.0,,2228224,2025-08-11 16:50:32
632,RobotSimForPA/ErrorAdditionR1/R1_Error3_Toggle,0,0.0,,2228224,2025-08-11 16:50:33
633,RobotSimForPA/ErrorAdditionR1/R1_Error3_Toggle,0,0.0,,2228224,2025-08-11 16:50:34
634,RobotSimForPA/ErrorAdditionR1/R1_Error3_Toggle,0,0.0,,2228224,2025-08-11 16:50:35
635,RobotSimForPA/ErrorAdditionR1/R1_Error3_Toggle,0,0.0,,2228224,2025-08-11 16:50:36
636,RobotSimForPA/ErrorAdditionR1/R1_Error3_Toggle,0,0.0,,2228224,2025-08-11 16:50:37
637,RobotSimForPA/ErrorAdditionR1/R1_Error3_Toggle,0,0.0,,2228224,2025-08-11 16:50:38
638,RobotSimForPA/ErrorAdditionR1/R1_Error3_Toggle,0,0.0,,2228224,2025-08-11 16:50:39
639,RobotSimForPA/ErrorAdditionR1/R1_Error3_Toggle,0,0.0,,2228224,2025-08-11 16:50:40
640,RobotSimForPA/ErrorAdditionR1/R1_Error3_Toggle,0,0.0,,2228224,2025-08-11 16:50:41
641,RobotSimForPA/ErrorAdditionR1/R1_Error3_Toggle,0,0.0,,2228224,2025-08-11 16:50:42
642,RobotSimForPA/ErrorAdditionR1/R1_Error3_Toggle,0,0.0,,2228224,2025-08-11 16:50:43
643,RobotSimForPA/ErrorAdditionR1/R1_Error3_Toggle,0,0.0,,2228224,2025-08-11 16:50:44
644,RobotSimForPA/ErrorAdditionR1/R1_Error3_Toggle,0,0.0,,2228224,2025-08-11 16:50:45
645,RobotSimForPA/ErrorAdditionR1/R1_Error3_Toggle,0,0.0,,2228224,2025-08-11 16:50:46
646,RobotSimForPA/ErrorAdditionR1/R1_Error3_Toggle,0,0.0,,2228224,2025-08-11 16:50:47
647,RobotSimForPA/ErrorAdditionR1/R1_Error3_Toggle,0,0.0,,2228224,2025-08-11 16:50:48
648,RobotSimForPA/ErrorAdditionR1/R1_Error3_Toggle,0,0.0,,2228224,2025-08-11 16:50:49
649,RobotSimForPA/ErrorAdditionR1/R1_Error3_Toggle,0,0.0,,2228224,2025-08-11 16:50:50
650,RobotSimForPA/ErrorAdditionR1/R1_Error3_Toggle,0,0.0,,2228224,2025-08-11 16:50:51
651,RobotSimForPA/ErrorAdditionR1/R1_Error3_Toggle,0,0.0,,2228224,2025-08-11 16:50:52
652,RobotSimForPA/ErrorAdditionR1/R1_Error3_Toggle,0,0.0,,2228224,2025-08-11 16:50:53
653,RobotSimForPA/ErrorAdditionR1/R1_Error3_Toggle,0,0.0,,2228224,2025-08-11 16:50:54
654,RobotSimForPA/ErrorAdditionR1/R1_Error3_Toggle,0,0.0,,2228224,2025-08-11 16:50:55
655,RobotSimForPA/ErrorAdditionR1/R1_Error3_Toggle,0,0.0,,2228224,2025-08-11 16:50:56
656,RobotSimForPA/ErrorAdditionR1/R1_Error3_Toggle,0,0.0,,2228224,2025-08-11 16:50:57
657,RobotSimForPA/ErrorAdditionR1/R1_Error3_Toggle,0,0.0,,2228224,2025-08-11 16:50:58
658,RobotSimForPA/ErrorAdditionR1/R1_Error3_Toggle,0,0.0,,2228224,2025-08-11 16:50:59
659,RobotSimForPA/ErrorAdditionR1/R1_Error3_Toggle,0,0.0,,2228224,2025-08-11 16:51:00
660,RobotSimForPA/ErrorAdditionR1/R1_Error3_Toggle,0,0.0,,2228224,2025-08-11 16:51:01
661,RobotSimForPA/ErrorAdditionR1/R1_Error3_Toggle,0,0.0,,2228224,2025-08-11 16:51:02
662,RobotSimForPA/ErrorAdditionR1/R1_Error3_Toggle,0,0.0,,2228224,2025-08-11 16:51:03
663,RobotSimForPA/ErrorAdditionR1/R1_Error3_Toggle,0,0.0,,2228224,2025-08-11 16:51:04
664,RobotSimForPA/ErrorAdditionR1/R1_Error3_Toggle,0,0.0,,2228224,2025-08-11 16:51:05
665,RobotSimForPA/ErrorAdditionR1/R1_Error3_Toggle,0,0.0,,2228224,2025-08-11 16:51:06
666,RobotSimForPA/ErrorAdditionR1/R1_Error3_Toggle,0,0.0,,2228224,2025-08-11 16:51:07
667,RobotSimForPA/ErrorAdditionR1/R1_Error3_Toggle,0,0.0,,2228224,2025-08-11 16:51:08
668,RobotSimForPA/ErrorAdditionR1/R1_Error3_Toggle,0,0.0,,2228224,2025-08-11 16:51:09
669,RobotSimForPA/ErrorAdditionR1/R1_Error3_Toggle,0,0.0,,2228224,2025-08-11 16:51:10
670,RobotSimForPA/ErrorAdditionR1/R1_Error3_Toggle,0,0.0,,2228224,2025-08-11 16:51:11
671,RobotSimForPA/ErrorAdditionR1/R1_Error3_Toggle,0,0.0,,2228224,2025-08-11 16:51:12
672,RobotSimForPA/ErrorAdditionR1/R1_Error3_Toggle,0,0.0,,2228224,2025-08-11 16:51:13
673,RobotSimForPA/ErrorAdditionR1/R1_Error3_Toggle,0,0.0,,2228224,2025-08-11 16:51:14
674,RobotSimForPA/ErrorAdditionR1/R1_Error3_Toggle,0,0.0,,2228224,2025-08-11 16:51:15
675,RobotSimForPA/ErrorAdditionR1/R1_Error3_Toggle,0,0.0,,2228224,2025-08-11 16:51:16
676,RobotSimForPA/ErrorAdditionR1/R1_Error3_Toggle,0,0.0,,2228224,2025-08-11 16:51:17
677,RobotSimForPA/ErrorAdditionR1/R1_Error3_Toggle,0,0.0,,2228224,2025-08-11 16:51:18
678,RobotSimForPA/ErrorAdditionR1/R1_Error3_Toggle,0,0.0,,2228224,2025-08-11 16:51:19
679,RobotSimForPA/ErrorAdditionR1/R1_Error3_Toggle,0,0.0,,2228224,2025-08-11 16:51:20
680,RobotSimForPA/ErrorAdditionR1/R1_Error3_Toggle,0,0.0,,2228224,2025-08-11 16:51:21
681,RobotSimForPA/ErrorAdditionR1/R1_Error3_Toggle,0,0.0,,2228224,2025-08-11 16:51:22
682,RobotSimForPA/ErrorAdditionR1/R1_Error3_Toggle,0,0.0,,2228224,2025-08-11 16:51:23
683,RobotSimForPA/ErrorAdditionR1/R1_Error3_Toggle,0,0.0,,2228224,2025-08-11 16:51:24
684,RobotSimForPA/ErrorAdditionR1/R1_Error3_Toggle,0,0.0,,2228224,2025-08-11 16:51:25
685,RobotSimForPA/ErrorAdditionR1/R1_Error3_Toggle,0,0.0,,2228224,2025-08-11 16:51:26
686,RobotSimForPA/ErrorAdditionR1/R1_Error3_Toggle,0,0.0,,2228224,2025-08-11 16:51:27
687,RobotSimForPA/ErrorAdditionR1/R1_Error3_Toggle,0,0.0,,2228224,2025-08-11 16:51:28
688,RobotSimForPA/ErrorAdditionR1/R1_Error3_Toggle,0,0.0,,2228224,2025-08-11 16:51:29
689,RobotSimForPA/ErrorAdditionR1/R1_Error3_Toggle,0,0.0,,2228224,2025-08-11 16:51:30
690,RobotSimForPA/ErrorAdditionR1/R1_Error3_Toggle,0,0.0,,2228224,2025-08-11 16:51:31
691,RobotSimForPA/ErrorAdditionR1/R1_Error3_Toggle,0,0.0,,2228224,2025-08-11 16:51:32
692,RobotSimForPA/ErrorAdditionR1/R1_Error3_Toggle,0,0.0,,2228224,2025-08-11 16:51:33
693,RobotSimForPA/ErrorAdditionR1/R1_Error3_Toggle,0,0.0,,2228224,2025-08-11 16:51:34
694,RobotSimForPA/ErrorAdditionR1/R1_Error3_Toggle,0,0.0,,2228224,2025-08-11 16:51:35
695,RobotSimForPA/ErrorAdditionR1/R1_Error3_Toggle,0,0.0,,2228224,2025-08-11 16:51:36
696,RobotSimForPA/ErrorAdditionR1/R1_Error3_Toggle,0,0.0,,2228224,2025-08-11 16:51:37
697,RobotSimForPA/ErrorAdditionR1/R1_Error3_Toggle,0,0.0,,2228224,2025-08-11 16:51:38
698,RobotSimForPA/ErrorAdditionR1/R1_Error3_Toggle,0,0.0,,2228224,2025-08-11 16:51:39
699,RobotSimForPA/ErrorAdditionR1/R1_Error3_Toggle,0,0.0,,2228224,2025-08-11 16:51:40
700,RobotSimForPA/ErrorAdditionR1/R1_Error3_Toggle,0,0.0,,2228224,2025-08-11 16:51:41
701,RobotSimForPA/ErrorAdditionR1/R1_Error3_Toggle,0,0.0,,2228224,2025-08-11 16:51:42
702,RobotSimForPA/ErrorAdditionR1/R1_Error3_Toggle,0,0.0,,2228224,2025-08-11 16:51:43
703,RobotSimForPA/ErrorAdditionR1/R1_Error3_Toggle,0,0.0,,2228224,2025-08-11 16:51:44
704,RobotSimForPA/ErrorAdditionR1/R1_Error3_Toggle,0,0.0,,2228224,2025-08-11 16:51:45
705,RobotSimForPA/ErrorAdditionR1/R1_Error3_Toggle,0,0.0,,2228224,2025-08-11 16:51:46
706,RobotSimForPA/ErrorAdditionR1/R1_Error3_Toggle,0,0.0,,2228224,2025-08-11 16:51:47
707,RobotSimForPA/ErrorAdditionR1/R1_Error3_Toggle,0,0.0,,2228224,2025-08-11 16:51:48
708,RobotSimForPA/ErrorAdditionR1/R1_Error3_Toggle,0,0.0,,2228224,2025-08-11 16:51:49
709,RobotSimForPA/ErrorAdditionR1/R1_Error3_Toggle,0,0.0,,2228224,2025-08-11 16:51:50
710,RobotSimForPA/ErrorAdditionR1/R1_Error3_Toggle,0,0.0,,2228224,2025-08-11 16:51:51
711,RobotSimForPA/ErrorAdditionR1/R1_Error3_Toggle,0,0.0,,2228224,2025-08-11 16:51:52
712,RobotSimForPA/ErrorAdditionR1/R1_Error3_Toggle,0,0.0,,2228224,2025-08-11 16:51:53
713,RobotSimForPA/ErrorAdditionR1/R1_Error3_Toggle,0,0.0,,2228224,2025-08-11 16:51:54
714,RobotSimForPA/ErrorAdditionR1/R1_Error3_Toggle,0,0.0,,2228224,2025-08-11 16:51:55
715,RobotSimForPA/ErrorAdditionR1/R1_Error3_Toggle,0,0.0,,2228224,2025-08-11 16:51:56
716,RobotSimForPA/ErrorAdditionR1/R1_Error3_Toggle,0,0.0,,2228224,2025-08-11 16:51:57
717,RobotSimForPA/ErrorAdditionR1/R1_Error3_Toggle,0,0.0,,2228224,2025-08-11 16:51:58
718,RobotSimForPA/ErrorAdditionR1/R1_Error3_Toggle,0,0.0,,2228224,2025-08-11 16:51:59
719,RobotSimForPA/ErrorAdditionR1/R1_Error3_Toggle,0,0.0,,2228224,2025-08-11 16:52:00
720,RobotSimForPA/ErrorAdditionR1/R1_Error3_Toggle,0,0.0,,2228224,2025-08-11 16:52:01
721,RobotSimForPA/ErrorAdditionR1/R1_Error3_Toggle,0,0.0,,2228224,2025-08-11 16:52:02
722,RobotSimForPA/ErrorAdditionR1/R1_Error3_Toggle,0,0.0,,2228224,2025-08-11 16:52:03
723,RobotSimForPA/ErrorAdditionR1/R1_Error3_Toggle,0,0.0,,2228224,2025-08-11 16:52:04
724,RobotSimForPA/ErrorAdditionR1/R1_Error3_Toggle,0,0.0,,2228224,2025-08-11 16:52:05
725,RobotSimForPA/ErrorAdditionR1/R1_Error3_Toggle,0,0.0,,2228224,2025-08-11 16:52:06
726,RobotSimForPA/ErrorAdditionR1/R1_Error3_Toggle,0,0.0,,2228224,2025-08-11 16:52:07
727,RobotSimForPA/ErrorAdditionR1/R1_Error3_Toggle,0,0.0,,2228224,2025-08-11 16:52:08
728,RobotSimForPA/ErrorAdditionR1/R1_Error3_Toggle,0,0.0,,2228224,2025-08-11 16:52:09
729,RobotSimForPA/ErrorAdditionR1/R1_Error3_Toggle,0,0.0,,2228224,2025-08-11 16:52:10
730,RobotSimForPA/ErrorAdditionR1/R1_Error3_Toggle,0,0.0,,2228224,2025-08-11 16:52:11
731,RobotSimForPA/ErrorAdditionR1/R1_Error3_Toggle,0,0.0,,2228224,2025-08-11 16:52:12
732,RobotSimForPA/ErrorAdditionR1/R1_Error3_Toggle,0,0.0,,2228224,2025-08-11 16:52:13
733,RobotSimForPA/ErrorAdditionR1/R1_Error3_Toggle,0,0.0,,2228224,2025-08-11 16:52:14
734,RobotSimForPA/ErrorAdditionR1/R1_Error3_Toggle,0,0.0,,2228224,2025-08-11 16:52:15
735,RobotSimForPA/ErrorAdditionR1/R1_Error3_Toggle,0,0.0,,2228224,2025-08-11 16:52:16
736,RobotSimForPA/ErrorAdditionR1/R1_Error3_Toggle,0,0.0,,2228224,2025-08-11 16:52:17
737,RobotSimForPA/ErrorAdditionR1/R1_Error3_Toggle,0,0.0,,2228224,2025-08-11 16:52:18
738,RobotSimForPA/ErrorAdditionR1/R1_Error3_Toggle,0,0.0,,2228224,2025-08-11 16:52:19
739,RobotSimForPA/ErrorAdditionR1/R1_Error3_Toggle,0,0.0,,2228224,2025-08-11 16:52:20
740,RobotSimForPA/ErrorAdditionR1/R1_Error3_Toggle,0,0.0,,2228224,2025-08-11 16:52:21
741,RobotSimForPA/ErrorAdditionR1/R1_Error3_Toggle,0,0.0,,2228224,2025-08-11 16:52:22
742,RobotSimForPA/ErrorAdditionR1/R1_Error3_Toggle,0,0.0,,2228224,2025-08-11 16:52:23
743,RobotSimForPA/ErrorAdditionR1/R1_Error3_Toggle,0,0.0,,2228224,2025-08-11 16:52:24
744,RobotSimForPA/ErrorAdditionR1/R1_Error3_Toggle,0,0.0,,2228224,2025-08-11 16:52:25
745,RobotSimForPA/ErrorAdditionR1/R1_Error3_Toggle,0,0.0,,2228224,2025-08-11 16:52:26
746,RobotSimForPA/ErrorAdditionR1/R1_Error3_Toggle,0,0.0,,2228224,2025-08-11 16:52:27
747,RobotSimForPA/ErrorAdditionR1/R1_Error3_Toggle,0,0.0,,2228224,2025-08-11 16:52:28
748,RobotSimForPA/ErrorAdditionR1/R1_Error3_Toggle,0,0.0,,2228224,2025-08-11 16:52:29
749,RobotSimForPA/ErrorAdditionR1/R1_Error3_Toggle,0,0.0,,2228224,2025-08-11 16:52:30
750,RobotSimForPA/ErrorAdditionR1/R1_Error3_Toggle,0,0.0,,2228224,2025-08-11 16:52:31
751,RobotSimForPA/ErrorAdditionR1/R1_Error3_Toggle,0,0.0,,2228224,2025-08-11 16:52:32
752,RobotSimForPA/ErrorAdditionR1/R1_Error3_Toggle,0,0.0,,2228224,2025-08-11 16:52:33
753,RobotSimForPA/ErrorAdditionR1/R1_Error3_Toggle,0,0.0,,2228224,2025-08-11 16:52:34
754,RobotSimForPA/ErrorAdditionR1/R1_Error3_Toggle,0,0.0,,2228224,2025-08-11 16:52:35
755,RobotSimForPA/ErrorAdditionR1/R1_Error3_Toggle,0,0.0,,2228224,2025-08-11 16:52:36
756,RobotSimForPA/ErrorAdditionR1/R1_Error3_Toggle,0,0.0,,2228224,2025-08-11 16:52:37
757,RobotSimForPA/ErrorAdditionR1/R1_Error3_Toggle,0,0.0,,2228224,2025-08-11 16:52:38
758,RobotSimForPA/ErrorAdditionR1/R1_Error3_Toggle,0,0.0,,2228224,2025-08-11 16:52:39
759,RobotSimForPA/ErrorAdditionR1/R1_Error3_Toggle,0,0.0,,2228224,2025-08-11 16:52:40
760,RobotSimForPA/ErrorAdditionR1/R1_Error3_Toggle,0,0.0,,2228224,2025-08-11 16:52:41
761,RobotSimForPA/ErrorAdditionR1/R1_Error3_Toggle,0,0.0,,2228224,2025-08-11 16:52:42
762,RobotSimForPA/ErrorAdditionR1/R1_Error3_Toggle,0,0.0,,2228224,2025-08-11 16:52:43
763,RobotSimForPA/ErrorAdditionR1/R1_Error3_Toggle,0,0.0,,2228224,2025-08-11 16:52:44
764,RobotSimForPA/ErrorAdditionR1/R1_Error3_Toggle,0,0.0,,2228224,2025-08-11 16:52:45
765,RobotSimForPA/ErrorAdditionR1/R1_Error3_Toggle,0,0.0,,2228224,2025-08-11 16:52:46
766,RobotSimForPA/ErrorAdditionR1/R1_Error3_Toggle,0,0.0,,2228224,2025-08-11 16:52:47
767,RobotSimForPA/ErrorAdditionR1/R1_Error3_Toggle,0,0.0,,2228224,2025-08-11 16:52:48
768,RobotSimForPA/ErrorAdditionR1/R1_Error3_Toggle,0,0.0,,2228224,2025-08-11 16:52:49
769,RobotSimForPA/ErrorAdditionR1/R1_Error3_Toggle,0,0.0,,2228224,2025-08-11 16:52:50
770,RobotSimForPA/ErrorAdditionR1/R1_Error3_Toggle,0,0.0,,2228224,2025-08-11 16:52:51
771,RobotSimForPA/ErrorAdditionR1/R1_Error3_Toggle,0,0.0,,2228224,2025-08-11 16:52:52
772,RobotSimForPA/ErrorAdditionR1/R1_Error3_Toggle,0,0.0,,2228224,2025-08-11 16:52:53
773,RobotSimForPA/ErrorAdditionR1/R1_Error3_Toggle,0,0.0,,2228224,2025-08-11 16:52:54
774,RobotSimForPA/ErrorAdditionR1/R1_Error3_Toggle,0,0.0,,2228224,2025-08-11 16:52:55
775,RobotSimForPA/ErrorAdditionR1/R1_Error3_Toggle,0,0.0,,2228224,2025-08-11 16:52:56
776,RobotSimForPA/ErrorAdditionR1/R1_Error3_Toggle,0,0.0,,2228224,2025-08-11 16:52:57
777,RobotSimForPA/ErrorAdditionR1/R1_Error3_Toggle,0,0.0,,2228224,2025-08-11 16:52:58
778,RobotSimForPA/ErrorAdditionR1/R1_Error3_Toggle,0,0.0,,2228224,2025-08-11 16:52:59
779,RobotSimForPA/ErrorAdditionR1/R1_Error3_Toggle,0,0.0,,2228224,2025-08-11 16:53:00
780,RobotSimForPA/ErrorAdditionR1/R1_Error3_Toggle,0,0.0,,2228224,2025-08-11 16:53:01
781,RobotSimForPA/ErrorAdditionR1/R1_Error3_Toggle,0,0.0,,2228224,2025-08-11 16:53:02
782,RobotSimForPA/ErrorAdditionR1/R1_Error3_Toggle,0,0.0,,2228224,2025-08-11 16:53:03
783,RobotSimForPA/ErrorAdditionR1/R1_Error3_Toggle,0,0.0,,2228224,2025-08-11 16:53:04
784,RobotSimForPA/ErrorAdditionR1/R1_Error3_Toggle,0,0.0,,2228224,2025-08-11 16:53:05
785,RobotSimForPA/ErrorAdditionR1/R1_Error3_Toggle,0,0.0,,2228224,2025-08-11 16:53:06
786,RobotSimForPA/ErrorAdditionR1/R1_Error3_Toggle,0,0.0,,2228224,2025-08-11 16:53:07
787,RobotSimForPA/ErrorAdditionR1/R1_Error3_Toggle,0,0.0,,2228224,2025-08-11 16:53:08
788,RobotSimForPA/ErrorAdditionR1/R1_Error3_Toggle,0,0.0,,2228224,2025-08-11 16:53:09
789,RobotSimForPA/ErrorAdditionR1/R1_Error3_Toggle,0,0.0,,2228224,2025-08-11 16:53:10
790,RobotSimForPA/ErrorAdditionR1/R1_Error3_Toggle,0,0.0,,2228224,2025-08-11 16:53:11
791,RobotSimForPA/ErrorAdditionR1/R1_Error3_Toggle,0,0.0,,2228224,2025-08-11 16:53:12
792,RobotSimForPA/ErrorAdditionR1/R1_Error3_Toggle,0,0.0,,2228224,2025-08-11 16:53:13
793,RobotSimForPA/ErrorAdditionR1/R1_Error3_Toggle,0,0.0,,2228224,2025-08-11 16:53:14
794,RobotSimForPA/ErrorAdditionR1/R1_Error3_Toggle,0,0.0,,2228224,2025-08-11 16:53:15
795,RobotSimForPA/ErrorAdditionR1/R1_Error3_Toggle,0,0.0,,2228224,2025-08-11 16:53:16
796,RobotSimForPA/ErrorAdditionR1/R1_Error3_Toggle,0,0.0,,2228224,2025-08-11 16:53:17
797,RobotSimForPA/ErrorAdditionR1/R1_Error3_Toggle,0,0.0,,2228224,2025-08-11 16:53:18
798,RobotSimForPA/ErrorAdditionR1/R1_Error3_Toggle,0,0.0,,2228224,2025-08-11 16:53:19
799,RobotSimForPA/ErrorAdditionR1/R1_Error3_Toggle,0,0.0,,2228224,2025-08-11 16:53:20
800,RobotSimForPA/ErrorAdditionR1/R1_Error3_Toggle,0,0.0,,2228224,2025-08-11 16:53:21
801,RobotSimForPA/ErrorAdditionR1/R1_Error3_Toggle,0,0.0,,2228224,2025-08-11 16:53:22
802,RobotSimForPA/ErrorAdditionR1/R1_Error3_Toggle,0,0.0,,2228224,2025-08-11 16:53:23
803,RobotSimForPA/ErrorAdditionR1/R1_Error3_Toggle,0,0.0,,2228224,2025-08-11 16:53:24
804,RobotSimForPA/ErrorAdditionR1/R1_Error3_Toggle,0,0.0,,2228224,2025-08-11 16:53:25
805,RobotSimForPA/ErrorAdditionR1/R1_Error3_Toggle,0,0.0,,2228224,2025-08-11 16:53:26
806,RobotSimForPA/ErrorAdditionR1/R1_Error3_Toggle,0,0.0,,2228224,2025-08-11 16:53:27
807,RobotSimForPA/ErrorAdditionR1/R1_Error3_Toggle,0,0.0,,2228224,2025-08-11 16:53:28
808,RobotSimForPA/ErrorAdditionR1/R1_Error3_Toggle,0,0.0,,2228224,2025-08-11 16:53:29
809,RobotSimForPA/ErrorAdditionR1/R1_Error3_Toggle,0,0.0,,2228224,2025-08-11 16:53:30
810,RobotSimForPA/ErrorAdditionR1/R1_Error3_Toggle,0,0.0,,2228224,2025-08-11 16:53:31
811,RobotSimForPA/ErrorAdditionR1/R1_Error3_Toggle,0,0.0,,2228224,2025-08-11 16:53:32
812,RobotSimForPA/ErrorAdditionR1/R1_Error3_Toggle,0,0.0,,2228224,2025-08-11 16:53:33
813,RobotSimForPA/ErrorAdditionR1/R1_Error3_Toggle,0,0.0,,2228224,2025-08-11 16:53:34
814,RobotSimForPA/ErrorAdditionR1/R1_Error3_Toggle,0,0.0,,2228224,2025-08-11 16:53:35
815,RobotSimForPA/ErrorAdditionR1/R1_Error3_Toggle,0,0.0,,2228224,2025-08-11 16:53:36
816,RobotSimForPA/ErrorAdditionR1/R1_Error3_Toggle,0,0.0,,2228224,2025-08-11 16:53:37
817,RobotSimForPA/ErrorAdditionR1/R1_Error3_Toggle,0,0.0,,2228224,2025-08-11 16:53:38
818,RobotSimForPA/ErrorAdditionR1/R1_Error3_Toggle,0,0.0,,2228224,2025-08-11 16:53:39
819,RobotSimForPA/ErrorAdditionR1/R1_Error3_Toggle,0,0.0,,2228224,2025-08-11 16:53:40
820,RobotSimForPA/ErrorAdditionR1/R1_Error3_Toggle,0,0.0,,2228224,2025-08-11 16:53:41
821,RobotSimForPA/ErrorAdditionR1/R1_Error3_Toggle,0,0.0,,2228224,2025-08-11 16:53:42
822,RobotSimForPA/ErrorAdditionR1/R1_Error3_Toggle,0,0.0,,2228224,2025-08-11 16:53:43
823,RobotSimForPA/ErrorAdditionR1/R1_Error3_Toggle,0,0.0,,2228224,2025-08-11 16:53:44
824,RobotSimForPA/ErrorAdditionR1/R1_Error3_Toggle,0,0.0,,2228224,2025-08-11 16:53:45
825,RobotSimForPA/ErrorAdditionR1/R1_Error3_Toggle,0,0.0,,2228224,2025-08-11 16:53:46
826,RobotSimForPA/ErrorAdditionR1/R1_Error3_Toggle,0,0.0,,2228224,2025-08-11 16:53:47
827,RobotSimForPA/ErrorAdditionR1/R1_Error3_Toggle,0,0.0,,2228224,2025-08-11 16:53:48
828,RobotSimForPA/ErrorAdditionR1/R1_Error3_Toggle,0,0.0,,2228224,2025-08-11 16:53:49
829,RobotSimForPA/ErrorAdditionR1/R1_Error3_Toggle,0,0.0,,2228224,2025-08-11 16:53:50
830,RobotSimForPA/ErrorAdditionR1/R1_Error3_Toggle,0,0.0,,2228224,2025-08-11 16:53:51
831,RobotSimForPA/ErrorAdditionR1/R1_Error3_Toggle,0,0.0,,2228224,2025-08-11 16:53:52
832,RobotSimForPA/ErrorAdditionR1/R1_Error3_Toggle,0,0.0,,2228224,2025-08-11 16:53:53
833,RobotSimForPA/ErrorAdditionR1/R1_Error3_Toggle,0,0.0,,2228224,2025-08-11 16:53:54
834,RobotSimForPA/ErrorAdditionR1/R1_Error3_Toggle,0,0.0,,2228224,2025-08-11 16:53:55
835,RobotSimForPA/ErrorAdditionR1/R1_Error3_Toggle,0,0.0,,2228224,2025-08-11 16:53:56
836,RobotSimForPA/ErrorAdditionR1/R1_Error3_Toggle,0,0.0,,2228224,2025-08-11 16:53:57
837,RobotSimForPA/ErrorAdditionR1/R1_Error3_Toggle,0,0.0,,2228224,2025-08-11 16:53:58
838,RobotSimForPA/ErrorAdditionR1/R1_Error3_Toggle,0,0.0,,2228224,2025-08-11 16:53:59
839,RobotSimForPA/ErrorAdditionR1/R1_Error3_Toggle,0,0.0,,2228224,2025-08-11 16:54:00
840,RobotSimForPA/ErrorAdditionR1/R1_Error3_Toggle,0,0.0,,2228224,2025-08-11 16:54:01
841,RobotSimForPA/ErrorAdditionR1/R1_Error3_Toggle,0,0.0,,2228224,2025-08-11 16:54:02
842,RobotSimForPA/ErrorAdditionR1/R1_Error3_Toggle,0,0.0,,2228224,2025-08-11 16:54:03
843,RobotSimForPA/ErrorAdditionR1/R1_Error3_Toggle,0,0.0,,2228224,2025-08-11 16:54:04
844,RobotSimForPA/ErrorAdditionR1/R1_Error3_Toggle,0,0.0,,2228224,2025-08-11 16:54:05
845,RobotSimForPA/ErrorAdditionR1/R1_Error3_Toggle,0,0.0,,2228224,2025-08-11 16:54:06
846,RobotSimForPA/ErrorAdditionR1/R1_Error3_Toggle,0,0.0,,2228224,2025-08-11 16:54:07
847,RobotSimForPA/ErrorAdditionR1/R1_Error3_Toggle,0,0.0,,2228224,2025-08-11 16:54:08
848,RobotSimForPA/ErrorAdditionR1/R1_Error3_Toggle,0,0.0,,2228224,2025-08-11 16:54:09
849,RobotSimForPA/ErrorAdditionR1/R1_Error3_Toggle,0,0.0,,2228224,2025-08-11 16:54:10
850,RobotSimForPA/ErrorAdditionR1/R1_Error3_Toggle,0,0.0,,2228224,2025-08-11 16:54:11
851,RobotSimForPA/ErrorAdditionR1/R1_Error3_Toggle,0,0.0,,2228224,2025-08-11 16:54:12
852,RobotSimForPA/ErrorAdditionR1/R1_Error3_Toggle,0,0.0,,2228224,2025-08-11 16:54:13
853,RobotSimForPA/ErrorAdditionR1/R1_Error3_Toggle,0,0.0,,2228224,2025-08-11 16:54:14
854,RobotSimForPA/ErrorAdditionR1/R1_Error3_Toggle,0,0.0,,2228224,2025-08-11 16:54:15
855,RobotSimForPA/ErrorAdditionR1/R1_Error3_Toggle,0,0.0,,2228224,2025-08-11 16:54:16
856,RobotSimForPA/ErrorAdditionR1/R1_Error3_Toggle,0,0.0,,2228224,2025-08-11 16:54:17
857,RobotSimForPA/ErrorAdditionR1/R1_Error3_Toggle,0,0.0,,2228224,2025-08-11 16:54:18
858,RobotSimForPA/ErrorAdditionR1/R1_Error3_Toggle,0,0.0,,2228224,2025-08-11 16:54:19
859,RobotSimForPA/ErrorAdditionR1/R1_Error3_Toggle,0,0.0,,2228224,2025-08-11 16:54:20
860,RobotSimForPA/ErrorAdditionR1/R1_Error3_Toggle,0,0.0,,2228224,2025-08-11 16:54:21
861,RobotSimForPA/ErrorAdditionR1/R1_Error3_Toggle,0,0.0,,2228224,2025-08-11 16:54:22
862,RobotSimForPA/ErrorAdditionR1/R1_Error3_Toggle,0,0.0,,2228224,2025-08-11 16:54:23
863,RobotSimForPA/ErrorAdditionR1/R1_Error3_Toggle,0,0.0,,2228224,2025-08-11 16:54:24
864,RobotSimForPA/ErrorAdditionR1/R1_Error3_Toggle,0,0.0,,2228224,2025-08-11 16:54:25
865,RobotSimForPA/ErrorAdditionR1/R1_Error3_Toggle,0,0.0,,2228224,2025-08-11 16:54:26
866,RobotSimForPA/ErrorAdditionR1/R1_Error3_Toggle,0,0.0,,2228224,2025-08-11 16:54:27
867,RobotSimForPA/ErrorAdditionR1/R1_Error3_Toggle,0,0.0,,2228224,2025-08-11 16:54:28
868,RobotSimForPA/ErrorAdditionR1/R1_Error3_Toggle,0,0.0,,2228224,2025-08-11 16:54:29
869,RobotSimForPA/ErrorAdditionR1/R1_Error3_Toggle,0,0.0,,2228224,2025-08-11 16:54:30
870,RobotSimForPA/ErrorAdditionR1/R1_Error3_Toggle,0,0.0,,2228224,2025-08-11 16:54:31
871,RobotSimForPA/ErrorAdditionR1/R1_Error3_Toggle,0,0.0,,2228224,2025-08-11 16:54:32
872,RobotSimForPA/ErrorAdditionR1/R1_Error3_Toggle,0,0.0,,2228224,2025-08-11 16:54:33
873,RobotSimForPA/ErrorAdditionR1/R1_Error3_Toggle,0,0.0,,2228224,2025-08-11 16:54:34
874,RobotSimForPA/ErrorAdditionR1/R1_Error3_Toggle,0,0.0,,2228224,2025-08-11 16:54:35
875,RobotSimForPA/ErrorAdditionR1/R1_Error3_Toggle,0,0.0,,2228224,2025-08-11 16:54:36
876,RobotSimForPA/ErrorAdditionR1/R1_Error3_Toggle,0,0.0,,2228224,2025-08-11 16:54:37
877,RobotSimForPA/ErrorAdditionR1/R1_Error3_Toggle,0,0.0,,2228224,2025-08-11 16:54:38
878,RobotSimForPA/ErrorAdditionR1/R1_Error3_Toggle,0,0.0,,2228224,2025-08-11 16:54:39
879,RobotSimForPA/ErrorAdditionR1/R1_Error3_Toggle,0,0.0,,2228224,2025-08-11 16:54:40
880,RobotSimForPA/ErrorAdditionR1/R1_Error3_Toggle,0,0.0,,2228224,2025-08-11 16:54:41
881,RobotSimForPA/ErrorAdditionR1/R1_Error3_Toggle,0,0.0,,2228224,2025-08-11 16:54:42
882,RobotSimForPA/ErrorAdditionR1/R1_Error3_Toggle,0,0.0,,2228224,2025-08-11 16:54:43
883,RobotSimForPA/ErrorAdditionR1/R1_Error3_Toggle,0,0.0,,2228224,2025-08-11 16:54:44
884,RobotSimForPA/ErrorAdditionR1/R1_Error3_Toggle,0,0.0,,2228224,2025-08-11 16:54:45
885,RobotSimForPA/ErrorAdditionR1/R1_Error3_Toggle,0,0.0,,2228224,2025-08-11 16:54:46
886,RobotSimForPA/ErrorAdditionR1/R1_Error3_Toggle,0,0.0,,2228224,2025-08-11 16:54:47
887,RobotSimForPA/ErrorAdditionR1/R1_Error3_Toggle,0,0.0,,2228224,2025-08-11 16:54:48
888,RobotSimForPA/ErrorAdditionR1/R1_Error3_Toggle,0,0.0,,2228224,2025-08-11 16:54:49
889,RobotSimForPA/ErrorAdditionR1/R1_Error3_Toggle,0,0.0,,2228224,2025-08-11 16:54:50
890,RobotSimForPA/ErrorAdditionR1/R1_Error3_Toggle,0,0.0,,2228224,2025-08-11 16:54:51
891,RobotSimForPA/ErrorAdditionR1/R1_Error3_Toggle,0,0.0,,2228224,2025-08-11 16:54:52
892,RobotSimForPA/ErrorAdditionR1/R1_Error3_Toggle,0,0.0,,2228224,2025-08-11 16:54:53
893,RobotSimForPA/ErrorAdditionR1/R1_Error3_Toggle,0,0.0,,2228224,2025-08-11 16:54:54
894,RobotSimForPA/ErrorAdditionR1/R1_Error3_Toggle,0,0.0,,2228224,2025-08-11 16:54:55
895,RobotSimForPA/ErrorAdditionR1/R1_Error3_Toggle,0,0.0,,2228224,2025-08-11 16:54:56
896,RobotSimForPA/ErrorAdditionR1/R1_Error3_Toggle,0,0.0,,2228224,2025-08-11 16:54:57
897,RobotSimForPA/ErrorAdditionR1/R1_Error3_Toggle,0,0.0,,2228224,2025-08-11 16:54:58
898,RobotSimForPA/ErrorAdditionR1/R1_Error3_Toggle,0,0.0,,2228224,2025-08-11 16:54:59
899,RobotSimForPA/ErrorAdditionR1/R1_Error3_Toggle,0,0.0,,2228224,2025-08-11 16:55:00
900,RobotSimForPA/ErrorAdditionR1/R1_Error3_Toggle,0,0.0,,2228224,2025-08-11 16:55:01
901,RobotSimForPA/ErrorAdditionR1/R1_Error3_Toggle,0,0.0,,2228224,2025-08-11 16:55:02
902,RobotSimForPA/ErrorAdditionR1/R1_Error3_Toggle,0,0.0,,2228224,2025-08-11 16:55:03
903,RobotSimForPA/ErrorAdditionR1/R1_Error3_Toggle,0,0.0,,2228224,2025-08-11 16:55:04
904,RobotSimForPA/ErrorAdditionR1/R1_Error3_Toggle,0,0.0,,2228224,2025-08-11 16:55:05
905,RobotSimForPA/ErrorAdditionR1/R1_Error3_Toggle,0,0.0,,2228224,2025-08-11 16:55:06
906,RobotSimForPA/ErrorAdditionR1/R1_Error3_Toggle,0,0.0,,2228224,2025-08-11 16:55:07
907,RobotSimForPA/ErrorAdditionR1/R1_Error3_Toggle,0,0.0,,2228224,2025-08-11 16:55:08
908,RobotSimForPA/ErrorAdditionR1/R1_Error3_Toggle,0,0.0,,2228224,2025-08-11 16:55:09
909,RobotSimForPA/ErrorAdditionR1/R1_Error3_Toggle,0,0.0,,2228224,2025-08-11 16:55:10
910,RobotSimForPA/ErrorAdditionR1/R1_Error3_Toggle,0,0.0,,2228224,2025-08-11 16:55:11
911,RobotSimForPA/ErrorAdditionR1/R1_Error3_Toggle,0,0.0,,2228224,2025-08-11 16:55:12
912,RobotSimForPA/ErrorAdditionR1/R1_Error3_Toggle,0,0.0,,2228224,2025-08-11 16:55:13
913,RobotSimForPA/ErrorAdditionR1/R1_Error3_Toggle,0,0.0,,2228224,2025-08-11 16:55:14
914,RobotSimForPA/ErrorAdditionR1/R1_Error3_Toggle,0,0.0,,2228224,2025-08-11 16:55:15
915,RobotSimForPA/ErrorAdditionR1/R1_Error3_Toggle,0,0.0,,2228224,2025-08-11 16:55:16
916,RobotSimForPA/ErrorAdditionR1/R1_Error3_Toggle,0,0.0,,2228224,2025-08-11 16:55:17
917,RobotSimForPA/ErrorAdditionR1/R1_Error3_Toggle,0,0.0,,2228224,2025-08-11 16:55:18
918,RobotSimForPA/ErrorAdditionR1/R1_Error3_Toggle,0,0.0,,2228224,2025-08-11 16:55:19
919,RobotSimForPA/ErrorAdditionR1/R1_Error3_Toggle,0,0.0,,2228224,2025-08-11 16:55:20
920,RobotSimForPA/ErrorAdditionR1/R1_Error3_Toggle,0,0.0,,2228224,2025-08-11 16:55:21
921,RobotSimForPA/ErrorAdditionR1/R1_Error3_Toggle,0,0.0,,2228224,2025-08-11 16:55:22
922,RobotSimForPA/ErrorAdditionR1/R1_Error3_Toggle,0,0.0,,2228224,2025-08-11 16:55:23
923,RobotSimForPA/ErrorAdditionR1/R1_Error3_Toggle,0,0.0,,2228224,2025-08-11 16:55:24
924,RobotSimForPA/ErrorAdditionR1/R1_Error3_Toggle,0,0.0,,2228224,2025-08-11 16:55:25
925,RobotSimForPA/ErrorAdditionR1/R1_Error3_Toggle,0,0.0,,2228224,2025-08-11 16:55:26
926,RobotSimForPA/ErrorAdditionR1/R1_Error3_Toggle,0,0.0,,2228224,2025-08-11 16:55:27
927,RobotSimForPA/ErrorAdditionR1/R1_Error3_Toggle,0,0.0,,2228224,2025-08-11 16:55:28
928,RobotSimForPA/ErrorAdditionR1/R1_Error3_Toggle,0,0.0,,2228224,2025-08-11 16:55:29
929,RobotSimForPA/ErrorAdditionR1/R1_Error3_Toggle,0,0.0,,2228224,2025-08-11 16:55:30
930,RobotSimForPA/ErrorAdditionR1/R1_Error3_Toggle,0,0.0,,2228224,2025-08-11 16:55:31
931,RobotSimForPA/ErrorAdditionR1/R1_Error3_Toggle,0,0.0,,2228224,2025-08-11 16:55:32
932,RobotSimForPA/ErrorAdditionR1/R1_Error3_Toggle,0,0.0,,2228224,2025-08-11 16:55:33
933,RobotSimForPA/ErrorAdditionR1/R1_Error3_Toggle,0,0.0,,2228224,2025-08-11 16:55:34
934,RobotSimForPA/ErrorAdditionR1/R1_Error3_Toggle,0,0.0,,2228224,2025-08-11 16:55:35
935,RobotSimForPA/ErrorAdditionR1/R1_Error3_Toggle,0,0.0,,2228224,2025-08-11 16:55:36
936,RobotSimForPA/ErrorAdditionR1/R1_Error3_Toggle,0,0.0,,2228224,2025-08-11 16:55:37
937,RobotSimForPA/ErrorAdditionR1/R1_Error3_Toggle,0,0.0,,2228224,2025-08-11 16:55:38
938,RobotSimForPA/ErrorAdditionR1/R1_Error3_Toggle,0,0.0,,2228224,2025-08-11 16:55:39
939,RobotSimForPA/ErrorAdditionR1/R1_Error3_Toggle,0,0.0,,2228224,2025-08-11 16:55:40
940,RobotSimForPA/ErrorAdditionR1/R1_Error3_Toggle,0,0.0,,2228224,2025-08-11 16:55:41
941,RobotSimForPA/ErrorAdditionR1/R1_Error3_Toggle,0,0.0,,2228224,2025-08-11 16:55:42
942,RobotSimForPA/ErrorAdditionR1/R1_Error3_Toggle,0,0.0,,2228224,2025-08-11 16:55:43
943,RobotSimForPA/ErrorAdditionR1/R1_Error3_Toggle,0,0.0,,2228224,2025-08-11 16:55:44
944,RobotSimForPA/ErrorAdditionR1/R1_Error3_Toggle,0,0.0,,2228224,2025-08-11 16:55:45
945,RobotSimForPA/ErrorAdditionR1/R1_Error3_Toggle,0,0.0,,2228224,2025-08-11 16:55:46
946,RobotSimForPA/ErrorAdditionR1/R1_Error3_Toggle,0,0.0,,2228224,2025-08-11 16:55:47
947,RobotSimForPA/ErrorAdditionR1/R1_Error3_Toggle,0,0.0,,2228224,2025-08-11 16:55:48
948,RobotSimForPA/ErrorAdditionR1/R1_Error3_Toggle,0,0.0,,2228224,2025-08-11 16:55:49
949,RobotSimForPA/ErrorAdditionR1/R1_Error3_Toggle,0,0.0,,2228224,2025-08-11 16:55:50
950,RobotSimForPA/ErrorAdditionR1/R1_Error3_Toggle,0,0.0,,2228224,2025-08-11 16:55:51
951,RobotSimForPA/ErrorAdditionR1/R1_Error3_Toggle,0,0.0,,2228224,2025-08-11 16:55:52
952,RobotSimForPA/ErrorAdditionR1/R1_Error3_Toggle,0,0.0,,2228224,2025-08-11 16:55:53
953,RobotSimForPA/ErrorAdditionR1/R1_Error3_Toggle,0,0.0,,2228224,2025-08-11 16:55:54
954,RobotSimForPA/ErrorAdditionR1/R1_Error3_Toggle,0,0.0,,2228224,2025-08-11 16:55:55
955,RobotSimForPA/ErrorAdditionR1/R1_Error3_Toggle,0,0.0,,2228224,2025-08-11 16:55:56
956,RobotSimForPA/ErrorAdditionR1/R1_Error3_Toggle,0,0.0,,2228224,2025-08-11 16:55:57
957,RobotSimForPA/ErrorAdditionR1/R1_Error3_Toggle,0,0.0,,2228224,2025-08-11 16:55:58
958,RobotSimForPA/ErrorAdditionR1/R1_Error3_Toggle,0,0.0,,2228224,2025-08-11 16:55:59
959,RobotSimForPA/ErrorAdditionR1/R1_Error3_Toggle,0,0.0,,2228224,2025-08-11 16:56:00
960,RobotSimForPA/ErrorAdditionR1/R1_Error3_Toggle,0,0.0,,2228224,2025-08-11 16:56:01
961,RobotSimForPA/ErrorAdditionR1/R1_Error3_Toggle,0,0.0,,2228224,2025-08-11 16:56:02
962,RobotSimForPA/ErrorAdditionR1/R1_Error3_Toggle,0,0.0,,2228224,2025-08-11 16:56:03
963,RobotSimForPA/ErrorAdditionR1/R1_Error3_Toggle,0,0.0,,2228224,2025-08-11 16:56:04
964,RobotSimForPA/ErrorAdditionR1/R1_Error3_Toggle,0,0.0,,2228224,2025-08-11 16:56:05
965,RobotSimForPA/ErrorAdditionR1/R1_Error3_Toggle,0,0.0,,2228224,2025-08-11 16:56:06
966,RobotSimForPA/ErrorAdditionR1/R1_Error3_Toggle,0,0.0,,2228224,2025-08-11 16:56:07
967,RobotSimForPA/ErrorAdditionR1/R1_Error3_Toggle,0,0.0,,2228224,2025-08-11 16:56:08
968,RobotSimForPA/ErrorAdditionR1/R1_Error3_Toggle,0,0.0,,2228224,2025-08-11 16:56:09
969,RobotSimForPA/ErrorAdditionR1/R1_Error3_Toggle,0,0.0,,2228224,2025-08-11 16:56:10
970,RobotSimForPA/ErrorAdditionR1/R1_Error3_Toggle,0,0.0,,2228224,2025-08-11 16:56:11
971,RobotSimForPA/ErrorAdditionR1/R1_Error3_Toggle,0,0.0,,2228224,2025-08-11 16:56:12
972,RobotSimForPA/ErrorAdditionR1/R1_Error3_Toggle,0,0.0,,2228224,2025-08-11 16:56:13
973,RobotSimForPA/ErrorAdditionR1/R1_Error3_Toggle,0,0.0,,2228224,2025-08-11 16:56:14
974,RobotSimForPA/ErrorAdditionR1/R1_Error3_Toggle,0,0.0,,2228224,2025-08-11 16:56:15
975,RobotSimForPA/ErrorAdditionR1/R1_Error3_Toggle,0,0.0,,2228224,2025-08-11 16:56:16
976,RobotSimForPA/ErrorAdditionR1/R1_Error3_Toggle,0,0.0,,2228224,2025-08-11 16:56:17
977,RobotSimForPA/ErrorAdditionR1/R1_Error3_Toggle,0,0.0,,2228224,2025-08-11 16:56:18
978,RobotSimForPA/ErrorAdditionR1/R1_Error3_Toggle,0,0.0,,2228224,2025-08-11 16:56:19
979,RobotSimForPA/ErrorAdditionR1/R1_Error3_Toggle,0,0.0,,2228224,2025-08-11 16:56:20
980,RobotSimForPA/ErrorAdditionR1/R1_Error3_Toggle,0,0.0,,2228224,2025-08-11 16:56:21
981,RobotSimForPA/ErrorAdditionR1/R1_Error3_Toggle,0,0.0,,2228224,2025-08-11 16:56:22
982,RobotSimForPA/ErrorAdditionR1/R1_Error3_Toggle,0,0.0,,2228224,2025-08-11 16:56:23
983,RobotSimForPA/ErrorAdditionR1/R1_Error3_Toggle,0,0.0,,2228224,2025-08-11 16:56:24
984,RobotSimForPA/ErrorAdditionR1/R1_Error3_Toggle,0,0.0,,2228224,2025-08-11 16:56:25
985,RobotSimForPA/ErrorAdditionR1/R1_Error3_Toggle,0,0.0,,2228224,2025-08-11 16:56:26
986,RobotSimForPA/ErrorAdditionR1/R1_Error3_Toggle,0,0.0,,2228224,2025-08-11 16:56:27
987,RobotSimForPA/ErrorAdditionR1/R1_Error3_Toggle,0,0.0,,2228224,2025-08-11 16:56:28
988,RobotSimForPA/ErrorAdditionR1/R1_Error3_Toggle,0,0.0,,2228224,2025-08-11 16:56:29
989,RobotSimForPA/ErrorAdditionR1/R1_Error3_Toggle,0,0.0,,2228224,2025-08-11 16:56:30
990,RobotSimForPA/ErrorAdditionR1/R1_Error3_Toggle,0,0.0,,2228224,2025-08-11 16:56:31
991,RobotSimForPA/ErrorAdditionR1/R1_Error3_Toggle,0,0.0,,2228224,2025-08-11 16:56:32
992,RobotSimForPA/ErrorAdditionR1/R1_Error3_Toggle,0,0.0,,2228224,2025-08-11 16:56:33
993,RobotSimForPA/ErrorAdditionR1/R1_Error3_Toggle,0,0.0,,2228224,2025-08-11 16:56:34
994,RobotSimForPA/ErrorAdditionR1/R1_Error3_Toggle,0,0.0,,2228224,2025-08-11 16:56:35
995,RobotSimForPA/ErrorAdditionR1/R1_Error3_Toggle,0,0.0,,2228224,2025-08-11 16:56:36
996,RobotSimForPA/ErrorAdditionR1/R1_Error3_Toggle,0,0.0,,2228224,2025-08-11 16:56:37
997,RobotSimForPA/ErrorAdditionR1/R1_Error3_Toggle,0,0.0,,2228224,2025-08-11 16:56:38
998,RobotSimForPA/ErrorAdditionR1/R1_Error3_Toggle,0,0.0,,2228224,2025-08-11 16:56:39
999,RobotSimForPA/ErrorAdditionR1/R1_Error3_Toggle,0,0.0,,2228224,2025-08-11 16:56:40
1000,RobotSimForPA/ErrorAdditionR1/R1_Error3_Toggle,0,0.0,,2228224,2025-08-11 16:56:41
1001,RobotSimForPA/ErrorAdditionR1/R1_Error3_Toggle,0,0.0,,2228224,2025-08-11 16:56:42
1002,RobotSimForPA/ErrorAdditionR1/R1_Error3_Toggle,0,0.0,,2228224,2025-08-11 16:56:43
1003,RobotSimForPA/ErrorAdditionR1/R1_Error3_Toggle,0,0.0,,2228224,2025-08-11 16:56:44
1004,RobotSimForPA/ErrorAdditionR1/R1_Error3_Toggle,0,0.0,,2228224,2025-08-11 16:56:45
1005,RobotSimForPA/ErrorAdditionR1/R1_Error3_Toggle,0,0.0,,2228224,2025-08-11 16:56:46
1006,RobotSimForPA/ErrorAdditionR1/R1_Error3_Toggle,0,0.0,,2228224,2025-08-11 16:56:47
1007,RobotSimForPA/ErrorAdditionR1/R1_Error3_Toggle,0,0.0,,2228224,2025-08-11 16:56:48
1008,RobotSimForPA/ErrorAdditionR1/R1_Error3_Toggle,0,0.0,,2228224,2025-08-11 16:56:49
1009,RobotSimForPA/ErrorAdditionR1/R1_Error3_Toggle,0,0.0,,2228224,2025-08-11 16:56:50
1010,RobotSimForPA/ErrorAdditionR1/R1_Error3_Toggle,0,0.0,,2228224,2025-08-11 16:56:51
1011,RobotSimForPA/ErrorAdditionR1/R1_Error3_Toggle,0,0.0,,2228224,2025-08-11 16:56:52
1012,RobotSimForPA/ErrorAdditionR1/R1_Error3_Toggle,0,0.0,,2228224,2025-08-11 16:56:53
1013,RobotSimForPA/ErrorAdditionR1/R1_Error3_Toggle,0,0.0,,2228224,2025-08-11 16:56:54
1014,RobotSimForPA/ErrorAdditionR1/R1_Error3_Toggle,0,0.0,,2228224,2025-08-11 16:56:55
1015,RobotSimForPA/ErrorAdditionR1/R1_Error3_Toggle,0,0.0,,2228224,2025-08-11 16:56:56
1016,RobotSimForPA/ErrorAdditionR1/R1_Error3_Toggle,0,0.0,,2228224,2025-08-11 16:56:57
1017,RobotSimForPA/ErrorAdditionR1/R1_Error3_Toggle,0,0.0,,2228224,2025-08-11 16:56:58
1018,RobotSimForPA/ErrorAdditionR1/R1_Error3_Toggle,0,0.0,,2228224,2025-08-11 16:56:59
1019,RobotSimForPA/ErrorAdditionR1/R1_Error3_Toggle,0,0.0,,2228224,2025-08-11 16:57:00
1020,RobotSimForPA/ErrorAdditionR1/R1_Error3_Toggle,0,0.0,,2228224,2025-08-11 16:57:01
1021,RobotSimForPA/ErrorAdditionR1/R1_Error3_Toggle,0,0.0,,2228224,2025-08-11 16:57:02
1022,RobotSimForPA/ErrorAdditionR1/R1_Error3_Toggle,0,0.0,,2228224,2025-08-11 16:57:03
1023,RobotSimForPA/ErrorAdditionR1/R1_Error3_Toggle,0,0.0,,2228224,2025-08-11 16:57:04
1024,RobotSimForPA/ErrorAdditionR1/R1_Error3_Toggle,0,0.0,,2228224,2025-08-11 16:57:05
1025,RobotSimForPA/ErrorAdditionR1/R1_Error3_Toggle,0,0.0,,2228224,2025-08-11 16:57:06
1026,RobotSimForPA/ErrorAdditionR1/R1_Error3_Toggle,0,0.0,,2228224,2025-08-11 16:57:07
1027,RobotSimForPA/ErrorAdditionR1/R1_Error3_Toggle,0,0.0,,2228224,2025-08-11 16:57:08
1028,RobotSimForPA/ErrorAdditionR1/R1_Error3_Toggle,0,0.0,,2228224,2025-08-11 16:57:09
1029,RobotSimForPA/ErrorAdditionR1/R1_Error3_Toggle,0,0.0,,2228224,2025-08-11 16:57:10
1030,RobotSimForPA/ErrorAdditionR1/R1_Error3_Toggle,0,0.0,,2228224,2025-08-11 16:57:11
1031,RobotSimForPA/ErrorAdditionR1/R1_Error3_Toggle,0,0.0,,2228224,2025-08-11 16:57:12
1032,RobotSimForPA/ErrorAdditionR1/R1_Error3_Toggle,0,0.0,,2228224,2025-08-11 16:57:13
1033,RobotSimForPA/ErrorAdditionR1/R1_Error3_Toggle,0,0.0,,2228224,2025-08-11 16:57:14
1034,RobotSimForPA/ErrorAdditionR1/R1_Error3_Toggle,0,0.0,,2228224,2025-08-11 16:57:15
1035,RobotSimForPA/ErrorAdditionR1/R1_Error3_Toggle,0,0.0,,2228224,2025-08-11 16:57:16
1036,RobotSimForPA/ErrorAdditionR1/R1_Error3_Toggle,0,0.0,,2228224,2025-08-11 16:57:17
1037,RobotSimForPA/ErrorAdditionR1/R1_Error3_Toggle,0,0.0,,2228224,2025-08-11 16:57:18
1038,RobotSimForPA/ErrorAdditionR1/R1_Error3_Toggle,0,0.0,,2228224,2025-08-11 16:57:19
1039,RobotSimForPA/ErrorAdditionR1/R1_Error3_Toggle,0,0.0,,2228224,2025-08-11 16:57:20
1040,RobotSimForPA/ErrorAdditionR1/R1_Error3_Toggle,0,0.0,,2228224,2025-08-11 16:57:21
1041,RobotSimForPA/ErrorAdditionR1/R1_Error3_Toggle,0,0.0,,2228224,2025-08-11 16:57:22
1042,RobotSimForPA/ErrorAdditionR1/R1_Error3_Toggle,0,0.0,,2228224,2025-08-11 16:57:23
1043,RobotSimForPA/ErrorAdditionR1/R1_Error3_Toggle,0,0.0,,2228224,2025-08-11 16:57:24
1044,RobotSimForPA/ErrorAdditionR1/R1_Error3_Toggle,0,0.0,,2228224,2025-08-11 16:57:25
1045,RobotSimForPA/ErrorAdditionR1/R1_Error3_Toggle,0,0.0,,2228224,2025-08-11 16:57:26
1046,RobotSimForPA/ErrorAdditionR1/R1_Error3_Toggle,0,0.0,,2228224,2025-08-11 16:57:27
1047,RobotSimForPA/ErrorAdditionR1/R1_Error3_Toggle,0,0.0,,2228224,2025-08-11 16:57:28
1048,RobotSimForPA/ErrorAdditionR1/R1_Error3_Toggle,0,0.0,,2228224,2025-08-11 16:57:29
1049,RobotSimForPA/ErrorAdditionR1/R1_Error3_Toggle,0,0.0,,2228224,2025-08-11 16:57:30
1050,RobotSimForPA/ErrorAdditionR1/R1_Error3_Toggle,0,0.0,,2228224,2025-08-11 16:57:31
1051,RobotSimForPA/ErrorAdditionR1/R1_Error3_Toggle,0,0.0,,2228224,2025-08-11 16:57:32
1052,RobotSimForPA/ErrorAdditionR1/R1_Error3_Toggle,0,0.0,,2228224,2025-08-11 16:57:33
1053,RobotSimForPA/ErrorAdditionR1/R1_Error3_Toggle,0,0.0,,2228224,2025-08-11 16:57:34
1054,RobotSimForPA/ErrorAdditionR1/R1_Error3_Toggle,0,0.0,,2228224,2025-08-11 16:57:35
1055,RobotSimForPA/ErrorAdditionR1/R1_Error3_Toggle,0,0.0,,2228224,2025-08-11 16:57:36
1056,RobotSimForPA/ErrorAdditionR1/R1_Error3_Toggle,0,0.0,,2228224,2025-08-11 16:57:37
1057,RobotSimForPA/ErrorAdditionR1/R1_Error3_Toggle,0,0.0,,2228224,2025-08-11 16:57:38
1058,RobotSimForPA/ErrorAdditionR1/R1_Error3_Toggle,0,0.0,,2228224,2025-08-11 16:57:39
1059,RobotSimForPA/ErrorAdditionR1/R1_Error3_Toggle,0,0.0,,2228224,2025-08-11 16:57:40
1060,RobotSimForPA/ErrorAdditionR1/R1_Error3_Toggle,0,0.0,,2228224,2025-08-11 16:57:41
1061,RobotSimForPA/ErrorAdditionR1/R1_Error3_Toggle,0,0.0,,2228224,2025-08-11 16:57:42
1062,RobotSimForPA/ErrorAdditionR1/R1_Error3_Toggle,0,0.0,,2228224,2025-08-11 16:57:43
1063,RobotSimForPA/ErrorAdditionR1/R1_Error3_Toggle,0,0.0,,2228224,2025-08-11 16:57:44
1064,RobotSimForPA/ErrorAdditionR1/R1_Error3_Toggle,0,0.0,,2228224,2025-08-11 16:57:45
1065,RobotSimForPA/ErrorAdditionR1/R1_Error3_Toggle,0,0.0,,2228224,2025-08-11 16:57:46
1066,RobotSimForPA/ErrorAdditionR1/R1_Error3_Toggle,0,0.0,,2228224,2025-08-11 16:57:47
1067,RobotSimForPA/ErrorAdditionR1/R1_Error3_Toggle,0,0.0,,2228224,2025-08-11 16:57:48
1068,RobotSimForPA/ErrorAdditionR1/R1_Error3_Toggle,0,0.0,,2228224,2025-08-11 16:57:49
1069,RobotSimForPA/ErrorAdditionR1/R1_Error3_Toggle,0,0.0,,2228224,2025-08-11 16:57:50
1070,RobotSimForPA/ErrorAdditionR1/R1_Error3_Toggle,0,0.0,,2228224,2025-08-11 16:57:51
1071,RobotSimForPA/ErrorAdditionR1/R1_Error3_Toggle,0,0.0,,2228224,2025-08-11 16:57:52
1072,RobotSimForPA/ErrorAdditionR1/R1_Error3_Toggle,0,0.0,,2228224,2025-08-11 16:57:53
1073,RobotSimForPA/ErrorAdditionR1/R1_Error3_Toggle,0,0.0,,2228224,2025-08-11 16:57:54
1074,RobotSimForPA/ErrorAdditionR1/R1_Error3_Toggle,0,0.0,,2228224,2025-08-11 16:57:55
1075,RobotSimForPA/ErrorAdditionR1/R1_Error3_Toggle,0,0.0,,2228224,2025-08-11 16:57:56
1076,RobotSimForPA/ErrorAdditionR1/R1_Error3_Toggle,0,0.0,,2228224,2025-08-11 16:57:57
1077,RobotSimForPA/ErrorAdditionR1/R1_Error3_Toggle,0,0.0,,2228224,2025-08-11 16:57:58
1078,RobotSimForPA/ErrorAdditionR1/R1_Error3_Toggle,0,0.0,,2228224,2025-08-11 16:57:59
1079,RobotSimForPA/ErrorAdditionR1/R1_Error3_Toggle,0,0.0,,2228224,2025-08-11 16:58:00
1080,RobotSimForPA/ErrorAdditionR1/R1_Error3_Toggle,0,0.0,,2228224,2025-08-11 16:58:01
1081,RobotSimForPA/ErrorAdditionR1/R1_Error3_Toggle,0,0.0,,2228224,2025-08-11 16:58:02
1082,RobotSimForPA/ErrorAdditionR1/R1_Error3_Toggle,0,0.0,,2228224,2025-08-11 16:58:03
1083,RobotSimForPA/ErrorAdditionR1/R1_Error3_Toggle,0,0.0,,2228224,2025-08-11 16:58:04
1084,RobotSimForPA/ErrorAdditionR1/R1_Error3_Toggle,0,0.0,,2228224,2025-08-11 16:58:05
1085,RobotSimForPA/ErrorAdditionR1/R1_Error3_Toggle,0,0.0,,2228224,2025-08-11 16:58:06
1086,RobotSimForPA/ErrorAdditionR1/R1_Error3_Toggle,0,0.0,,2228224,2025-08-11 16:58:07
1087,RobotSimForPA/ErrorAdditionR1/R1_Error3_Toggle,0,0.0,,2228224,2025-08-11 16:58:08
1088,RobotSimForPA/ErrorAdditionR1/R1_Error3_Toggle,0,0.0,,2228224,2025-08-11 16:58:09
1089,RobotSimForPA/ErrorAdditionR1/R1_Error3_Toggle,0,0.0,,2228224,2025-08-11 16:58:10
1090,RobotSimForPA/ErrorAdditionR1/R1_Error3_Toggle,0,0.0,,2228224,2025-08-11 16:58:11
1091,RobotSimForPA/ErrorAdditionR1/R1_Error3_Toggle,0,0.0,,2228224,2025-08-11 16:58:12
1092,RobotSimForPA/ErrorAdditionR1/R1_Error3_Toggle,0,0.0,,2228224,2025-08-11 16:58:13
1093,RobotSimForPA/ErrorAdditionR1/R1_Error3_Toggle,0,0.0,,2228224,2025-08-11 16:58:14
1094,RobotSimForPA/ErrorAdditionR1/R1_Error3_Toggle,0,0.0,,2228224,2025-08-11 16:58:15
1095,RobotSimForPA/ErrorAdditionR1/R1_Error3_Toggle,0,0.0,,2228224,2025-08-11 16:58:16
1096,RobotSimForPA/ErrorAdditionR1/R1_Error3_Toggle,0,0.0,,2228224,2025-08-11 16:58:17
1097,RobotSimForPA/ErrorAdditionR1/R1_Error3_Toggle,0,0.0,,2228224,2025-08-11 16:58:18
1098,RobotSimForPA/ErrorAdditionR1/R1_Error3_Toggle,0,0.0,,2228224,2025-08-11 16:58:19
1099,RobotSimForPA/ErrorAdditionR1/R1_Error3_Toggle,0,0.0,,2228224,2025-08-11 16:58:20
1100,RobotSimForPA/ErrorAdditionR1/R1_Error3_Toggle,0,0.0,,2228224,2025-08-11 16:58:21
1101,RobotSimForPA/ErrorAdditionR1/R1_Error3_Toggle,0,0.0,,2228224,2025-08-11 16:58:22
1102,RobotSimForPA/ErrorAdditionR1/R1_Error3_Toggle,0,0.0,,2228224,2025-08-11 16:58:23
1103,RobotSimForPA/ErrorAdditionR1/R1_Error3_Toggle,0,0.0,,2228224,2025-08-11 16:58:24
1104,RobotSimForPA/ErrorAdditionR1/R1_Error3_Toggle,0,0.0,,2228224,2025-08-11 16:58:25
1105,RobotSimForPA/ErrorAdditionR1/R1_Error3_Toggle,0,0.0,,2228224,2025-08-11 16:58:26
1106,RobotSimForPA/ErrorAdditionR1/R1_Error3_Toggle,0,0.0,,2228224,2025-08-11 16:58:27
1107,RobotSimForPA/ErrorAdditionR1/R1_Error3_Toggle,0,0.0,,2228224,2025-08-11 16:58:28
1108,RobotSimForPA/ErrorAdditionR1/R1_Error3_Toggle,0,0.0,,2228224,2025-08-11 16:58:29
1109,RobotSimForPA/ErrorAdditionR1/R1_Error3_Toggle,0,0.0,,2228224,2025-08-11 16:58:30
1110,RobotSimForPA/ErrorAdditionR1/R1_Error3_Toggle,0,0.0,,2228224,2025-08-11 16:58:31
1111,RobotSimForPA/ErrorAdditionR1/R1_Error3_Toggle,0,0.0,,2228224,2025-08-11 16:58:32
1112,RobotSimForPA/ErrorAdditionR1/R1_Error3_Toggle,0,0.0,,2228224,2025-08-11 16:58:33
1113,RobotSimForPA/ErrorAdditionR1/R1_Error3_Toggle,0,0.0,,2228224,2025-08-11 16:58:34
1114,RobotSimForPA/ErrorAdditionR1/R1_Error3_Toggle,0,0.0,,2228224,2025-08-11 16:58:35
1115,RobotSimForPA/ErrorAdditionR1/R1_Error3_Toggle,0,0.0,,2228224,2025-08-11 16:58:36
1116,RobotSimForPA/ErrorAdditionR1/R1_Error3_Toggle,0,0.0,,2228224,2025-08-11 16:58:37
1117,RobotSimForPA/ErrorAdditionR1/R1_Error3_Toggle,0,0.0,,2228224,2025-08-11 16:58:38
1118,RobotSimForPA/ErrorAdditionR1/R1_Error3_Toggle,0,0.0,,2228224,2025-08-11 16:58:39
1119,RobotSimForPA/ErrorAdditionR1/R1_Error3_Toggle,0,0.0,,2228224,2025-08-11 16:58:40
1120,RobotSimForPA/ErrorAdditionR1/R1_Error3_Toggle,0,0.0,,2228224,2025-08-11 16:58:41
1121,RobotSimForPA/ErrorAdditionR1/R1_Error3_Toggle,0,0.0,,2228224,2025-08-11 16:58:42
1122,RobotSimForPA/ErrorAdditionR1/R1_Error3_Toggle,0,0.0,,2228224,2025-08-11 16:58:43
1123,RobotSimForPA/ErrorAdditionR1/R1_Error3_Toggle,0,0.0,,2228224,2025-08-11 16:58:44
1124,RobotSimForPA/ErrorAdditionR1/R1_Error3_Toggle,0,0.0,,2228224,2025-08-11 16:58:45
1125,RobotSimForPA/ErrorAdditionR1/R1_Error3_Toggle,0,0.0,,2228224,2025-08-11 16:58:46
1126,RobotSimForPA/ErrorAdditionR1/R1_Error3_Toggle,0,0.0,,2228224,2025-08-11 16:58:47
1127,RobotSimForPA/ErrorAdditionR1/R1_Error3_Toggle,0,0.0,,2228224,2025-08-11 16:58:48
1128,RobotSimForPA/ErrorAdditionR1/R1_Error3_Toggle,0,0.0,,2228224,2025-08-11 16:58:49
1129,RobotSimForPA/ErrorAdditionR1/R1_Error3_Toggle,0,0.0,,2228224,2025-08-11 16:58:50
1130,RobotSimForPA/ErrorAdditionR1/R1_Error3_Toggle,0,0.0,,2228224,2025-08-11 16:58:51
1131,RobotSimForPA/ErrorAdditionR1/R1_Error3_Toggle,0,0.0,,2228224,2025-08-11 16:58:52
1132,RobotSimForPA/ErrorAdditionR1/R1_Error3_Toggle,0,0.0,,2228224,2025-08-11 16:58:53
1133,RobotSimForPA/ErrorAdditionR1/R1_Error3_Toggle,0,0.0,,2228224,2025-08-11 16:58:54
1134,RobotSimForPA/ErrorAdditionR1/R1_Error3_Toggle,0,0.0,,2228224,2025-08-11 16:58:55
1135,RobotSimForPA/ErrorAdditionR1/R1_Error3_Toggle,0,0.0,,2228224,2025-08-11 16:58:56
1136,RobotSimForPA/ErrorAdditionR1/R1_Error3_Toggle,0,0.0,,2228224,2025-08-11 16:58:57
1137,RobotSimForPA/ErrorAdditionR1/R1_Error3_Toggle,0,0.0,,2228224,2025-08-11 16:58:58
1138,RobotSimForPA/ErrorAdditionR1/R1_Error3_Toggle,0,0.0,,2228224,2025-08-11 16:58:59
1139,RobotSimForPA/ErrorAdditionR1/R1_Error3_Toggle,0,0.0,,2228224,2025-08-11 16:59:00
1140,RobotSimForPA/ErrorAdditionR1/R1_Error3_Toggle,0,0.0,,2228224,2025-08-11 16:59:01
1141,RobotSimForPA/ErrorAdditionR1/R1_Error3_Toggle,0,0.0,,2228224,2025-08-11 16:59:02
1142,RobotSimForPA/ErrorAdditionR1/R1_Error3_Toggle,0,0.0,,2228224,2025-08-11 16:59:03
1143,RobotSimForPA/ErrorAdditionR1/R1_Error3_Toggle,0,0.0,,2228224,2025-08-11 16:59:04
1144,RobotSimForPA/ErrorAdditionR1/R1_Error3_Toggle,0,0.0,,2228224,2025-08-11 16:59:05
1145,RobotSimForPA/ErrorAdditionR1/R1_Error3_Toggle,0,0.0,,2228224,2025-08-11 16:59:06
1146,RobotSimForPA/ErrorAdditionR1/R1_Error3_Toggle,0,0.0,,2228224,2025-08-11 16:59:07
1147,RobotSimForPA/ErrorAdditionR1/R1_Error3_Toggle,0,0.0,,2228224,2025-08-11 16:59:08
1148,RobotSimForPA/ErrorAdditionR1/R1_Error3_Toggle,0,0.0,,2228224,2025-08-11 16:59:09
1149,RobotSimForPA/ErrorAdditionR1/R1_Error3_Toggle,0,0.0,,2228224,2025-08-11 16:59:10
1150,RobotSimForPA/ErrorAdditionR1/R1_Error3_Toggle,0,0.0,,2228224,2025-08-11 16:59:11
1151,RobotSimForPA/ErrorAdditionR1/R1_Error3_Toggle,0,0.0,,2228224,2025-08-11 16:59:12
1152,RobotSimForPA/ErrorAdditionR1/R1_Error3_Toggle,0,0.0,,2228224,2025-08-11 16:59:13
1153,RobotSimForPA/ErrorAdditionR1/R1_Error3_Toggle,0,0.0,,2228224,2025-08-11 16:59:14
1154,RobotSimForPA/ErrorAdditionR1/R1_Error3_Toggle,0,0.0,,2228224,2025-08-11 16:59:15
1155,RobotSimForPA/ErrorAdditionR1/R1_Error3_Toggle,0,0.0,,2228224,2025-08-11 16:59:16
1156,RobotSimForPA/ErrorAdditionR1/R1_Error3_Toggle,0,0.0,,2228224,2025-08-11 16:59:17
1157,RobotSimForPA/ErrorAdditionR1/R1_Error3_Toggle,0,0.0,,2228224,2025-08-11 16:59:18
1158,RobotSimForPA/ErrorAdditionR1/R1_Error3_Toggle,0,0.0,,2228224,2025-08-11 16:59:19
1159,RobotSimForPA/ErrorAdditionR1/R1_Error3_Toggle,0,0.0,,2228224,2025-08-11 16:59:20
1160,RobotSimForPA/ErrorAdditionR1/R1_Error3_Toggle,0,0.0,,2228224,2025-08-11 16:59:21
1161,RobotSimForPA/ErrorAdditionR1/R1_Error3_Toggle,0,0.0,,2228224,2025-08-11 16:59:22
1162,RobotSimForPA/ErrorAdditionR1/R1_Error3_Toggle,0,0.0,,2228224,2025-08-11 16:59:23
1163,RobotSimForPA/ErrorAdditionR1/R1_Error3_Toggle,0,0.0,,2228224,2025-08-11 16:59:24
1164,RobotSimForPA/ErrorAdditionR1/R1_Error3_Toggle,0,0.0,,2228224,2025-08-11 16:59:25
1165,RobotSimForPA/ErrorAdditionR1/R1_Error3_Toggle,0,0.0,,2228224,2025-08-11 16:59:26
1166,RobotSimForPA/ErrorAdditionR1/R1_Error3_Toggle,0,0.0,,2228224,2025-08-11 16:59:27
1167,RobotSimForPA/ErrorAdditionR1/R1_Error3_Toggle,0,0.0,,2228224,2025-08-11 16:59:28
1168,RobotSimForPA/ErrorAdditionR1/R1_Error3_Toggle,0,0.0,,2228224,2025-08-11 16:59:29
1169,RobotSimForPA/ErrorAdditionR1/R1_Error3_Toggle,0,0.0,,2228224,2025-08-11 16:59:30
1170,RobotSimForPA/ErrorAdditionR1/R1_Error3_Toggle,0,0.0,,2228224,2025-08-11 16:59:31
1171,RobotSimForPA/ErrorAdditionR1/R1_Error3_Toggle,0,0.0,,2228224,2025-08-11 16:59:32
1172,RobotSimForPA/ErrorAdditionR1/R1_Error3_Toggle,0,0.0,,2228224,2025-08-11 16:59:33
1173,RobotSimForPA/ErrorAdditionR1/R1_Error3_Toggle,0,0.0,,2228224,2025-08-11 16:59:34
1174,RobotSimForPA/ErrorAdditionR1/R1_Error3_Toggle,0,0.0,,2228224,2025-08-11 16:59:35
1175,RobotSimForPA/ErrorAdditionR1/R1_Error3_Toggle,0,0.0,,2228224,2025-08-11 16:59:36
1176,RobotSimForPA/ErrorAdditionR1/R1_Error3_Toggle,0,0.0,,2228224,2025-08-11 16:59:37
1177,RobotSimForPA/ErrorAdditionR1/R1_Error3_Toggle,0,0.0,,2228224,2025-08-11 16:59:38
1178,RobotSimForPA/ErrorAdditionR1/R1_Error3_Toggle,0,0.0,,2228224,2025-08-11 16:59:39
1179,RobotSimForPA/ErrorAdditionR1/R1_Error3_Toggle,0,0.0,,2228224,2025-08-11 16:59:40
1180,RobotSimForPA/ErrorAdditionR1/R1_Error3_Toggle,0,0.0,,2228224,2025-08-11 16:59:41
1181,RobotSimForPA/ErrorAdditionR1/R1_Error3_Toggle,0,0.0,,2228224,2025-08-11 16:59:42
1182,RobotSimForPA/ErrorAdditionR1/R1_Error3_Toggle,0,0.0,,2228224,2025-08-11 16:59:43
1183,RobotSimForPA/ErrorAdditionR1/R1_Error3_Toggle,0,0.0,,2228224,2025-08-11 16:59:44
1184,RobotSimForPA/ErrorAdditionR1/R1_Error3_Toggle,0,0.0,,2228224,2025-08-11 16:59:45
1185,RobotSimForPA/ErrorAdditionR1/R1_Error3_Toggle,0,0.0,,2228224,2025-08-11 16:59:46
1186,RobotSimForPA/ErrorAdditionR1/R1_Error3_Toggle,0,0.0,,2228224,2025-08-11 16:59:47
1187,RobotSimForPA/ErrorAdditionR1/R1_Error3_Toggle,0,0.0,,2228224,2025-08-11 16:59:48
1188,RobotSimForPA/ErrorAdditionR1/R1_Error3_Toggle,0,0.0,,2228224,2025-08-11 16:59:49
1189,RobotSimForPA/ErrorAdditionR1/R1_Error3_Toggle,0,0.0,,2228224,2025-08-11 16:59:50
1190,RobotSimForPA/ErrorAdditionR1/R1_Error3_Toggle,0,0.0,,2228224,2025-08-11 16:59:51
1191,RobotSimForPA/ErrorAdditionR1/R1_Error3_Toggle,0,0.0,,2228224,2025-08-11 16:59:52
1192,RobotSimForPA/ErrorAdditionR1/R1_Error3_Toggle,0,0.0,,2228224,2025-08-11 16:59:53
1193,RobotSimForPA/ErrorAdditionR1/R1_Error3_Toggle,0,0.0,,2228224,2025-08-11 16:59:54
1194,RobotSimForPA/ErrorAdditionR1/R1_Error3_Toggle,0,0.0,,2228224,2025-08-11 16:59:55
1195,RobotSimForPA/ErrorAdditionR1/R1_Error3_Toggle,0,0.0,,2228224,2025-08-11 16:59:56
1196,RobotSimForPA/ErrorAdditionR1/R1_Error3_Toggle,0,0.0,,2228224,2025-08-11 16:59:57
1197,RobotSimForPA/ErrorAdditionR1/R1_Error3_Toggle,0,0.0,,2228224,2025-08-11 16:59:58
1198,RobotSimForPA/ErrorAdditionR1/R1_Error3_Toggle,0,0.0,,2228224,2025-08-11 16:59:59
1199,RobotSimForPA/ErrorAdditionR1/R1_Error3_Toggle,0,0.0,,2228224,2025-08-11 17:00:00
1200,RobotSimForPA/ErrorAdditionR1/R1_Error3_Toggle,0,0.0,,2228224,2025-08-11 17:00:01
1201,RobotSimForPA/ErrorAdditionR1/R1_Error3_Toggle,0,0.0,,2228224,2025-08-11 17:00:02
1202,RobotSimForPA/ErrorAdditionR1/R1_Error3_Toggle,0,0.0,,2228224,2025-08-11 17:00:03
1203,RobotSimForPA/ErrorAdditionR1/R1_Error3_Toggle,0,0.0,,2228224,2025-08-11 17:00:04
1204,RobotSimForPA/ErrorAdditionR1/R1_Error3_Toggle,0,0.0,,2228224,2025-08-11 17:00:05
1205,RobotSimForPA/ErrorAdditionR1/R1_Error3_Toggle,0,0.0,,2228224,2025-08-11 17:00:06
1206,RobotSimForPA/ErrorAdditionR1/R1_Error3_Toggle,0,0.0,,2228224,2025-08-11 17:00:07
1207,RobotSimForPA/ErrorAdditionR1/R1_Error3_Toggle,0,0.0,,2228224,2025-08-11 17:00:08
1208,RobotSimForPA/ErrorAdditionR1/R1_Error3_Toggle,0,0.0,,2228224,2025-08-11 17:00:09
1209,RobotSimForPA/ErrorAdditionR1/R1_Error3_Toggle,0,0.0,,2228224,2025-08-11 17:00:10
1210,RobotSimForPA/ErrorAdditionR1/R1_Error3_Toggle,0,0.0,,2228224,2025-08-11 17:00:11
1211,RobotSimForPA/ErrorAdditionR1/R1_Error3_Toggle,0,0.0,,2228224,2025-08-11 17:00:12
1212,RobotSimForPA/ErrorAdditionR1/R1_Error3_Toggle,0,0.0,,2228224,2025-08-11 17:00:13
1213,RobotSimForPA/ErrorAdditionR1/R1_Error3_Toggle,0,0.0,,2228224,2025-08-11 17:00:14
1214,RobotSimForPA/ErrorAdditionR1/R1_Error3_Toggle,0,0.0,,2228224,2025-08-11 17:00:15
1215,RobotSimForPA/ErrorAdditionR1/R1_Error3_Toggle,0,0.0,,2228224,2025-08-11 17:00:16
1216,RobotSimForPA/ErrorAdditionR1/R1_Error3_Toggle,0,0.0,,2228224,2025-08-11 17:00:17
1217,RobotSimForPA/ErrorAdditionR1/R1_Error3_Toggle,0,0.0,,2228224,2025-08-11 17:00:18
1218,RobotSimForPA/ErrorAdditionR1/R1_Error3_Toggle,0,0.0,,2228224,2025-08-11 17:00:19
1219,RobotSimForPA/ErrorAdditionR1/R1_Error3_Toggle,0,0.0,,2228224,2025-08-11 17:00:20
1220,RobotSimForPA/ErrorAdditionR1/R1_Error3_Toggle,0,0.0,,2228224,2025-08-11 17:00:21
1221,RobotSimForPA/ErrorAdditionR1/R1_Error3_Toggle,0,0.0,,2228224,2025-08-11 17:00:22
1222,RobotSimForPA/ErrorAdditionR1/R1_Error3_Toggle,0,0.0,,2228224,2025-08-11 17:00:23
1223,RobotSimForPA/ErrorAdditionR1/R1_Error3_Toggle,0,0.0,,2228224,2025-08-11 17:00:24
1224,RobotSimForPA/ErrorAdditionR1/R1_Error3_Toggle,0,0.0,,2228224,2025-08-11 17:00:25
1225,RobotSimForPA/ErrorAdditionR1/R1_Error3_Toggle,0,0.0,,2228224,2025-08-11 17:00:26
1226,RobotSimForPA/ErrorAdditionR1/R1_Error3_Toggle,0,0.0,,2228224,2025-08-11 17:00:27
1227,RobotSimForPA/ErrorAdditionR1/R1_Error3_Toggle,0,0.0,,2228224,2025-08-11 17:00:28
1228,RobotSimForPA/ErrorAdditionR1/R1_Error3_Toggle,0,0.0,,2228224,2025-08-11 17:00:29
1229,RobotSimForPA/ErrorAdditionR1/R1_Error3_Toggle,0,0.0,,2228224,2025-08-11 17:00:30
1230,RobotSimForPA/ErrorAdditionR1/R1_Error3_Toggle,0,0.0,,2228224,2025-08-11 17:00:31
1231,RobotSimForPA/ErrorAdditionR1/R1_Error3_Toggle,0,0.0,,2228224,2025-08-11 17:00:32
1232,RobotSimForPA/ErrorAdditionR1/R1_Error3_Toggle,0,0.0,,2228224,2025-08-11 17:00:33
1233,RobotSimForPA/ErrorAdditionR1/R1_Error3_Toggle,0,0.0,,2228224,2025-08-11 17:00:34
1234,RobotSimForPA/ErrorAdditionR1/R1_Error3_Toggle,0,0.0,,2228224,2025-08-11 17:00:35
1235,RobotSimForPA/ErrorAdditionR1/R1_Error3_Toggle,0,0.0,,2228224,2025-08-11 17:00:36
1236,RobotSimForPA/ErrorAdditionR1/R1_Error3_Toggle,0,0.0,,2228224,2025-08-11 17:00:37
1237,RobotSimForPA/ErrorAdditionR1/R1_Error3_Toggle,0,0.0,,2228224,2025-08-11 17:00:38
1238,RobotSimForPA/ErrorAdditionR1/R1_Error3_Toggle,0,0.0,,2228224,2025-08-11 17:00:39
1239,RobotSimForPA/ErrorAdditionR1/R1_Error3_Toggle,0,0.0,,2228224,2025-08-11 17:00:40
1240,RobotSimForPA/ErrorAdditionR1/R1_Error3_Toggle,0,0.0,,2228224,2025-08-11 17:00:41
1241,RobotSimForPA/ErrorAdditionR1/R1_Error3_Toggle,0,0.0,,2228224,2025-08-11 17:00:42
1242,RobotSimForPA/ErrorAdditionR1/R1_Error3_Toggle,0,0.0,,2228224,2025-08-11 17:00:43
1243,RobotSimForPA/ErrorAdditionR1/R1_Error3_Toggle,0,0.0,,2228224,2025-08-11 17:00:44
1244,RobotSimForPA/ErrorAdditionR1/R1_Error3_Toggle,0,0.0,,2228224,2025-08-11 17:00:45
1245,RobotSimForPA/ErrorAdditionR1/R1_Error3_Toggle,0,0.0,,2228224,2025-08-11 17:00:46
1246,RobotSimForPA/ErrorAdditionR1/R1_Error3_Toggle,0,0.0,,2228224,2025-08-11 17:00:47
1247,RobotSimForPA/ErrorAdditionR1/R1_Error3_Toggle,0,0.0,,2228224,2025-08-11 17:00:48
1248,RobotSimForPA/ErrorAdditionR1/R1_Error3_Toggle,0,0.0,,2228224,2025-08-11 17:00:49
1249,RobotSimForPA/ErrorAdditionR1/R1_Error3_Toggle,0,0.0,,2228224,2025-08-11 17:00:50
1250,RobotSimForPA/ErrorAdditionR1/R1_Error3_Toggle,0,0.0,,2228224,2025-08-11 17:00:51
1251,RobotSimForPA/ErrorAdditionR1/R1_Error3_Toggle,0,0.0,,2228224,2025-08-11 17:00:52
1252,RobotSimForPA/ErrorAdditionR1/R1_Error3_Toggle,0,0.0,,2228224,2025-08-11 17:00:53
1253,RobotSimForPA/ErrorAdditionR1/R1_Error3_Toggle,0,0.0,,2228224,2025-08-11 17:00:54
1254,RobotSimForPA/ErrorAdditionR1/R1_Error3_Toggle,0,0.0,,2228224,2025-08-11 17:00:55
1255,RobotSimForPA/ErrorAdditionR1/R1_Error3_Toggle,0,0.0,,2228224,2025-08-11 17:00:56
1256,RobotSimForPA/ErrorAdditionR1/R1_Error3_Toggle,0,0.0,,2228224,2025-08-11 17:00:57
1257,RobotSimForPA/ErrorAdditionR1/R1_Error3_Toggle,0,0.0,,2228224,2025-08-11 17:00:58
1258,RobotSimForPA/ErrorAdditionR1/R1_Error3_Toggle,0,0.0,,2228224,2025-08-11 17:00:59
1259,RobotSimForPA/ErrorAdditionR1/R1_Error3_Toggle,0,0.0,,2228224,2025-08-11 17:01:00
1260,RobotSimForPA/ErrorAdditionR1/R1_Error3_Toggle,0,0.0,,2228224,2025-08-11 17:01:01
1261,RobotSimForPA/ErrorAdditionR1/R1_Error3_Toggle,0,0.0,,2228224,2025-08-11 17:01:02
1262,RobotSimForPA/ErrorAdditionR1/R1_Error3_Toggle,0,0.0,,2228224,2025-08-11 17:01:03
1263,RobotSimForPA/ErrorAdditionR1/R1_Error3_Toggle,0,0.0,,2228224,2025-08-11 17:01:04
1264,RobotSimForPA/ErrorAdditionR1/R1_Error3_Toggle,0,0.0,,2228224,2025-08-11 17:01:05
1265,RobotSimForPA/ErrorAdditionR1/R1_Error3_Toggle,0,0.0,,2228224,2025-08-11 17:01:06
1266,RobotSimForPA/ErrorAdditionR1/R1_Error3_Toggle,0,0.0,,2228224,2025-08-11 17:01:07
1267,RobotSimForPA/ErrorAdditionR1/R1_Error3_Toggle,0,0.0,,2228224,2025-08-11 17:01:08
1268,RobotSimForPA/ErrorAdditionR1/R1_Error3_Toggle,0,0.0,,2228224,2025-08-11 17:01:09
1269,RobotSimForPA/ErrorAdditionR1/R1_Error3_Toggle,0,0.0,,2228224,2025-08-11 17:01:10
1270,RobotSimForPA/ErrorAdditionR1/R1_Error3_Toggle,0,0.0,,2228224,2025-08-11 17:01:11
1271,RobotSimForPA/ErrorAdditionR1/R1_Error3_Toggle,0,0.0,,2228224,2025-08-11 17:01:12
1272,RobotSimForPA/ErrorAdditionR1/R1_Error3_Toggle,0,0.0,,2228224,2025-08-11 17:01:13
1273,RobotSimForPA/ErrorAdditionR1/R1_Error3_Toggle,0,0.0,,2228224,2025-08-11 17:01:14
1274,RobotSimForPA/ErrorAdditionR1/R1_Error3_Toggle,0,0.0,,2228224,2025-08-11 17:01:15
1275,RobotSimForPA/ErrorAdditionR1/R1_Error3_Toggle,0,0.0,,2228224,2025-08-11 17:01:16
1276,RobotSimForPA/ErrorAdditionR1/R1_Error3_Toggle,0,0.0,,2228224,2025-08-11 17:01:17
1277,RobotSimForPA/ErrorAdditionR1/R1_Error3_Toggle,0,0.0,,2228224,2025-08-11 17:01:18
1278,RobotSimForPA/ErrorAdditionR1/R1_Error3_Toggle,0,0.0,,2228224,2025-08-11 17:01:19
1279,RobotSimForPA/ErrorAdditionR1/R1_Error3_Toggle,0,0.0,,2228224,2025-08-11 17:01:20
1280,RobotSimForPA/ErrorAdditionR1/R1_Error3_Toggle,0,0.0,,2228224,2025-08-11 17:01:21
1281,RobotSimForPA/ErrorAdditionR1/R1_Error3_Toggle,0,0.0,,2228224,2025-08-11 17:01:22
1282,RobotSimForPA/ErrorAdditionR1/R1_Error3_Toggle,0,0.0,,2228224,2025-08-11 17:01:23
1283,RobotSimForPA/ErrorAdditionR1/R1_Error3_Toggle,0,0.0,,2228224,2025-08-11 17:01:24
1284,RobotSimForPA/ErrorAdditionR1/R1_Error3_Toggle,0,0.0,,2228224,2025-08-11 17:01:25
1285,RobotSimForPA/ErrorAdditionR1/R1_Error3_Toggle,0,0.0,,2228224,2025-08-11 17:01:26
1286,RobotSimForPA/ErrorAdditionR1/R1_Error3_Toggle,0,0.0,,2228224,2025-08-11 17:01:27
1287,RobotSimForPA/ErrorAdditionR1/R1_Error3_Toggle,0,0.0,,2228224,2025-08-11 17:01:28
1288,RobotSimForPA/ErrorAdditionR1/R1_Error3_Toggle,0,0.0,,2228224,2025-08-11 17:01:29
1289,RobotSimForPA/ErrorAdditionR1/R1_Error3_Toggle,0,0.0,,2228224,2025-08-11 17:01:30
1290,RobotSimForPA/ErrorAdditionR1/R1_Error3_Toggle,0,0.0,,2228224,2025-08-11 17:01:31
1291,RobotSimForPA/ErrorAdditionR1/R1_Error3_Toggle,0,0.0,,2228224,2025-08-11 17:01:32
1292,RobotSimForPA/ErrorAdditionR1/R1_Error3_Toggle,0,0.0,,2228224,2025-08-11 17:01:33
1293,RobotSimForPA/ErrorAdditionR1/R1_Error3_Toggle,0,0.0,,2228224,2025-08-11 17:01:34
1294,RobotSimForPA/ErrorAdditionR1/R1_Error3_Toggle,0,0.0,,2228224,2025-08-11 17:01:35
1295,RobotSimForPA/ErrorAdditionR1/R1_Error3_Toggle,0,0.0,,2228224,2025-08-11 17:01:36
1296,RobotSimForPA/ErrorAdditionR1/R1_Error3_Toggle,0,0.0,,2228224,2025-08-11 17:01:37
1297,RobotSimForPA/ErrorAdditionR1/R1_Error3_Toggle,0,0.0,,2228224,2025-08-11 17:01:38
1298,RobotSimForPA/ErrorAdditionR1/R1_Error3_Toggle,0,0.0,,2228224,2025-08-11 17:01:39
1299,RobotSimForPA/ErrorAdditionR1/R1_Error3_Toggle,0,0.0,,2228224,2025-08-11 17:01:40
1300,RobotSimForPA/ErrorAdditionR1/R1_Error3_Toggle,0,0.0,,2228224,2025-08-11 17:01:41
1301,RobotSimForPA/ErrorAdditionR1/R1_Error3_Toggle,0,0.0,,2228224,2025-08-11 17:01:42
1302,RobotSimForPA/ErrorAdditionR1/R1_Error3_Toggle,0,0.0,,2228224,2025-08-11 17:01:43
1303,RobotSimForPA/ErrorAdditionR1/R1_Error3_Toggle,0,0.0,,2228224,2025-08-11 17:01:44
1304,RobotSimForPA/ErrorAdditionR1/R1_Error3_Toggle,0,0.0,,2228224,2025-08-11 17:01:45
1305,RobotSimForPA/ErrorAdditionR1/R1_Error3_Toggle,0,0.0,,2228224,2025-08-11 17:01:46
1306,RobotSimForPA/ErrorAdditionR1/R1_Error3_Toggle,0,0.0,,2228224,2025-08-11 17:01:47
1307,RobotSimForPA/ErrorAdditionR1/R1_Error3_Toggle,0,0.0,,2228224,2025-08-11 17:01:48
1308,RobotSimForPA/ErrorAdditionR1/R1_Error3_Toggle,0,0.0,,2228224,2025-08-11 17:01:49
1309,RobotSimForPA/ErrorAdditionR1/R1_Error3_Toggle,0,0.0,,2228224,2025-08-11 17:01:50
1310,RobotSimForPA/ErrorAdditionR1/R1_Error3_Toggle,0,0.0,,2228224,2025-08-11 17:01:51
1311,RobotSimForPA/ErrorAdditionR1/R1_Error3_Toggle,0,0.0,,2228224,2025-08-11 17:01:52
1312,RobotSimForPA/ErrorAdditionR1/R1_Error3_Toggle,0,0.0,,2228224,2025-08-11 17:01:53
1313,RobotSimForPA/ErrorAdditionR1/R1_Error3_Toggle,0,0.0,,2228224,2025-08-11 17:01:54
1314,RobotSimForPA/ErrorAdditionR1/R1_Error3_Toggle,0,0.0,,2228224,2025-08-11 17:01:55
1315,RobotSimForPA/ErrorAdditionR1/R1_Error3_Toggle,0,0.0,,2228224,2025-08-11 17:01:56
1316,RobotSimForPA/ErrorAdditionR1/R1_Error3_Toggle,0,0.0,,2228224,2025-08-11 17:01:57
1317,RobotSimForPA/ErrorAdditionR1/R1_Error3_Toggle,0,0.0,,2228224,2025-08-11 17:01:58
1318,RobotSimForPA/ErrorAdditionR1/R1_Error3_Toggle,0,0.0,,2228224,2025-08-11 17:01:59
1319,RobotSimForPA/ErrorAdditionR1/R1_Error3_Toggle,0,0.0,,2228224,2025-08-11 17:02:00
1320,RobotSimForPA/ErrorAdditionR1/R1_Error3_Toggle,0,0.0,,2228224,2025-08-11 17:02:01
1321,RobotSimForPA/ErrorAdditionR1/R1_Error3_Toggle,0,0.0,,2228224,2025-08-11 17:02:02
1322,RobotSimForPA/ErrorAdditionR1/R1_Error3_Toggle,0,0.0,,2228224,2025-08-11 17:02:03
1323,RobotSimForPA/ErrorAdditionR1/R1_Error3_Toggle,0,0.0,,2228224,2025-08-11 17:02:04
1324,RobotSimForPA/ErrorAdditionR1/R1_Error3_Toggle,0,0.0,,2228224,2025-08-11 17:02:05
1325,RobotSimForPA/ErrorAdditionR1/R1_Error3_Toggle,0,0.0,,2228224,2025-08-11 17:02:06
1326,RobotSimForPA/ErrorAdditionR1/R1_Error3_Toggle,0,0.0,,2228224,2025-08-11 17:02:07
1327,RobotSimForPA/ErrorAdditionR1/R1_Error3_Toggle,0,0.0,,2228224,2025-08-11 17:02:08
1328,RobotSimForPA/ErrorAdditionR1/R1_Error3_Toggle,0,0.0,,2228224,2025-08-11 17:02:09
1329,RobotSimForPA/ErrorAdditionR1/R1_Error3_Toggle,0,0.0,,2228224,2025-08-11 17:02:10
1330,RobotSimForPA/ErrorAdditionR1/R1_Error3_Toggle,0,0.0,,2228224,2025-08-11 17:02:11
1331,RobotSimForPA/ErrorAdditionR1/R1_Error3_Toggle,0,0.0,,2228224,2025-08-11 17:02:12
1332,RobotSimForPA/ErrorAdditionR1/R1_Error3_Toggle,0,0.0,,2228224,2025-08-11 17:02:13
1333,RobotSimForPA/ErrorAdditionR1/R1_Error3_Toggle,0,0.0,,2228224,2025-08-11 17:02:14
1334,RobotSimForPA/ErrorAdditionR1/R1_Error3_Toggle,0,0.0,,2228224,2025-08-11 17:02:15
1335,RobotSimForPA/ErrorAdditionR1/R1_Error3_Toggle,0,0.0,,2228224,2025-08-11 17:02:16
1336,RobotSimForPA/ErrorAdditionR1/R1_Error3_Toggle,0,0.0,,2228224,2025-08-11 17:02:17
1337,RobotSimForPA/ErrorAdditionR1/R1_Error3_Toggle,0,0.0,,2228224,2025-08-11 17:02:18
1338,RobotSimForPA/ErrorAdditionR1/R1_Error3_Toggle,0,0.0,,2228224,2025-08-11 17:02:19
1339,RobotSimForPA/ErrorAdditionR1/R1_Error3_Toggle,0,0.0,,2228224,2025-08-11 17:02:20
1340,RobotSimForPA/ErrorAdditionR1/R1_Error3_Toggle,0,0.0,,2228224,2025-08-11 17:02:21
1341,RobotSimForPA/ErrorAdditionR1/R1_Error3_Toggle,0,0.0,,2228224,2025-08-11 17:02:22
1342,RobotSimForPA/ErrorAdditionR1/R1_Error3_Toggle,0,0.0,,2228224,2025-08-11 17:02:23
1343,RobotSimForPA/ErrorAdditionR1/R1_Error3_Toggle,0,0.0,,2228224,2025-08-11 17:02:24
1344,RobotSimForPA/ErrorAdditionR1/R1_Error3_Toggle,0,0.0,,2228224,2025-08-11 17:02:25
1345,RobotSimForPA/ErrorAdditionR1/R1_Error3_Toggle,0,0.0,,2228224,2025-08-11 17:02:26
1346,RobotSimForPA/ErrorAdditionR1/R1_Error3_Toggle,0,0.0,,2228224,2025-08-11 17:02:27
1347,RobotSimForPA/ErrorAdditionR1/R1_Error3_Toggle,0,0.0,,2228224,2025-08-11 17:02:28
1348,RobotSimForPA/ErrorAdditionR1/R1_Error3_Toggle,0,0.0,,2228224,2025-08-11 17:02:29
1349,RobotSimForPA/ErrorAdditionR1/R1_Error3_Toggle,0,0.0,,2228224,2025-08-11 17:02:30
1350,RobotSimForPA/ErrorAdditionR1/R1_Error3_Toggle,0,0.0,,2228224,2025-08-11 17:02:31
1351,RobotSimForPA/ErrorAdditionR1/R1_Error3_Toggle,0,0.0,,2228224,2025-08-11 17:02:32
1352,RobotSimForPA/ErrorAdditionR1/R1_Error3_Toggle,0,0.0,,2228224,2025-08-11 17:02:33
1353,RobotSimForPA/ErrorAdditionR1/R1_Error3_Toggle,0,0.0,,2228224,2025-08-11 17:02:34
1354,RobotSimForPA/ErrorAdditionR1/R1_Error3_Toggle,0,0.0,,2228224,2025-08-11 17:02:35
1355,RobotSimForPA/ErrorAdditionR1/R1_Error3_Toggle,0,0.0,,2228224,2025-08-11 17:02:36
1356,RobotSimForPA/ErrorAdditionR1/R1_Error3_Toggle,0,0.0,,2228224,2025-08-11 17:02:37
1357,RobotSimForPA/ErrorAdditionR1/R1_Error3_Toggle,0,0.0,,2228224,2025-08-11 17:02:38
1358,RobotSimForPA/ErrorAdditionR1/R1_Error3_Toggle,0,0.0,,2228224,2025-08-11 17:02:39
1359,RobotSimForPA/ErrorAdditionR1/R1_Error3_Toggle,0,0.0,,2228224,2025-08-11 17:02:40
1360,RobotSimForPA/ErrorAdditionR1/R1_Error3_Toggle,0,0.0,,2228224,2025-08-11 17:02:41
1361,RobotSimForPA/ErrorAdditionR1/R1_Error3_Toggle,0,0.0,,2228224,2025-08-11 17:02:42
1362,RobotSimForPA/ErrorAdditionR1/R1_Error3_Toggle,0,0.0,,2228224,2025-08-11 17:02:43
1363,RobotSimForPA/ErrorAdditionR1/R1_Error3_Toggle,0,0.0,,2228224,2025-08-11 17:02:44
1364,RobotSimForPA/ErrorAdditionR1/R1_Error3_Toggle,0,0.0,,2228224,2025-08-11 17:02:45
1365,RobotSimForPA/ErrorAdditionR1/R1_Error3_Toggle,0,0.0,,2228224,2025-08-11 17:02:46
1366,RobotSimForPA/ErrorAdditionR1/R1_Error3_Toggle,0,0.0,,2228224,2025-08-11 17:02:47
1367,RobotSimForPA/ErrorAdditionR1/R1_Error3_Toggle,0,0.0,,2228224,2025-08-11 17:02:48
1368,RobotSimForPA/ErrorAdditionR1/R1_Error3_Toggle,0,0.0,,2228224,2025-08-11 17:02:49
1369,RobotSimForPA/ErrorAdditionR1/R1_Error3_Toggle,0,0.0,,2228224,2025-08-11 17:02:50
1370,RobotSimForPA/ErrorAdditionR1/R1_Error3_Toggle,0,0.0,,2228224,2025-08-11 17:02:51
1371,RobotSimForPA/ErrorAdditionR1/R1_Error3_Toggle,0,0.0,,2228224,2025-08-11 17:02:52
1372,RobotSimForPA/ErrorAdditionR1/R1_Error3_Toggle,0,0.0,,2228224,2025-08-11 17:02:53
1373,RobotSimForPA/ErrorAdditionR1/R1_Error3_Toggle,0,0.0,,2228224,2025-08-11 17:02:54
1374,RobotSimForPA/ErrorAdditionR1/R1_Error3_Toggle,0,0.0,,2228224,2025-08-11 17:02:55
1375,RobotSimForPA/ErrorAdditionR1/R1_Error3_Toggle,0,0.0,,2228224,2025-08-11 17:02:56
1376,RobotSimForPA/ErrorAdditionR1/R1_Error3_Toggle,0,0.0,,2228224,2025-08-11 17:02:57
1377,RobotSimForPA/ErrorAdditionR1/R1_Error3_Toggle,0,0.0,,2228224,2025-08-11 17:02:58
1378,RobotSimForPA/ErrorAdditionR1/R1_Error3_Toggle,0,0.0,,2228224,2025-08-11 17:02:59
1379,RobotSimForPA/ErrorAdditionR1/R1_Error3_Toggle,0,0.0,,2228224,2025-08-11 17:03:00
1380,RobotSimForPA/ErrorAdditionR1/R1_Error3_Toggle,0,0.0,,2228224,2025-08-11 17:03:01
1381,RobotSimForPA/ErrorAdditionR1/R1_Error3_Toggle,0,0.0,,2228224,2025-08-11 17:03:02
1382,RobotSimForPA/ErrorAdditionR1/R1_Error3_Toggle,0,0.0,,2228224,2025-08-11 17:03:03
1383,RobotSimForPA/ErrorAdditionR1/R1_Error3_Toggle,0,0.0,,2228224,2025-08-11 17:03:04
1384,RobotSimForPA/ErrorAdditionR1/R1_Error3_Toggle,0,0.0,,2228224,2025-08-11 17:03:05
1385,RobotSimForPA/ErrorAdditionR1/R1_Error3_Toggle,0,0.0,,2228224,2025-08-11 17:03:06
1386,RobotSimForPA/ErrorAdditionR1/R1_Error3_Toggle,0,0.0,,2228224,2025-08-11 17:03:07
1387,RobotSimForPA/ErrorAdditionR1/R1_Error3_Toggle,0,0.0,,2228224,2025-08-11 17:03:08
1388,RobotSimForPA/ErrorAdditionR1/R1_Error3_Toggle,0,0.0,,2228224,2025-08-11 17:03:09
1389,RobotSimForPA/ErrorAdditionR1/R1_Error3_Toggle,0,0.0,,2228224,2025-08-11 17:03:10
1390,RobotSimForPA/ErrorAdditionR1/R1_Error3_Toggle,0,0.0,,2228224,2025-08-11 17:03:11
1391,RobotSimForPA/ErrorAdditionR1/R1_Error3_Toggle,0,0.0,,2228224,2025-08-11 17:03:12
1392,RobotSimForPA/ErrorAdditionR1/R1_Error3_Toggle,0,0.0,,2228224,2025-08-11 17:03:13
1393,RobotSimForPA/ErrorAdditionR1/R1_Error3_Toggle,0,0.0,,2228224,2025-08-11 17:03:14
1394,RobotSimForPA/ErrorAdditionR1/R1_Error3_Toggle,0,0.0,,2228224,2025-08-11 17:03:15
1395,RobotSimForPA/ErrorAdditionR1/R1_Error3_Toggle,0,0.0,,2228224,2025-08-11 17:03:16
1396,RobotSimForPA/ErrorAdditionR1/R1_Error3_Toggle,0,0.0,,2228224,2025-08-11 17:03:17
1397,RobotSimForPA/ErrorAdditionR1/R1_Error3_Toggle,0,0.0,,2228224,2025-08-11 17:03:18
1398,RobotSimForPA/ErrorAdditionR1/R1_Error3_Toggle,0,0.0,,2228224,2025-08-11 17:03:19
1399,RobotSimForPA/ErrorAdditionR1/R1_Error3_Toggle,0,0.0,,2228224,2025-08-11 17:03:20
1400,RobotSimForPA/ErrorAdditionR1/R1_Error3_Toggle,0,0.0,,2228224,2025-08-11 17:03:21
1401,RobotSimForPA/ErrorAdditionR1/R1_Error3_Toggle,0,0.0,,2228224,2025-08-11 17:03:22
1402,RobotSimForPA/ErrorAdditionR1/R1_Error3_Toggle,0,0.0,,2228224,2025-08-11 17:03:23
1403,RobotSimForPA/ErrorAdditionR1/R1_Error3_Toggle,0,0.0,,2228224,2025-08-11 17:03:24
1404,RobotSimForPA/ErrorAdditionR1/R1_Error3_Toggle,0,0.0,,2228224,2025-08-11 17:03:25
1405,RobotSimForPA/ErrorAdditionR1/R1_Error3_Toggle,0,0.0,,2228224,2025-08-11 17:03:26
1406,RobotSimForPA/ErrorAdditionR1/R1_Error3_Toggle,0,0.0,,2228224,2025-08-11 17:03:27
1407,RobotSimForPA/ErrorAdditionR1/R1_Error3_Toggle,0,0.0,,2228224,2025-08-11 17:03:28
1408,RobotSimForPA/ErrorAdditionR1/R1_Error3_Toggle,0,0.0,,2228224,2025-08-11 17:03:29
1409,RobotSimForPA/ErrorAdditionR1/R1_Error3_Toggle,0,0.0,,2228224,2025-08-11 17:03:30
1410,RobotSimForPA/ErrorAdditionR1/R1_Error3_Toggle,0,0.0,,2228224,2025-08-11 17:03:31
1411,RobotSimForPA/ErrorAdditionR1/R1_Error3_Toggle,0,0.0,,2228224,2025-08-11 17:03:32
1412,RobotSimForPA/ErrorAdditionR1/R1_Error3_Toggle,0,0.0,,2228224,2025-08-11 17:03:33
1413,RobotSimForPA/ErrorAdditionR1/R1_Error3_Toggle,0,0.0,,2228224,2025-08-11 17:03:34
1414,RobotSimForPA/ErrorAdditionR1/R1_Error3_Toggle,0,0.0,,2228224,2025-08-11 17:03:35
1415,RobotSimForPA/ErrorAdditionR1/R1_Error3_Toggle,0,0.0,,2228224,2025-08-11 17:03:36
1416,RobotSimForPA/ErrorAdditionR1/R1_Error3_Toggle,0,0.0,,2228224,2025-08-11 17:03:37
1417,RobotSimForPA/ErrorAdditionR1/R1_Error3_Toggle,0,0.0,,2228224,2025-08-11 17:03:38
1418,RobotSimForPA/ErrorAdditionR1/R1_Error3_Toggle,0,0.0,,2228224,2025-08-11 17:03:39
1419,RobotSimForPA/ErrorAdditionR1/R1_Error3_Toggle,0,0.0,,2228224,2025-08-11 17:03:40
1420,RobotSimForPA/ErrorAdditionR1/R1_Error3_Toggle,0,0.0,,2228224,2025-08-11 17:03:41
1421,RobotSimForPA/ErrorAdditionR1/R1_Error3_Toggle,0,0.0,,2228224,2025-08-11 17:03:42
1422,RobotSimForPA/ErrorAdditionR1/R1_Error3_Toggle,0,0.0,,2228224,2025-08-11 17:03:43
1423,RobotSimForPA/ErrorAdditionR1/R1_Error3_Toggle,0,0.0,,2228224,2025-08-11 17:03:44
1424,RobotSimForPA/ErrorAdditionR1/R1_Error3_Toggle,0,0.0,,2228224,2025-08-11 17:03:45
1425,RobotSimForPA/ErrorAdditionR1/R1_Error3_Toggle,0,0.0,,2228224,2025-08-11 17:03:46
1426,RobotSimForPA/ErrorAdditionR1/R1_Error3_Toggle,0,0.0,,2228224,2025-08-11 17:03:47
1427,RobotSimForPA/ErrorAdditionR1/R1_Error3_Toggle,0,0.0,,2228224,2025-08-11 17:03:48
1428,RobotSimForPA/ErrorAdditionR1/R1_Error3_Toggle,0,0.0,,2228224,2025-08-11 17:03:49
1429,RobotSimForPA/ErrorAdditionR1/R1_Error3_Toggle,0,0.0,,2228224,2025-08-11 17:03:50
1430,RobotSimForPA/ErrorAdditionR1/R1_Error3_Toggle,0,0.0,,2228224,2025-08-11 17:03:51
1431,RobotSimForPA/ErrorAdditionR1/R1_Error3_Toggle,0,0.0,,2228224,2025-08-11 17:03:52
1432,RobotSimForPA/ErrorAdditionR1/R1_Error3_Toggle,0,0.0,,2228224,2025-08-11 17:03:53
1433,RobotSimForPA/ErrorAdditionR1/R1_Error3_Toggle,0,0.0,,2228224,2025-08-11 17:03:54
1434,RobotSimForPA/ErrorAdditionR1/R1_Error3_Toggle,0,0.0,,2228224,2025-08-11 17:03:55
1435,RobotSimForPA/ErrorAdditionR1/R1_Error3_Toggle,0,0.0,,2228224,2025-08-11 17:03:56
1436,RobotSimForPA/ErrorAdditionR1/R1_Error3_Toggle,0,0.0,,2228224,2025-08-11 17:03:57
1437,RobotSimForPA/ErrorAdditionR1/R1_Error3_Toggle,0,0.0,,2228224,2025-08-11 17:03:58
1438,RobotSimForPA/ErrorAdditionR1/R1_Error3_Toggle,0,0.0,,2228224,2025-08-11 17:03:59
1439,RobotSimForPA/ErrorAdditionR1/R1_Error3_Toggle,0,0.0,,2228224,2025-08-11 17:04:00
1440,RobotSimForPA/ErrorAdditionR1/R1_Error3_Toggle,0,0.0,,2228224,2025-08-11 17:04:01
1441,RobotSimForPA/ErrorAdditionR1/R1_Error3_Toggle,0,0.0,,2228224,2025-08-11 17:04:02
1442,RobotSimForPA/ErrorAdditionR1/R1_Error3_Toggle,0,0.0,,2228224,2025-08-11 17:04:03
1443,RobotSimForPA/ErrorAdditionR1/R1_Error3_Toggle,0,0.0,,2228224,2025-08-11 17:04:04
1444,RobotSimForPA/ErrorAdditionR1/R1_Error3_Toggle,0,0.0,,2228224,2025-08-11 17:04:05
1445,RobotSimForPA/ErrorAdditionR1/R1_Error3_Toggle,0,0.0,,2228224,2025-08-11 17:04:06
1446,RobotSimForPA/ErrorAdditionR1/R1_Error3_Toggle,0,0.0,,2228224,2025-08-11 17:04:07
1447,RobotSimForPA/ErrorAdditionR1/R1_Error3_Toggle,0,0.0,,2228224,2025-08-11 17:04:08
1448,RobotSimForPA/ErrorAdditionR1/R1_Error3_Toggle,0,0.0,,2228224,2025-08-11 17:04:09
1449,RobotSimForPA/ErrorAdditionR1/R1_Error3_Toggle,0,0.0,,2228224,2025-08-11 17:04:10
1450,RobotSimForPA/ErrorAdditionR1/R1_Error3_Toggle,0,0.0,,2228224,2025-08-11 17:04:11
1451,RobotSimForPA/ErrorAdditionR1/R1_Error3_Toggle,0,0.0,,2228224,2025-08-11 17:04:12
1452,RobotSimForPA/ErrorAdditionR1/R1_Error3_Toggle,0,0.0,,2228224,2025-08-11 17:04:13
1453,RobotSimForPA/ErrorAdditionR1/R1_Error3_Toggle,0,0.0,,2228224,2025-08-11 17:04:14
1454,RobotSimForPA/ErrorAdditionR1/R1_Error3_Toggle,0,0.0,,2228224,2025-08-11 17:04:15
1455,RobotSimForPA/ErrorAdditionR1/R1_Error3_Toggle,0,0.0,,2228224,2025-08-11 17:04:16
1456,RobotSimForPA/ErrorAdditionR1/R1_Error3_Toggle,0,0.0,,2228224,2025-08-11 17:04:17
1457,RobotSimForPA/ErrorAdditionR1/R1_Error3_Toggle,0,0.0,,2228224,2025-08-11 17:04:18
1458,RobotSimForPA/ErrorAdditionR1/R1_Error3_Toggle,0,0.0,,2228224,2025-08-11 17:04:19
1459,RobotSimForPA/ErrorAdditionR1/R1_Error3_Toggle,0,0.0,,2228224,2025-08-11 17:04:20
1460,RobotSimForPA/ErrorAdditionR1/R1_Error3_Toggle,0,0.0,,2228224,2025-08-11 17:04:21
1461,RobotSimForPA/ErrorAdditionR1/R1_Error3_Toggle,0,0.0,,2228224,2025-08-11 17:04:22
1462,RobotSimForPA/ErrorAdditionR1/R1_Error3_Toggle,0,0.0,,2228224,2025-08-11 17:04:23
1463,RobotSimForPA/ErrorAdditionR1/R1_Error3_Toggle,0,0.0,,2228224,2025-08-11 17:04:24
1464,RobotSimForPA/ErrorAdditionR1/R1_Error3_Toggle,0,0.0,,2228224,2025-08-11 17:04:25
1465,RobotSimForPA/ErrorAdditionR1/R1_Error3_Toggle,0,0.0,,2228224,2025-08-11 17:04:26
1466,RobotSimForPA/ErrorAdditionR1/R1_Error3_Toggle,0,0.0,,2228224,2025-08-11 17:04:27
1467,RobotSimForPA/ErrorAdditionR1/R1_Error3_Toggle,0,0.0,,2228224,2025-08-11 17:04:28
1468,RobotSimForPA/ErrorAdditionR1/R1_Error3_Toggle,0,0.0,,2228224,2025-08-11 17:04:29
1469,RobotSimForPA/ErrorAdditionR1/R1_Error3_Toggle,0,0.0,,2228224,2025-08-11 17:04:30
1470,RobotSimForPA/ErrorAdditionR1/R1_Error3_Toggle,0,0.0,,2228224,2025-08-11 17:04:31
1471,RobotSimForPA/ErrorAdditionR1/R1_Error3_Toggle,0,0.0,,2228224,2025-08-11 17:04:32
1472,RobotSimForPA/ErrorAdditionR1/R1_Error3_Toggle,0,0.0,,2228224,2025-08-11 17:04:33
1473,RobotSimForPA/ErrorAdditionR1/R1_Error3_Toggle,0,0.0,,2228224,2025-08-11 17:04:34
1474,RobotSimForPA/ErrorAdditionR1/R1_Error3_Toggle,0,0.0,,2228224,2025-08-11 17:04:35
1475,RobotSimForPA/ErrorAdditionR1/R1_Error3_Toggle,0,0.0,,2228224,2025-08-11 17:04:36
1476,RobotSimForPA/ErrorAdditionR1/R1_Error3_Toggle,0,0.0,,2228224,2025-08-11 17:04:37
1477,RobotSimForPA/ErrorAdditionR1/R1_Error3_Toggle,0,0.0,,2228224,2025-08-11 17:04:38
1478,RobotSimForPA/ErrorAdditionR1/R1_Error3_Toggle,0,0.0,,2228224,2025-08-11 17:04:39
1479,RobotSimForPA/ErrorAdditionR1/R1_Error3_Toggle,0,0.0,,2228224,2025-08-11 17:04:40
1480,RobotSimForPA/ErrorAdditionR1/R1_Error3_Toggle,0,0.0,,2228224,2025-08-11 17:04:41
1481,RobotSimForPA/ErrorAdditionR1/R1_Error3_Toggle,0,0.0,,2228224,2025-08-11 17:04:42
1482,RobotSimForPA/ErrorAdditionR1/R1_Error3_Toggle,0,0.0,,2228224,2025-08-11 17:04:43
1483,RobotSimForPA/ErrorAdditionR1/R1_Error3_Toggle,0,0.0,,2228224,2025-08-11 17:04:44
1484,RobotSimForPA/ErrorAdditionR1/R1_Error3_Toggle,0,0.0,,2228224,2025-08-11 17:04:45
1485,RobotSimForPA/ErrorAdditionR1/R1_Error3_Toggle,0,0.0,,2228224,2025-08-11 17:04:46
1486,RobotSimForPA/ErrorAdditionR1/R1_Error3_Toggle,0,0.0,,2228224,2025-08-11 17:04:47
1487,RobotSimForPA/ErrorAdditionR1/R1_Error3_Toggle,0,0.0,,2228224,2025-08-11 17:04:48
1488,RobotSimForPA/ErrorAdditionR1/R1_Error3_Toggle,0,0.0,,2228224,2025-08-11 17:04:49
1489,RobotSimForPA/ErrorAdditionR1/R1_Error3_Toggle,0,0.0,,2228224,2025-08-11 17:04:50
1490,RobotSimForPA/ErrorAdditionR1/R1_Error3_Toggle,0,0.0,,2228224,2025-08-11 17:04:51
1491,RobotSimForPA/ErrorAdditionR1/R1_Error3_Toggle,0,0.0,,2228224,2025-08-11 17:04:52
1492,RobotSimForPA/ErrorAdditionR1/R1_Error3_Toggle,0,0.0,,2228224,2025-08-11 17:04:53
1493,RobotSimForPA/ErrorAdditionR1/R1_Error3_Toggle,0,0.0,,2228224,2025-08-11 17:04:54
1494,RobotSimForPA/ErrorAdditionR1/R1_Error3_Toggle,0,0.0,,2228224,2025-08-11 17:04:55
1495,RobotSimForPA/ErrorAdditionR1/R1_Error3_Toggle,0,0.0,,2228224,2025-08-11 17:04:56
1496,RobotSimForPA/ErrorAdditionR1/R1_Error3_Toggle,0,0.0,,2228224,2025-08-11 17:04:57
1497,RobotSimForPA/ErrorAdditionR1/R1_Error3_Toggle,0,0.0,,2228224,2025-08-11 17:04:58
1498,RobotSimForPA/ErrorAdditionR1/R1_Error3_Toggle,0,0.0,,2228224,2025-08-11 17:04:59
1499,RobotSimForPA/ErrorAdditionR1/R1_Error3_Toggle,0,0.0,,2228224,2025-08-11 17:05:00
1500,RobotSimForPA/ErrorAdditionR1/R1_Error3_Toggle,0,0.0,,2228224,2025-08-11 17:05:01
1501,RobotSimForPA/ErrorAdditionR1/R1_Error3_Toggle,0,0.0,,2228224,2025-08-11 17:05:02
1502,RobotSimForPA/ErrorAdditionR1/R1_Error3_Toggle,0,0.0,,2228224,2025-08-11 17:05:03
1503,RobotSimForPA/ErrorAdditionR1/R1_Error3_Toggle,0,0.0,,2228224,2025-08-11 17:05:04
1504,RobotSimForPA/ErrorAdditionR1/R1_Error3_Toggle,0,0.0,,2228224,2025-08-11 17:05:05
1505,RobotSimForPA/ErrorAdditionR1/R1_Error3_Toggle,0,0.0,,2228224,2025-08-11 17:05:06
1506,RobotSimForPA/ErrorAdditionR1/R1_Error3_Toggle,0,0.0,,2228224,2025-08-11 17:05:07
1507,RobotSimForPA/ErrorAdditionR1/R1_Error3_Toggle,0,0.0,,2228224,2025-08-11 17:05:08
1508,RobotSimForPA/ErrorAdditionR1/R1_Error3_Toggle,0,0.0,,2228224,2025-08-11 17:05:09
1509,RobotSimForPA/ErrorAdditionR1/R1_Error3_Toggle,0,0.0,,2228224,2025-08-11 17:05:10
1510,RobotSimForPA/ErrorAdditionR1/R1_Error3_Toggle,0,0.0,,2228224,2025-08-11 17:05:11
1511,RobotSimForPA/ErrorAdditionR1/R1_Error3_Toggle,0,0.0,,2228224,2025-08-11 17:05:12
1512,RobotSimForPA/ErrorAdditionR1/R1_Error3_Toggle,0,0.0,,2228224,2025-08-11 17:05:13
1513,RobotSimForPA/ErrorAdditionR1/R1_Error3_Toggle,0,0.0,,2228224,2025-08-11 17:05:14
1514,RobotSimForPA/ErrorAdditionR1/R1_Error3_Toggle,0,0.0,,2228224,2025-08-11 17:05:15
1515,RobotSimForPA/ErrorAdditionR1/R1_Error3_Toggle,0,0.0,,2228224,2025-08-11 17:05:16
1516,RobotSimForPA/ErrorAdditionR1/R1_Error3_Toggle,0,0.0,,2228224,2025-08-11 17:05:17
1517,RobotSimForPA/ErrorAdditionR1/R1_Error3_Toggle,0,0.0,,2228224,2025-08-11 17:05:18
1518,RobotSimForPA/ErrorAdditionR1/R1_Error3_Toggle,0,0.0,,2228224,2025-08-11 17:05:19
1519,RobotSimForPA/ErrorAdditionR1/R1_Error3_Toggle,0,0.0,,2228224,2025-08-11 17:05:20
1520,RobotSimForPA/ErrorAdditionR1/R1_Error3_Toggle,0,0.0,,2228224,2025-08-11 17:05:21
1521,RobotSimForPA/ErrorAdditionR1/R1_Error3_Toggle,0,0.0,,2228224,2025-08-11 17:05:22
1522,RobotSimForPA/ErrorAdditionR1/R1_Error3_Toggle,0,0.0,,2228224,2025-08-11 17:05:23
1523,RobotSimForPA/ErrorAdditionR1/R1_Error3_Toggle,0,0.0,,2228224,2025-08-11 17:05:24
1524,RobotSimForPA/ErrorAdditionR1/R1_Error3_Toggle,0,0.0,,2228224,2025-08-11 17:05:25
1525,RobotSimForPA/ErrorAdditionR1/R1_Error3_Toggle,0,0.0,,2228224,2025-08-11 17:05:26
1526,RobotSimForPA/ErrorAdditionR1/R1_Error3_Toggle,0,0.0,,2228224,2025-08-11 17:05:27
1527,RobotSimForPA/ErrorAdditionR1/R1_Error3_Toggle,0,0.0,,2228224,2025-08-11 17:05:28
1528,RobotSimForPA/ErrorAdditionR1/R1_Error3_Toggle,0,0.0,,2228224,2025-08-11 17:05:29
1529,RobotSimForPA/ErrorAdditionR1/R1_Error3_Toggle,0,0.0,,2228224,2025-08-11 17:05:30
1530,RobotSimForPA/ErrorAdditionR1/R1_Error3_Toggle,0,0.0,,2228224,2025-08-11 17:05:31
1531,RobotSimForPA/ErrorAdditionR1/R1_Error3_Toggle,0,0.0,,2228224,2025-08-11 17:05:32
1532,RobotSimForPA/ErrorAdditionR1/R1_Error3_Toggle,0,0.0,,2228224,2025-08-11 17:05:33
1533,RobotSimForPA/ErrorAdditionR1/R1_Error3_Toggle,0,0.0,,2228224,2025-08-11 17:05:34
1534,RobotSimForPA/ErrorAdditionR1/R1_Error3_Toggle,0,0.0,,2228224,2025-08-11 17:05:35
1535,RobotSimForPA/ErrorAdditionR1/R1_Error3_Toggle,0,0.0,,2228224,2025-08-11 17:05:36
1536,RobotSimForPA/ErrorAdditionR1/R1_Error3_Toggle,0,0.0,,2228224,2025-08-11 17:05:37
1537,RobotSimForPA/ErrorAdditionR1/R1_Error3_Toggle,0,0.0,,2228224,2025-08-11 17:05:38
1538,RobotSimForPA/ErrorAdditionR1/R1_Error3_Toggle,0,0.0,,2228224,2025-08-11 17:05:39
1539,RobotSimForPA/ErrorAdditionR1/R1_Error3_Toggle,0,0.0,,2228224,2025-08-11 17:05:40
1540,RobotSimForPA/ErrorAdditionR1/R1_Error3_Toggle,0,0.0,,2228224,2025-08-11 17:05:41
1541,RobotSimForPA/ErrorAdditionR1/R1_Error3_Toggle,0,0.0,,2228224,2025-08-11 17:05:42
1542,RobotSimForPA/ErrorAdditionR1/R1_Error3_Toggle,0,0.0,,2228224,2025-08-11 17:05:43
1543,RobotSimForPA/ErrorAdditionR1/R1_Error3_Toggle,0,0.0,,2228224,2025-08-11 17:05:44
1544,RobotSimForPA/ErrorAdditionR1/R1_Error3_Toggle,0,0.0,,2228224,2025-08-11 17:05:45
1545,RobotSimForPA/ErrorAdditionR1/R1_Error3_Toggle,0,0.0,,2228224,2025-08-11 17:05:46
1546,RobotSimForPA/ErrorAdditionR1/R1_Error3_Toggle,0,0.0,,2228224,2025-08-11 17:05:47
1547,RobotSimForPA/ErrorAdditionR1/R1_Error3_Toggle,0,0.0,,2228224,2025-08-11 17:05:48
1548,RobotSimForPA/ErrorAdditionR1/R1_Error3_Toggle,0,0.0,,2228224,2025-08-11 17:05:49
1549,RobotSimForPA/ErrorAdditionR1/R1_Error3_Toggle,0,0.0,,2228224,2025-08-11 17:05:50
1550,RobotSimForPA/ErrorAdditionR1/R1_Error3_Toggle,0,0.0,,2228224,2025-08-11 17:05:51
1551,RobotSimForPA/ErrorAdditionR1/R1_Error3_Toggle,0,0.0,,2228224,2025-08-11 17:05:52
1552,RobotSimForPA/ErrorAdditionR1/R1_Error3_Toggle,0,0.0,,2228224,2025-08-11 17:05:53
1553,RobotSimForPA/ErrorAdditionR1/R1_Error3_Toggle,0,0.0,,2228224,2025-08-11 17:05:54
1554,RobotSimForPA/ErrorAdditionR1/R1_Error3_Toggle,0,0.0,,2228224,2025-08-11 17:05:55
1555,RobotSimForPA/ErrorAdditionR1/R1_Error3_Toggle,0,0.0,,2228224,2025-08-11 17:05:56
1556,RobotSimForPA/ErrorAdditionR1/R1_Error3_Toggle,0,0.0,,2228224,2025-08-11 17:05:57
1557,RobotSimForPA/ErrorAdditionR1/R1_Error3_Toggle,0,0.0,,2228224,2025-08-11 17:05:58
1558,RobotSimForPA/ErrorAdditionR1/R1_Error3_Toggle,0,0.0,,2228224,2025-08-11 17:05:59
1559,RobotSimForPA/ErrorAdditionR1/R1_Error3_Toggle,0,0.0,,2228224,2025-08-11 17:06:00
1560,RobotSimForPA/ErrorAdditionR1/R1_Error3_Toggle,0,0.0,,2228224,2025-08-11 17:06:01
1561,RobotSimForPA/ErrorAdditionR1/R1_Error3_Toggle,0,0.0,,2228224,2025-08-11 17:06:02
1562,RobotSimForPA/ErrorAdditionR1/R1_Error3_Toggle,0,0.0,,2228224,2025-08-11 17:06:03
1563,RobotSimForPA/ErrorAdditionR1/R1_Error3_Toggle,0,0.0,,2228224,2025-08-11 17:06:04
1564,RobotSimForPA/ErrorAdditionR1/R1_Error3_Toggle,0,0.0,,2228224,2025-08-11 17:06:05
1565,RobotSimForPA/ErrorAdditionR1/R1_Error3_Toggle,0,0.0,,2228224,2025-08-11 17:06:06
1566,RobotSimForPA/ErrorAdditionR1/R1_Error3_Toggle,0,0.0,,2228224,2025-08-11 17:06:07
1567,RobotSimForPA/ErrorAdditionR1/R1_Error3_Toggle,0,0.0,,2228224,2025-08-11 17:06:08
1568,RobotSimForPA/ErrorAdditionR1/R1_Error3_Toggle,0,0.0,,2228224,2025-08-11 17:06:09
1569,RobotSimForPA/ErrorAdditionR1/R1_Error3_Toggle,0,0.0,,2228224,2025-08-11 17:06:10
1570,RobotSimForPA/ErrorAdditionR1/R1_Error3_Toggle,0,0.0,,2228224,2025-08-11 17:06:11
1571,RobotSimForPA/ErrorAdditionR1/R1_Error3_Toggle,0,0.0,,2228224,2025-08-11 17:06:12
1572,RobotSimForPA/ErrorAdditionR1/R1_Error3_Toggle,0,0.0,,2228224,2025-08-11 17:06:13
1573,RobotSimForPA/ErrorAdditionR1/R1_Error3_Toggle,0,0.0,,2228224,2025-08-11 17:06:14
1574,RobotSimForPA/ErrorAdditionR1/R1_Error3_Toggle,0,0.0,,2228224,2025-08-11 17:06:15
1575,RobotSimForPA/ErrorAdditionR1/R1_Error3_Toggle,0,0.0,,2228224,2025-08-11 17:06:16
1576,RobotSimForPA/ErrorAdditionR1/R1_Error3_Toggle,0,0.0,,2228224,2025-08-11 17:06:17
1577,RobotSimForPA/ErrorAdditionR1/R1_Error3_Toggle,0,0.0,,2228224,2025-08-11 17:06:18
1578,RobotSimForPA/ErrorAdditionR1/R1_Error3_Toggle,0,0.0,,2228224,2025-08-11 17:06:19
1579,RobotSimForPA/ErrorAdditionR1/R1_Error3_Toggle,0,0.0,,2228224,2025-08-11 17:06:20
1580,RobotSimForPA/ErrorAdditionR1/R1_Error3_Toggle,0,0.0,,2228224,2025-08-11 17:06:21
1581,RobotSimForPA/ErrorAdditionR1/R1_Error3_Toggle,0,0.0,,2228224,2025-08-11 17:06:22
1582,RobotSimForPA/ErrorAdditionR1/R1_Error3_Toggle,0,0.0,,2228224,2025-08-11 17:06:23
1583,RobotSimForPA/ErrorAdditionR1/R1_Error3_Toggle,0,0.0,,2228224,2025-08-11 17:06:24
1584,RobotSimForPA/ErrorAdditionR1/R1_Error3_Toggle,0,0.0,,2228224,2025-08-11 17:06:25
1585,RobotSimForPA/ErrorAdditionR1/R1_Error3_Toggle,0,0.0,,2228224,2025-08-11 17:06:26
1586,RobotSimForPA/ErrorAdditionR1/R1_Error3_Toggle,0,0.0,,2228224,2025-08-11 17:06:27
1587,RobotSimForPA/ErrorAdditionR1/R1_Error3_Toggle,0,0.0,,2228224,2025-08-11 17:06:28
1588,RobotSimForPA/ErrorAdditionR1/R1_Error3_Toggle,0,0.0,,2228224,2025-08-11 17:06:29
1589,RobotSimForPA/ErrorAdditionR1/R1_Error3_Toggle,0,0.0,,2228224,2025-08-11 17:06:30
1590,RobotSimForPA/ErrorAdditionR1/R1_Error3_Toggle,0,0.0,,2228224,2025-08-11 17:06:31
1591,RobotSimForPA/ErrorAdditionR1/R1_Error3_Toggle,0,0.0,,2228224,2025-08-11 17:06:32
1592,RobotSimForPA/ErrorAdditionR1/R1_Error3_Toggle,0,0.0,,2228224,2025-08-11 17:06:33
1593,RobotSimForPA/ErrorAdditionR1/R1_Error3_Toggle,0,0.0,,2228224,2025-08-11 17:06:34
1594,RobotSimForPA/ErrorAdditionR1/R1_Error3_Toggle,0,0.0,,2228224,2025-08-11 17:06:35
1595,RobotSimForPA/ErrorAdditionR1/R1_Error3_Toggle,0,0.0,,2228224,2025-08-11 17:06:36
1596,RobotSimForPA/ErrorAdditionR1/R1_Error3_Toggle,0,0.0,,2228224,2025-08-11 17:06:37
1597,RobotSimForPA/ErrorAdditionR1/R1_Error3_Toggle,0,0.0,,2228224,2025-08-11 17:06:38
1598,RobotSimForPA/ErrorAdditionR1/R1_Error3_Toggle,0,0.0,,2228224,2025-08-11 17:06:39
1599,RobotSimForPA/ErrorAdditionR1/R1_Error3_Toggle,0,0.0,,2228224,2025-08-11 17:06:40
1600,RobotSimForPA/ErrorAdditionR1/R1_Error3_Toggle,0,0.0,,2228224,2025-08-11 17:06:41
1601,RobotSimForPA/ErrorAdditionR1/R1_Error3_Toggle,0,0.0,,2228224,2025-08-11 17:06:42
1602,RobotSimForPA/ErrorAdditionR1/R1_Error3_Toggle,0,0.0,,2228224,2025-08-11 17:06:43
1603,RobotSimForPA/ErrorAdditionR1/R1_Error3_Toggle,0,0.0,,2228224,2025-08-11 17:06:44
1604,RobotSimForPA/ErrorAdditionR1/R1_Error3_Toggle,0,0.0,,2228224,2025-08-11 17:06:45
1605,RobotSimForPA/ErrorAdditionR1/R1_Error3_Toggle,0,0.0,,2228224,2025-08-11 17:06:46
1606,RobotSimForPA/ErrorAdditionR1/R1_Error3_Toggle,0,0.0,,2228224,2025-08-11 17:06:47
1607,RobotSimForPA/ErrorAdditionR1/R1_Error3_Toggle,0,0.0,,2228224,2025-08-11 17:06:48
1608,RobotSimForPA/ErrorAdditionR1/R1_Error3_Toggle,0,0.0,,2228224,2025-08-11 17:06:49
1609,RobotSimForPA/ErrorAdditionR1/R1_Error3_Toggle,0,0.0,,2228224,2025-08-11 17:06:50
1610,RobotSimForPA/ErrorAdditionR1/R1_Error3_Toggle,0,0.0,,2228224,2025-08-11 17:06:51
1611,RobotSimForPA/ErrorAdditionR1/R1_Error3_Toggle,0,0.0,,2228224,2025-08-11 17:06:52
1612,RobotSimForPA/ErrorAdditionR1/R1_Error3_Toggle,0,0.0,,2228224,2025-08-11 17:06:53
1613,RobotSimForPA/ErrorAdditionR1/R1_Error3_Toggle,0,0.0,,2228224,2025-08-11 17:06:54
1614,RobotSimForPA/ErrorAdditionR1/R1_Error3_Toggle,0,0.0,,2228224,2025-08-11 17:06:55
1615,RobotSimForPA/ErrorAdditionR1/R1_Error3_Toggle,0,0.0,,2228224,2025-08-11 17:06:56
1616,RobotSimForPA/ErrorAdditionR1/R1_Error3_Toggle,0,0.0,,2228224,2025-08-11 17:06:57
1617,RobotSimForPA/ErrorAdditionR1/R1_Error3_Toggle,0,0.0,,2228224,2025-08-11 17:06:58
1618,RobotSimForPA/ErrorAdditionR1/R1_Error3_Toggle,0,0.0,,2228224,2025-08-11 17:06:59
1619,RobotSimForPA/ErrorAdditionR1/R1_Error3_Toggle,0,0.0,,2228224,2025-08-11 17:07:00
1620,RobotSimForPA/ErrorAdditionR1/R1_Error3_Toggle,0,0.0,,2228224,2025-08-11 17:07:01
1621,RobotSimForPA/ErrorAdditionR1/R1_Error3_Toggle,0,0.0,,2228224,2025-08-11 17:07:02
1622,RobotSimForPA/ErrorAdditionR1/R1_Error3_Toggle,0,0.0,,2228224,2025-08-11 17:07:03
1623,RobotSimForPA/ErrorAdditionR1/R1_Error3_Toggle,0,0.0,,2228224,2025-08-11 17:07:04
1624,RobotSimForPA/ErrorAdditionR1/R1_Error3_Toggle,0,0.0,,2228224,2025-08-11 17:07:05
1625,RobotSimForPA/ErrorAdditionR1/R1_Error3_Toggle,0,0.0,,2228224,2025-08-11 17:07:06
1626,RobotSimForPA/ErrorAdditionR1/R1_Error3_Toggle,0,0.0,,2228224,2025-08-11 17:07:07
1627,RobotSimForPA/ErrorAdditionR1/R1_Error3_Toggle,0,0.0,,2228224,2025-08-11 17:07:08
1628,RobotSimForPA/ErrorAdditionR1/R1_Error3_Toggle,0,0.0,,2228224,2025-08-11 17:07:09
1629,RobotSimForPA/ErrorAdditionR1/R1_Error3_Toggle,0,0.0,,2228224,2025-08-11 17:07:10
1630,RobotSimForPA/ErrorAdditionR1/R1_Error3_Toggle,0,0.0,,2228224,2025-08-11 17:07:11
1631,RobotSimForPA/ErrorAdditionR1/R1_Error3_Toggle,0,0.0,,2228224,2025-08-11 17:07:12
1632,RobotSimForPA/ErrorAdditionR1/R1_Error3_Toggle,0,0.0,,2228224,2025-08-11 17:07:13
1633,RobotSimForPA/ErrorAdditionR1/R1_Error3_Toggle,0,0.0,,2228224,2025-08-11 17:07:14
1634,RobotSimForPA/ErrorAdditionR1/R1_Error3_Toggle,0,0.0,,2228224,2025-08-11 17:07:15
1635,RobotSimForPA/ErrorAdditionR1/R1_Error3_Toggle,0,0.0,,2228224,2025-08-11 17:07:16
1636,RobotSimForPA/ErrorAdditionR1/R1_Error3_Toggle,0,0.0,,2228224,2025-08-11 17:07:17
1637,RobotSimForPA/ErrorAdditionR1/R1_Error3_Toggle,0,0.0,,2228224,2025-08-11 17:07:18
1638,RobotSimForPA/ErrorAdditionR1/R1_Error3_Toggle,0,0.0,,2228224,2025-08-11 17:07:19
1639,RobotSimForPA/ErrorAdditionR1/R1_Error3_Toggle,0,0.0,,2228224,2025-08-11 17:07:20
1640,RobotSimForPA/ErrorAdditionR1/R1_Error3_Toggle,0,0.0,,2228224,2025-08-11 17:07:21
1641,RobotSimForPA/ErrorAdditionR1/R1_Error3_Toggle,0,0.0,,2228224,2025-08-11 17:07:22
1642,RobotSimForPA/ErrorAdditionR1/R1_Error3_Toggle,0,0.0,,2228224,2025-08-11 17:07:23
1643,RobotSimForPA/ErrorAdditionR1/R1_Error3_Toggle,0,0.0,,2228224,2025-08-11 17:07:24
1644,RobotSimForPA/ErrorAdditionR1/R1_Error3_Toggle,0,0.0,,2228224,2025-08-11 17:07:25
1645,RobotSimForPA/ErrorAdditionR1/R1_Error3_Toggle,0,0.0,,2228224,2025-08-11 17:07:26
1646,RobotSimForPA/ErrorAdditionR1/R1_Error3_Toggle,0,0.0,,2228224,2025-08-11 17:07:27
1647,RobotSimForPA/ErrorAdditionR1/R1_Error3_Toggle,0,0.0,,2228224,2025-08-11 17:07:28
1648,RobotSimForPA/ErrorAdditionR1/R1_Error3_Toggle,0,0.0,,2228224,2025-08-11 17:07:29
1649,RobotSimForPA/ErrorAdditionR1/R1_Error3_Toggle,0,0.0,,2228224,2025-08-11 17:07:30
1650,RobotSimForPA/ErrorAdditionR1/R1_Error3_Toggle,0,0.0,,2228224,2025-08-11 17:07:31
1651,RobotSimForPA/ErrorAdditionR1/R1_Error3_Toggle,0,0.0,,2228224,2025-08-11 17:07:32
1652,RobotSimForPA/ErrorAdditionR1/R1_Error3_Toggle,0,0.0,,2228224,2025-08-11 17:07:33
1653,RobotSimForPA/ErrorAdditionR1/R1_Error3_Toggle,0,0.0,,2228224,2025-08-11 17:07:34
1654,RobotSimForPA/ErrorAdditionR1/R1_Error3_Toggle,0,0.0,,2228224,2025-08-11 17:07:35
1655,RobotSimForPA/ErrorAdditionR1/R1_Error3_Toggle,0,0.0,,2228224,2025-08-11 17:07:36
1656,RobotSimForPA/ErrorAdditionR1/R1_Error3_Toggle,0,0.0,,2228224,2025-08-11 17:07:37
1657,RobotSimForPA/ErrorAdditionR1/R1_Error3_Toggle,0,0.0,,2228224,2025-08-11 17:07:38
1658,RobotSimForPA/ErrorAdditionR1/R1_Error3_Toggle,0,0.0,,2228224,2025-08-11 17:07:39
1659,RobotSimForPA/ErrorAdditionR1/R1_Error3_Toggle,0,0.0,,2228224,2025-08-11 17:07:40
1660,RobotSimForPA/ErrorAdditionR1/R1_Error3_Toggle,0,0.0,,2228224,2025-08-11 17:07:41
1661,RobotSimForPA/ErrorAdditionR1/R1_Error3_Toggle,0,0.0,,2228224,2025-08-11 17:07:42
1662,RobotSimForPA/ErrorAdditionR1/R1_Error3_Toggle,0,0.0,,2228224,2025-08-11 17:07:43
1663,RobotSimForPA/ErrorAdditionR1/R1_Error3_Toggle,0,0.0,,2228224,2025-08-11 17:07:44
1664,RobotSimForPA/ErrorAdditionR1/R1_Error3_Toggle,0,0.0,,2228224,2025-08-11 17:07:45
1665,RobotSimForPA/ErrorAdditionR1/R1_Error3_Toggle,0,0.0,,2228224,2025-08-11 17:07:46
1666,RobotSimForPA/ErrorAdditionR1/R1_Error3_Toggle,0,0.0,,2228224,2025-08-11 17:07:47
1667,RobotSimForPA/ErrorAdditionR1/R1_Error3_Toggle,0,0.0,,2228224,2025-08-11 17:07:48
1668,RobotSimForPA/ErrorAdditionR1/R1_Error3_Toggle,0,0.0,,2228224,2025-08-11 17:07:49
1669,RobotSimForPA/ErrorAdditionR1/R1_Error3_Toggle,0,0.0,,2228224,2025-08-11 17:07:50
1670,RobotSimForPA/ErrorAdditionR1/R1_Error3_Toggle,0,0.0,,2228224,2025-08-11 17:07:51
1671,RobotSimForPA/ErrorAdditionR1/R1_Error3_Toggle,0,0.0,,2228224,2025-08-11 17:07:52
1672,RobotSimForPA/ErrorAdditionR1/R1_Error3_Toggle,0,0.0,,2228224,2025-08-11 17:07:53
1673,RobotSimForPA/ErrorAdditionR1/R1_Error3_Toggle,0,0.0,,2228224,2025-08-11 17:07:54
1674,RobotSimForPA/ErrorAdditionR1/R1_Error3_Toggle,0,0.0,,2228224,2025-08-11 17:07:55
1675,RobotSimForPA/ErrorAdditionR1/R1_Error3_Toggle,0,0.0,,2228224,2025-08-11 17:07:56
1676,RobotSimForPA/ErrorAdditionR1/R1_Error3_Toggle,0,0.0,,2228224,2025-08-11 17:07:57
1677,RobotSimForPA/ErrorAdditionR1/R1_Error3_Toggle,0,0.0,,2228224,2025-08-11 17:07:58
1678,RobotSimForPA/ErrorAdditionR1/R1_Error3_Toggle,0,0.0,,2228224,2025-08-11 17:07:59
1679,RobotSimForPA/ErrorAdditionR1/R1_Error3_Toggle,0,0.0,,2228224,2025-08-11 17:08:00
1680,RobotSimForPA/ErrorAdditionR1/R1_Error3_Toggle,0,0.0,,2228224,2025-08-11 17:08:01
1681,RobotSimForPA/ErrorAdditionR1/R1_Error3_Toggle,0,0.0,,2228224,2025-08-11 17:08:02
1682,RobotSimForPA/ErrorAdditionR1/R1_Error3_Toggle,0,0.0,,2228224,2025-08-11 17:08:03
1683,RobotSimForPA/ErrorAdditionR1/R1_Error3_Toggle,0,0.0,,2228224,2025-08-11 17:08:04
1684,RobotSimForPA/ErrorAdditionR1/R1_Error3_Toggle,0,0.0,,2228224,2025-08-11 17:08:05
1685,RobotSimForPA/ErrorAdditionR1/R1_Error3_Toggle,0,0.0,,2228224,2025-08-11 17:08:06
1686,RobotSimForPA/ErrorAdditionR1/R1_Error3_Toggle,0,0.0,,2228224,2025-08-11 17:08:07
1687,RobotSimForPA/ErrorAdditionR1/R1_Error3_Toggle,0,0.0,,2228224,2025-08-11 17:08:08
1688,RobotSimForPA/ErrorAdditionR1/R1_Error3_Toggle,0,0.0,,2228224,2025-08-11 17:08:09
1689,RobotSimForPA/ErrorAdditionR1/R1_Error3_Toggle,0,0.0,,2228224,2025-08-11 17:08:10
1690,RobotSimForPA/ErrorAdditionR1/R1_Error3_Toggle,0,0.0,,2228224,2025-08-11 17:08:11
1691,RobotSimForPA/ErrorAdditionR1/R1_Error3_Toggle,0,0.0,,2228224,2025-08-11 17:08:12
1692,RobotSimForPA/ErrorAdditionR1/R1_Error3_Toggle,0,0.0,,2228224,2025-08-11 17:08:13
1693,RobotSimForPA/ErrorAdditionR1/R1_Error3_Toggle,0,0.0,,2228224,2025-08-11 17:08:14
1694,RobotSimForPA/ErrorAdditionR1/R1_Error3_Toggle,0,0.0,,2228224,2025-08-11 17:08:15
1695,RobotSimForPA/ErrorAdditionR1/R1_Error3_Toggle,0,0.0,,2228224,2025-08-11 17:08:16
1696,RobotSimForPA/ErrorAdditionR1/R1_Error3_Toggle,0,0.0,,2228224,2025-08-11 17:08:17
1697,RobotSimForPA/ErrorAdditionR1/R1_Error3_Toggle,0,0.0,,2228224,2025-08-11 17:08:18
1698,RobotSimForPA/ErrorAdditionR1/R1_Error3_Toggle,0,0.0,,2228224,2025-08-11 17:08:19
1699,RobotSimForPA/ErrorAdditionR1/R1_Error3_Toggle,0,0.0,,2228224,2025-08-11 17:08:20
1700,RobotSimForPA/ErrorAdditionR1/R1_Error3_Toggle,0,0.0,,2228224,2025-08-11 17:08:21
1701,RobotSimForPA/ErrorAdditionR1/R1_Error3_Toggle,0,0.0,,2228224,2025-08-11 17:08:22
1702,RobotSimForPA/ErrorAdditionR1/R1_Error3_Toggle,0,0.0,,2228224,2025-08-11 17:08:23
1703,RobotSimForPA/ErrorAdditionR1/R1_Error3_Toggle,0,0.0,,2228224,2025-08-11 17:08:24
1704,RobotSimForPA/ErrorAdditionR1/R1_Error3_Toggle,0,0.0,,2228224,2025-08-11 17:08:25
1705,RobotSimForPA/ErrorAdditionR1/R1_Error3_Toggle,0,0.0,,2228224,2025-08-11 17:08:26
1706,RobotSimForPA/ErrorAdditionR1/R1_Error3_Toggle,0,0.0,,2228224,2025-08-11 17:08:27
1707,RobotSimForPA/ErrorAdditionR1/R1_Error3_Toggle,0,0.0,,2228224,2025-08-11 17:08:28
1708,RobotSimForPA/ErrorAdditionR1/R1_Error3_Toggle,0,0.0,,2228224,2025-08-11 17:08:29
1709,RobotSimForPA/ErrorAdditionR1/R1_Error3_Toggle,0,0.0,,2228224,2025-08-11 17:08:30
1710,RobotSimForPA/ErrorAdditionR1/R1_Error3_Toggle,0,0.0,,2228224,2025-08-11 17:08:31
1711,RobotSimForPA/ErrorAdditionR1/R1_Error3_Toggle,0,0.0,,2228224,2025-08-11 17:08:32
1712,RobotSimForPA/ErrorAdditionR1/R1_Error3_Toggle,0,0.0,,2228224,2025-08-11 17:08:33
1713,RobotSimForPA/ErrorAdditionR1/R1_Error3_Toggle,0,0.0,,2228224,2025-08-11 17:08:34
1714,RobotSimForPA/ErrorAdditionR1/R1_Error3_Toggle,0,0.0,,2228224,2025-08-11 17:08:35
1715,RobotSimForPA/ErrorAdditionR1/R1_Error3_Toggle,0,0.0,,2228224,2025-08-11 17:08:36
1716,RobotSimForPA/ErrorAdditionR1/R1_Error3_Toggle,0,0.0,,2228224,2025-08-11 17:08:37
1717,RobotSimForPA/ErrorAdditionR1/R1_Error3_Toggle,0,0.0,,2228224,2025-08-11 17:08:38
1718,RobotSimForPA/ErrorAdditionR1/R1_Error3_Toggle,0,0.0,,2228224,2025-08-11 17:08:39
1719,RobotSimForPA/ErrorAdditionR1/R1_Error3_Toggle,0,0.0,,2228224,2025-08-11 17:08:40
1720,RobotSimForPA/ErrorAdditionR1/R1_Error3_Toggle,0,0.0,,2228224,2025-08-11 17:08:41
1721,RobotSimForPA/ErrorAdditionR1/R1_Error3_Toggle,0,0.0,,2228224,2025-08-11 17:08:42
1722,RobotSimForPA/ErrorAdditionR1/R1_Error3_Toggle,0,0.0,,2228224,2025-08-11 17:08:43
1723,RobotSimForPA/ErrorAdditionR1/R1_Error3_Toggle,0,0.0,,2228224,2025-08-11 17:08:44
1724,RobotSimForPA/ErrorAdditionR1/R1_Error3_Toggle,0,0.0,,2228224,2025-08-11 17:08:45
1725,RobotSimForPA/ErrorAdditionR1/R1_Error3_Toggle,0,0.0,,2228224,2025-08-11 17:08:46
1726,RobotSimForPA/ErrorAdditionR1/R1_Error3_Toggle,0,0.0,,2228224,2025-08-11 17:08:47
1727,RobotSimForPA/ErrorAdditionR1/R1_Error3_Toggle,0,0.0,,2228224,2025-08-11 17:08:48
1728,RobotSimForPA/ErrorAdditionR1/R1_Error3_Toggle,0,0.0,,2228224,2025-08-11 17:08:49
1729,RobotSimForPA/ErrorAdditionR1/R1_Error3_Toggle,0,0.0,,2228224,2025-08-11 17:08:50
1730,RobotSimForPA/ErrorAdditionR1/R1_Error3_Toggle,0,0.0,,2228224,2025-08-11 17:08:51
1731,RobotSimForPA/ErrorAdditionR1/R1_Error3_Toggle,0,0.0,,2228224,2025-08-11 17:08:52
1732,RobotSimForPA/ErrorAdditionR1/R1_Error3_Toggle,0,0.0,,2228224,2025-08-11 17:08:53
1733,RobotSimForPA/ErrorAdditionR1/R1_Error3_Toggle,0,0.0,,2228224,2025-08-11 17:08:54
1734,RobotSimForPA/ErrorAdditionR1/R1_Error3_Toggle,0,0.0,,2228224,2025-08-11 17:08:55
1735,RobotSimForPA/ErrorAdditionR1/R1_Error3_Toggle,0,0.0,,2228224,2025-08-11 17:08:56
1736,RobotSimForPA/ErrorAdditionR1/R1_Error3_Toggle,0,0.0,,2228224,2025-08-11 17:08:57
1737,RobotSimForPA/ErrorAdditionR1/R1_Error3_Toggle,0,0.0,,2228224,2025-08-11 17:08:58
1738,RobotSimForPA/ErrorAdditionR1/R1_Error3_Toggle,0,0.0,,2228224,2025-08-11 17:08:59
1739,RobotSimForPA/ErrorAdditionR1/R1_Error3_Toggle,0,0.0,,2228224,2025-08-11 17:09:00
1740,RobotSimForPA/ErrorAdditionR1/R1_Error3_Toggle,0,0.0,,2228224,2025-08-11 17:09:01
1741,RobotSimForPA/ErrorAdditionR1/R1_Error3_Toggle,0,0.0,,2228224,2025-08-11 17:09:02
1742,RobotSimForPA/ErrorAdditionR1/R1_Error3_Toggle,0,0.0,,2228224,2025-08-11 17:09:03
1743,RobotSimForPA/ErrorAdditionR1/R1_Error3_Toggle,0,0.0,,2228224,2025-08-11 17:09:04
1744,RobotSimForPA/ErrorAdditionR1/R1_Error3_Toggle,0,0.0,,2228224,2025-08-11 17:09:05
1745,RobotSimForPA/ErrorAdditionR1/R1_Error3_Toggle,0,0.0,,2228224,2025-08-11 17:09:06
1746,RobotSimForPA/ErrorAdditionR1/R1_Error3_Toggle,0,0.0,,2228224,2025-08-11 17:09:07
1747,RobotSimForPA/ErrorAdditionR1/R1_Error3_Toggle,0,0.0,,2228224,2025-08-11 17:09:08
1748,RobotSimForPA/ErrorAdditionR1/R1_Error3_Toggle,0,0.0,,2228224,2025-08-11 17:09:09
1749,RobotSimForPA/ErrorAdditionR1/R1_Error3_Toggle,0,0.0,,2228224,2025-08-11 17:09:10
1750,RobotSimForPA/ErrorAdditionR1/R1_Error3_Toggle,0,0.0,,2228224,2025-08-11 17:09:11
1751,RobotSimForPA/ErrorAdditionR1/R1_Error3_Toggle,0,0.0,,2228224,2025-08-11 17:09:12
1752,RobotSimForPA/ErrorAdditionR1/R1_Error3_Toggle,0,0.0,,2228224,2025-08-11 17:09:13
1753,RobotSimForPA/ErrorAdditionR1/R1_Error3_Toggle,0,0.0,,2228224,2025-08-11 17:09:14
1754,RobotSimForPA/ErrorAdditionR1/R1_Error3_Toggle,0,0.0,,2228224,2025-08-11 17:09:15
1755,RobotSimForPA/ErrorAdditionR1/R1_Error3_Toggle,0,0.0,,2228224,2025-08-11 17:09:16
1756,RobotSimForPA/ErrorAdditionR1/R1_Error3_Toggle,0,0.0,,2228224,2025-08-11 17:09:17
1757,RobotSimForPA/ErrorAdditionR1/R1_Error3_Toggle,0,0.0,,2228224,2025-08-11 17:09:18
1758,RobotSimForPA/ErrorAdditionR1/R1_Error3_Toggle,0,0.0,,2228224,2025-08-11 17:09:19
1759,RobotSimForPA/ErrorAdditionR1/R1_Error3_Toggle,0,0.0,,2228224,2025-08-11 17:09:20
1760,RobotSimForPA/ErrorAdditionR1/R1_Error3_Toggle,0,0.0,,2228224,2025-08-11 17:09:21
1761,RobotSimForPA/ErrorAdditionR1/R1_Error3_Toggle,0,0.0,,2228224,2025-08-11 17:09:22
1762,RobotSimForPA/ErrorAdditionR1/R1_Error3_Toggle,0,0.0,,2228224,2025-08-11 17:09:23
1763,RobotSimForPA/ErrorAdditionR1/R1_Error3_Toggle,0,0.0,,2228224,2025-08-11 17:09:24
1764,RobotSimForPA/ErrorAdditionR1/R1_Error3_Toggle,0,0.0,,2228224,2025-08-11 17:09:25
1765,RobotSimForPA/ErrorAdditionR1/R1_Error3_Toggle,0,0.0,,2228224,2025-08-11 17:09:26
1766,RobotSimForPA/ErrorAdditionR1/R1_Error3_Toggle,0,0.0,,2228224,2025-08-11 17:09:27
1767,RobotSimForPA/ErrorAdditionR1/R1_Error3_Toggle,0,0.0,,2228224,2025-08-11 17:09:28
1768,RobotSimForPA/ErrorAdditionR1/R1_Error3_Toggle,0,0.0,,2228224,2025-08-11 17:09:29
1769,RobotSimForPA/ErrorAdditionR1/R1_Error3_Toggle,0,0.0,,2228224,2025-08-11 17:09:30
1770,RobotSimForPA/ErrorAdditionR1/R1_Error3_Toggle,0,0.0,,2228224,2025-08-11 17:09:31
1771,RobotSimForPA/ErrorAdditionR1/R1_Error3_Toggle,0,0.0,,2228224,2025-08-11 17:09:32
1772,RobotSimForPA/ErrorAdditionR1/R1_Error3_Toggle,0,0.0,,2228224,2025-08-11 17:09:33
1773,RobotSimForPA/ErrorAdditionR1/R1_Error3_Toggle,0,0.0,,2228224,2025-08-11 17:09:34
1774,RobotSimForPA/ErrorAdditionR1/R1_Error3_Toggle,0,0.0,,2228224,2025-08-11 17:09:35
1775,RobotSimForPA/ErrorAdditionR1/R1_Error3_Toggle,0,0.0,,2228224,2025-08-11 17:09:36
1776,RobotSimForPA/ErrorAdditionR1/R1_Error3_Toggle,0,0.0,,2228224,2025-08-11 17:09:37
1777,RobotSimForPA/ErrorAdditionR1/R1_Error3_Toggle,0,0.0,,2228224,2025-08-11 17:09:38
1778,RobotSimForPA/ErrorAdditionR1/R1_Error3_Toggle,0,0.0,,2228224,2025-08-11 17:09:39
1779,RobotSimForPA/ErrorAdditionR1/R1_Error3_Toggle,0,0.0,,2228224,2025-08-11 17:09:40
1780,RobotSimForPA/ErrorAdditionR1/R1_Error3_Toggle,0,0.0,,2228224,2025-08-11 17:09:41
1781,RobotSimForPA/ErrorAdditionR1/R1_Error3_Toggle,0,0.0,,2228224,2025-08-11 17:09:42
1782,RobotSimForPA/ErrorAdditionR1/R1_Error3_Toggle,0,0.0,,2228224,2025-08-11 17:09:43
1783,RobotSimForPA/ErrorAdditionR1/R1_Error3_Toggle,0,0.0,,2228224,2025-08-11 17:09:44
1784,RobotSimForPA/ErrorAdditionR1/R1_Error3_Toggle,0,0.0,,2228224,2025-08-11 17:09:45
1785,RobotSimForPA/ErrorAdditionR1/R1_Error3_Toggle,0,0.0,,2228224,2025-08-11 17:09:46
1786,RobotSimForPA/ErrorAdditionR1/R1_Error3_Toggle,0,0.0,,2228224,2025-08-11 17:09:47
1787,RobotSimForPA/ErrorAdditionR1/R1_Error3_Toggle,0,0.0,,2228224,2025-08-11 17:09:48
1788,RobotSimForPA/ErrorAdditionR1/R1_Error3_Toggle,0,0.0,,2228224,2025-08-11 17:09:49
1789,RobotSimForPA/ErrorAdditionR1/R1_Error3_Toggle,0,0.0,,2228224,2025-08-11 17:09:50
1790,RobotSimForPA/ErrorAdditionR1/R1_Error3_Toggle,0,0.0,,2228224,2025-08-11 17:09:51
1791,RobotSimForPA/ErrorAdditionR1/R1_Error3_Toggle,0,0.0,,2228224,2025-08-11 17:09:52
1792,RobotSimForPA/ErrorAdditionR1/R1_Error3_Toggle,0,0.0,,2228224,2025-08-11 17:09:53
1793,RobotSimForPA/ErrorAdditionR1/R1_Error3_Toggle,0,0.0,,2228224,2025-08-11 17:09:54
1794,RobotSimForPA/ErrorAdditionR1/R1_Error3_Toggle,0,0.0,,2228224,2025-08-11 17:09:55
1795,RobotSimForPA/ErrorAdditionR1/R1_Error3_Toggle,0,0.0,,2228224,2025-08-11 17:09:56
1796,RobotSimForPA/ErrorAdditionR1/R1_Error3_Toggle,0,0.0,,2228224,2025-08-11 17:09:57
1797,RobotSimForPA/ErrorAdditionR1/R1_Error3_Toggle,0,0.0,,2228224,2025-08-11 17:09:58
1798,RobotSimForPA/ErrorAdditionR1/R1_Error3_Toggle,0,0.0,,2228224,2025-08-11 17:09:59
1799,RobotSimForPA/ErrorAdditionR1/R1_Error3_Toggle,0,0.0,,2228224,2025-08-11 17:10:00
1800,RobotSimForPA/ErrorAdditionR1/R1_Error3_Toggle,0,0.0,,2228224,2025-08-11 17:10:01
1801,RobotSimForPA/ErrorAdditionR1/R1_Error3_Toggle,0,0.0,,2228224,2025-08-11 17:10:02
1802,RobotSimForPA/ErrorAdditionR1/R1_Error3_Toggle,0,0.0,,2228224,2025-08-11 17:10:03
1803,RobotSimForPA/ErrorAdditionR1/R1_Error3_Toggle,0,0.0,,2228224,2025-08-11 17:10:04
1804,RobotSimForPA/ErrorAdditionR1/R1_Error3_Toggle,0,0.0,,2228224,2025-08-11 17:10:05
1805,RobotSimForPA/ErrorAdditionR1/R1_Error3_Toggle,0,0.0,,2228224,2025-08-11 17:10:06
1806,RobotSimForPA/ErrorAdditionR1/R1_Error3_Toggle,0,0.0,,2228224,2025-08-11 17:10:07
1807,RobotSimForPA/ErrorAdditionR1/R1_Error3_Toggle,0,0.0,,2228224,2025-08-11 17:10:08
1808,RobotSimForPA/ErrorAdditionR1/R1_Error3_Toggle,0,0.0,,2228224,2025-08-11 17:10:09
1809,RobotSimForPA/ErrorAdditionR1/R1_Error3_Toggle,0,0.0,,2228224,2025-08-11 17:10:10
1810,RobotSimForPA/ErrorAdditionR1/R1_Error3_Toggle,0,0.0,,2228224,2025-08-11 17:10:11
1811,RobotSimForPA/ErrorAdditionR1/R1_Error3_Toggle,0,0.0,,2228224,2025-08-11 17:10:12
1812,RobotSimForPA/ErrorAdditionR1/R1_Error3_Toggle,0,0.0,,2228224,2025-08-11 17:10:13
1813,RobotSimForPA/ErrorAdditionR1/R1_Error3_Toggle,0,0.0,,2228224,2025-08-11 17:10:14
1814,RobotSimForPA/ErrorAdditionR1/R1_Error3_Toggle,0,0.0,,2228224,2025-08-11 17:10:15
1815,RobotSimForPA/ErrorAdditionR1/R1_Error3_Toggle,0,0.0,,2228224,2025-08-11 17:10:16
1816,RobotSimForPA/ErrorAdditionR1/R1_Error3_Toggle,0,0.0,,2228224,2025-08-11 17:10:17
1817,RobotSimForPA/ErrorAdditionR1/R1_Error3_Toggle,0,0.0,,2228224,2025-08-11 17:10:18
1818,RobotSimForPA/ErrorAdditionR1/R1_Error3_Toggle,0,0.0,,2228224,2025-08-11 17:10:19
1819,RobotSimForPA/ErrorAdditionR1/R1_Error3_Toggle,0,0.0,,2228224,2025-08-11 17:10:20
1820,RobotSimForPA/ErrorAdditionR1/R1_Error3_Toggle,0,0.0,,2228224,2025-08-11 17:10:21
1821,RobotSimForPA/ErrorAdditionR1/R1_Error3_Toggle,0,0.0,,2228224,2025-08-11 17:10:22
1822,RobotSimForPA/ErrorAdditionR1/R1_Error3_Toggle,0,0.0,,2228224,2025-08-11 17:10:23
1823,RobotSimForPA/ErrorAdditionR1/R1_Error3_Toggle,0,0.0,,2228224,2025-08-11 17:10:24
1824,RobotSimForPA/ErrorAdditionR1/R1_Error3_Toggle,0,0.0,,2228224,2025-08-11 17:10:25
1825,RobotSimForPA/ErrorAdditionR1/R1_Error3_Toggle,0,0.0,,2228224,2025-08-11 17:10:26
1826,RobotSimForPA/ErrorAdditionR1/R1_Error3_Toggle,0,0.0,,2228224,2025-08-11 17:10:27
1827,RobotSimForPA/ErrorAdditionR1/R1_Error3_Toggle,0,0.0,,2228224,2025-08-11 17:10:28
1828,RobotSimForPA/ErrorAdditionR1/R1_Error3_Toggle,0,0.0,,2228224,2025-08-11 17:10:29
1829,RobotSimForPA/ErrorAdditionR1/R1_Error3_Toggle,0,0.0,,2228224,2025-08-11 17:10:30
1830,RobotSimForPA/ErrorAdditionR1/R1_Error3_Toggle,0,0.0,,2228224,2025-08-11 17:10:31
1831,RobotSimForPA/ErrorAdditionR1/R1_Error3_Toggle,0,0.0,,2228224,2025-08-11 17:10:32
1832,RobotSimForPA/ErrorAdditionR1/R1_Error3_Toggle,0,0.0,,2228224,2025-08-11 17:10:33
1833,RobotSimForPA/ErrorAdditionR1/R1_Error3_Toggle,0,0.0,,2228224,2025-08-11 17:10:34
1834,RobotSimForPA/ErrorAdditionR1/R1_Error3_Toggle,0,0.0,,2228224,2025-08-11 17:10:35
1835,RobotSimForPA/ErrorAdditionR1/R1_Error3_Toggle,0,0.0,,2228224,2025-08-11 17:10:36
1836,RobotSimForPA/ErrorAdditionR1/R1_Error3_Toggle,0,0.0,,2228224,2025-08-11 17:10:37
1837,RobotSimForPA/ErrorAdditionR1/R1_Error3_Toggle,0,0.0,,2228224,2025-08-11 17:10:38
1838,RobotSimForPA/ErrorAdditionR1/R1_Error3_Toggle,0,0.0,,2228224,2025-08-11 17:10:39
1839,RobotSimForPA/ErrorAdditionR1/R1_Error3_Toggle,0,0.0,,2228224,2025-08-11 17:10:40
1840,RobotSimForPA/ErrorAdditionR1/R1_Error3_Toggle,0,0.0,,2228224,2025-08-11 17:10:41
1841,RobotSimForPA/ErrorAdditionR1/R1_Error3_Toggle,0,0.0,,2228224,2025-08-11 17:10:42
1842,RobotSimForPA/ErrorAdditionR1/R1_Error3_Toggle,0,0.0,,2228224,2025-08-11 17:10:43
1843,RobotSimForPA/ErrorAdditionR1/R1_Error3_Toggle,0,0.0,,2228224,2025-08-11 17:10:44
1844,RobotSimForPA/ErrorAdditionR1/R1_Error3_Toggle,0,0.0,,2228224,2025-08-11 17:10:45
1845,RobotSimForPA/ErrorAdditionR1/R1_Error3_Toggle,0,0.0,,2228224,2025-08-11 17:10:46
1846,RobotSimForPA/ErrorAdditionR1/R1_Error3_Toggle,0,0.0,,2228224,2025-08-11 17:10:47
1847,RobotSimForPA/ErrorAdditionR1/R1_Error3_Toggle,0,0.0,,2228224,2025-08-11 17:10:48
1848,RobotSimForPA/ErrorAdditionR1/R1_Error3_Toggle,0,0.0,,2228224,2025-08-11 17:10:49
1849,RobotSimForPA/ErrorAdditionR1/R1_Error3_Toggle,0,0.0,,2228224,2025-08-11 17:10:50
1850,RobotSimForPA/ErrorAdditionR1/R1_Error3_Toggle,0,0.0,,2228224,2025-08-11 17:10:51
1851,RobotSimForPA/ErrorAdditionR1/R1_Error3_Toggle,0,0.0,,2228224,2025-08-11 17:10:52
1852,RobotSimForPA/ErrorAdditionR1/R1_Error3_Toggle,0,0.0,,2228224,2025-08-11 17:10:53
1853,RobotSimForPA/ErrorAdditionR1/R1_Error3_Toggle,0,0.0,,2228224,2025-08-11 17:10:54
1854,RobotSimForPA/ErrorAdditionR1/R1_Error3_Toggle,0,0.0,,2228224,2025-08-11 17:10:55
1855,RobotSimForPA/ErrorAdditionR1/R1_Error3_Toggle,0,0.0,,2228224,2025-08-11 17:10:56
1856,RobotSimForPA/ErrorAdditionR1/R1_Error3_Toggle,0,0.0,,2228224,2025-08-11 17:10:57
1857,RobotSimForPA/ErrorAdditionR1/R1_Error3_Toggle,0,0.0,,2228224,2025-08-11 17:10:58
1858,RobotSimForPA/ErrorAdditionR1/R1_Error3_Toggle,0,0.0,,2228224,2025-08-11 17:10:59
1859,RobotSimForPA/ErrorAdditionR1/R1_Error3_Toggle,0,0.0,,2228224,2025-08-11 17:11:00
1860,RobotSimForPA/ErrorAdditionR1/R1_Error3_Toggle,0,0.0,,2228224,2025-08-11 17:11:01
1861,RobotSimForPA/ErrorAdditionR1/R1_Error3_Toggle,0,0.0,,2228224,2025-08-11 17:11:02
1862,RobotSimForPA/ErrorAdditionR1/R1_Error3_Toggle,0,0.0,,2228224,2025-08-11 17:11:03
1863,RobotSimForPA/ErrorAdditionR1/R1_Error3_Toggle,0,0.0,,2228224,2025-08-11 17:11:04
1864,RobotSimForPA/ErrorAdditionR1/R1_Error3_Toggle,0,0.0,,2228224,2025-08-11 17:11:05
1865,RobotSimForPA/ErrorAdditionR1/R1_Error3_Toggle,0,0.0,,2228224,2025-08-11 17:11:06
1866,RobotSimForPA/ErrorAdditionR1/R1_Error3_Toggle,0,0.0,,2228224,2025-08-11 17:11:07
1867,RobotSimForPA/ErrorAdditionR1/R1_Error3_Toggle,0,0.0,,2228224,2025-08-11 17:11:08
1868,RobotSimForPA/ErrorAdditionR1/R1_Error3_Toggle,0,0.0,,2228224,2025-08-11 17:11:09
1869,RobotSimForPA/ErrorAdditionR1/R1_Error3_Toggle,0,0.0,,2228224,2025-08-11 17:11:10
1870,RobotSimForPA/ErrorAdditionR1/R1_Error3_Toggle,0,0.0,,2228224,2025-08-11 17:11:11
1871,RobotSimForPA/ErrorAdditionR1/R1_Error3_Toggle,0,0.0,,2228224,2025-08-11 17:11:12
1872,RobotSimForPA/ErrorAdditionR1/R1_Error3_Toggle,0,0.0,,2228224,2025-08-11 17:11:13
1873,RobotSimForPA/ErrorAdditionR1/R1_Error3_Toggle,0,0.0,,2228224,2025-08-11 17:11:14
1874,RobotSimForPA/ErrorAdditionR1/R1_Error3_Toggle,0,0.0,,2228224,2025-08-11 17:11:15
1875,RobotSimForPA/ErrorAdditionR1/R1_Error3_Toggle,0,0.0,,2228224,2025-08-11 17:11:16
1876,RobotSimForPA/ErrorAdditionR1/R1_Error3_Toggle,0,0.0,,2228224,2025-08-11 17:11:17
1877,RobotSimForPA/ErrorAdditionR1/R1_Error3_Toggle,0,0.0,,2228224,2025-08-11 17:11:18
1878,RobotSimForPA/ErrorAdditionR1/R1_Error3_Toggle,0,0.0,,2228224,2025-08-11 17:11:19
1879,RobotSimForPA/ErrorAdditionR1/R1_Error3_Toggle,0,0.0,,2228224,2025-08-11 17:11:20
1880,RobotSimForPA/ErrorAdditionR1/R1_Error3_Toggle,0,0.0,,2228224,2025-08-11 17:11:21
1881,RobotSimForPA/ErrorAdditionR1/R1_Error3_Toggle,0,0.0,,2228224,2025-08-11 17:11:22
1882,RobotSimForPA/ErrorAdditionR1/R1_Error3_Toggle,0,0.0,,2228224,2025-08-11 17:11:23
1883,RobotSimForPA/ErrorAdditionR1/R1_Error3_Toggle,0,0.0,,2228224,2025-08-11 17:11:24
1884,RobotSimForPA/ErrorAdditionR1/R1_Error3_Toggle,0,0.0,,2228224,2025-08-11 17:11:25
1885,RobotSimForPA/ErrorAdditionR1/R1_Error3_Toggle,0,0.0,,2228224,2025-08-11 17:11:26
1886,RobotSimForPA/ErrorAdditionR1/R1_Error3_Toggle,0,0.0,,2228224,2025-08-11 17:11:27
1887,RobotSimForPA/ErrorAdditionR1/R1_Error3_Toggle,0,0.0,,2228224,2025-08-11 17:11:28
1888,RobotSimForPA/ErrorAdditionR1/R1_Error3_Toggle,0,0.0,,2228224,2025-08-11 17:11:29
1889,RobotSimForPA/ErrorAdditionR1/R1_Error3_Toggle,0,0.0,,2228224,2025-08-11 17:11:30
1890,RobotSimForPA/ErrorAdditionR1/R1_Error3_Toggle,0,0.0,,2228224,2025-08-11 17:11:31
1891,RobotSimForPA/ErrorAdditionR1/R1_Error3_Toggle,0,0.0,,2228224,2025-08-11 17:11:32
1892,RobotSimForPA/ErrorAdditionR1/R1_Error3_Toggle,0,0.0,,2228224,2025-08-11 17:11:33
1893,RobotSimForPA/ErrorAdditionR1/R1_Error3_Toggle,0,0.0,,2228224,2025-08-11 17:11:34
1894,RobotSimForPA/ErrorAdditionR1/R1_Error3_Toggle,0,0.0,,2228224,2025-08-11 17:11:35
1895,RobotSimForPA/ErrorAdditionR1/R1_Error3_Toggle,0,0.0,,2228224,2025-08-11 17:11:36
1896,RobotSimForPA/ErrorAdditionR1/R1_Error3_Toggle,0,0.0,,2228224,2025-08-11 17:11:37
1897,RobotSimForPA/ErrorAdditionR1/R1_Error3_Toggle,0,0.0,,2228224,2025-08-11 17:11:38
1898,RobotSimForPA/ErrorAdditionR1/R1_Error3_Toggle,0,0.0,,2228224,2025-08-11 17:11:39
1899,RobotSimForPA/ErrorAdditionR1/R1_Error3_Toggle,0,0.0,,2228224,2025-08-11 17:11:40
1900,RobotSimForPA/ErrorAdditionR1/R1_Error3_Toggle,0,0.0,,2228224,2025-08-11 17:11:41
1901,RobotSimForPA/ErrorAdditionR1/R1_Error3_Toggle,0,0.0,,2228224,2025-08-11 17:11:42
1902,RobotSimForPA/ErrorAdditionR1/R1_Error3_Toggle,0,0.0,,2228224,2025-08-11 17:11:43
1903,RobotSimForPA/ErrorAdditionR1/R1_Error3_Toggle,0,0.0,,2228224,2025-08-11 17:11:44
1904,RobotSimForPA/ErrorAdditionR1/R1_Error3_Toggle,0,0.0,,2228224,2025-08-11 17:11:45
1905,RobotSimForPA/ErrorAdditionR1/R1_Error3_Toggle,0,0.0,,2228224,2025-08-11 17:11:46
1906,RobotSimForPA/ErrorAdditionR1/R1_Error3_Toggle,0,0.0,,2228224,2025-08-11 17:11:47
1907,RobotSimForPA/ErrorAdditionR1/R1_Error3_Toggle,0,0.0,,2228224,2025-08-11 17:11:48
1908,RobotSimForPA/ErrorAdditionR1/R1_Error3_Toggle,0,0.0,,2228224,2025-08-11 17:11:49
1909,RobotSimForPA/ErrorAdditionR1/R1_Error3_Toggle,0,0.0,,2228224,2025-08-11 17:11:50
1910,RobotSimForPA/ErrorAdditionR1/R1_Error3_Toggle,0,0.0,,2228224,2025-08-11 17:11:51
1911,RobotSimForPA/ErrorAdditionR1/R1_Error3_Toggle,0,0.0,,2228224,2025-08-11 17:11:52
1912,RobotSimForPA/ErrorAdditionR1/R1_Error3_Toggle,0,0.0,,2228224,2025-08-11 17:11:53
1913,RobotSimForPA/ErrorAdditionR1/R1_Error3_Toggle,0,0.0,,2228224,2025-08-11 17:11:54
1914,RobotSimForPA/ErrorAdditionR1/R1_Error3_Toggle,0,0.0,,2228224,2025-08-11 17:11:55
1915,RobotSimForPA/ErrorAdditionR1/R1_Error3_Toggle,0,0.0,,2228224,2025-08-11 17:11:56
1916,RobotSimForPA/ErrorAdditionR1/R1_Error3_Toggle,0,0.0,,2228224,2025-08-11 17:11:57
1917,RobotSimForPA/ErrorAdditionR1/R1_Error3_Toggle,0,0.0,,2228224,2025-08-11 17:11:58
1918,RobotSimForPA/ErrorAdditionR1/R1_Error3_Toggle,0,0.0,,2228224,2025-08-11 17:11:59
1919,RobotSimForPA/ErrorAdditionR1/R1_Error3_Toggle,0,0.0,,2228224,2025-08-11 17:12:00
1920,RobotSimForPA/ErrorAdditionR1/R1_Error3_Toggle,0,0.0,,2228224,2025-08-11 17:12:01
1921,RobotSimForPA/ErrorAdditionR1/R1_Error3_Toggle,0,0.0,,2228224,2025-08-11 17:12:02
1922,RobotSimForPA/ErrorAdditionR1/R1_Error3_Toggle,0,0.0,,2228224,2025-08-11 17:12:03
1923,RobotSimForPA/ErrorAdditionR1/R1_Error3_Toggle,0,0.0,,2228224,2025-08-11 17:12:04
1924,RobotSimForPA/ErrorAdditionR1/R1_Error3_Toggle,0,0.0,,2228224,2025-08-11 17:12:05
1925,RobotSimForPA/ErrorAdditionR1/R1_Error3_Toggle,0,0.0,,2228224,2025-08-11 17:12:06
1926,RobotSimForPA/ErrorAdditionR1/R1_Error3_Toggle,0,0.0,,2228224,2025-08-11 17:12:07
1927,RobotSimForPA/ErrorAdditionR1/R1_Error3_Toggle,0,0.0,,2228224,2025-08-11 17:12:08
1928,RobotSimForPA/ErrorAdditionR1/R1_Error3_Toggle,0,0.0,,2228224,2025-08-11 17:12:09
1929,RobotSimForPA/ErrorAdditionR1/R1_Error3_Toggle,0,0.0,,2228224,2025-08-11 17:12:10
1930,RobotSimForPA/ErrorAdditionR1/R1_Error3_Toggle,0,0.0,,2228224,2025-08-11 17:12:11
1931,RobotSimForPA/ErrorAdditionR1/R1_Error3_Toggle,0,0.0,,2228224,2025-08-11 17:12:12
1932,RobotSimForPA/ErrorAdditionR1/R1_Error3_Toggle,0,0.0,,2228224,2025-08-11 17:12:13
1933,RobotSimForPA/ErrorAdditionR1/R1_Error3_Toggle,0,0.0,,2228224,2025-08-11 17:12:14
1934,RobotSimForPA/ErrorAdditionR1/R1_Error3_Toggle,0,0.0,,2228224,2025-08-11 17:12:15
1935,RobotSimForPA/ErrorAdditionR1/R1_Error3_Toggle,0,0.0,,2228224,2025-08-11 17:12:16
1936,RobotSimForPA/ErrorAdditionR1/R1_Error3_Toggle,0,0.0,,2228224,2025-08-11 17:12:17
1937,RobotSimForPA/ErrorAdditionR1/R1_Error3_Toggle,0,0.0,,2228224,2025-08-11 17:12:18
1938,RobotSimForPA/ErrorAdditionR1/R1_Error3_Toggle,0,0.0,,2228224,2025-08-11 17:12:19
1939,RobotSimForPA/ErrorAdditionR1/R1_Error3_Toggle,0,0.0,,2228224,2025-08-11 17:12:20
1940,RobotSimForPA/ErrorAdditionR1/R1_Error3_Toggle,0,0.0,,2228224,2025-08-11 17:12:21
1941,RobotSimForPA/ErrorAdditionR1/R1_Error3_Toggle,0,0.0,,2228224,2025-08-11 17:12:22
1942,RobotSimForPA/ErrorAdditionR1/R1_Error3_Toggle,0,0.0,,2228224,2025-08-11 17:12:23
1943,RobotSimForPA/ErrorAdditionR1/R1_Error3_Toggle,0,0.0,,2228224,2025-08-11 17:12:24
1944,RobotSimForPA/ErrorAdditionR1/R1_Error3_Toggle,0,0.0,,2228224,2025-08-11 17:12:25
1945,RobotSimForPA/ErrorAdditionR1/R1_Error3_Toggle,0,0.0,,2228224,2025-08-11 17:12:26
1946,RobotSimForPA/ErrorAdditionR1/R1_Error3_Toggle,0,0.0,,2228224,2025-08-11 17:12:27
1947,RobotSimForPA/ErrorAdditionR1/R1_Error3_Toggle,0,0.0,,2228224,2025-08-11 17:12:28
1948,RobotSimForPA/ErrorAdditionR1/R1_Error3_Toggle,0,0.0,,2228224,2025-08-11 17:12:29
1949,RobotSimForPA/ErrorAdditionR1/R1_Error3_Toggle,0,0.0,,2228224,2025-08-11 17:12:30
1950,RobotSimForPA/ErrorAdditionR1/R1_Error3_Toggle,0,0.0,,2228224,2025-08-11 17:12:31
1951,RobotSimForPA/ErrorAdditionR1/R1_Error3_Toggle,0,0.0,,2228224,2025-08-11 17:12:32
1952,RobotSimForPA/ErrorAdditionR1/R1_Error3_Toggle,0,0.0,,2228224,2025-08-11 17:12:33
1953,RobotSimForPA/ErrorAdditionR1/R1_Error3_Toggle,0,0.0,,2228224,2025-08-11 17:12:34
1954,RobotSimForPA/ErrorAdditionR1/R1_Error3_Toggle,0,0.0,,2228224,2025-08-11 17:12:35
1955,RobotSimForPA/ErrorAdditionR1/R1_Error3_Toggle,0,0.0,,2228224,2025-08-11 17:12:36
1956,RobotSimForPA/ErrorAdditionR1/R1_Error3_Toggle,0,0.0,,2228224,2025-08-11 17:12:37
1957,RobotSimForPA/ErrorAdditionR1/R1_Error3_Toggle,0,0.0,,2228224,2025-08-11 17:12:38
1958,RobotSimForPA/ErrorAdditionR1/R1_Error3_Toggle,0,0.0,,2228224,2025-08-11 17:12:39
1959,RobotSimForPA/ErrorAdditionR1/R1_Error3_Toggle,0,0.0,,2228224,2025-08-11 17:12:40
1960,RobotSimForPA/ErrorAdditionR1/R1_Error3_Toggle,0,0.0,,2228224,2025-08-11 17:12:41
1961,RobotSimForPA/ErrorAdditionR1/R1_Error3_Toggle,0,0.0,,2228224,2025-08-11 17:12:42
1962,RobotSimForPA/ErrorAdditionR1/R1_Error3_Toggle,0,0.0,,2228224,2025-08-11 17:12:43
1963,RobotSimForPA/ErrorAdditionR1/R1_Error3_Toggle,0,0.0,,2228224,2025-08-11 17:12:44
1964,RobotSimForPA/ErrorAdditionR1/R1_Error3_Toggle,0,0.0,,2228224,2025-08-11 17:12:45
1965,RobotSimForPA/ErrorAdditionR1/R1_Error3_Toggle,0,0.0,,2228224,2025-08-11 17:12:46
1966,RobotSimForPA/ErrorAdditionR1/R1_Error3_Toggle,0,0.0,,2228224,2025-08-11 17:12:47
1967,RobotSimForPA/ErrorAdditionR1/R1_Error3_Toggle,0,0.0,,2228224,2025-08-11 17:12:48
1968,RobotSimForPA/ErrorAdditionR1/R1_Error3_Toggle,0,0.0,,2228224,2025-08-11 17:12:49
1969,RobotSimForPA/ErrorAdditionR1/R1_Error3_Toggle,0,0.0,,2228224,2025-08-11 17:12:50
1970,RobotSimForPA/ErrorAdditionR1/R1_Error3_Toggle,0,0.0,,2228224,2025-08-11 17:12:51
1971,RobotSimForPA/ErrorAdditionR1/R1_Error3_Toggle,0,0.0,,2228224,2025-08-11 17:12:52
1972,RobotSimForPA/ErrorAdditionR1/R1_Error3_Toggle,0,0.0,,2228224,2025-08-11 17:12:53
1973,RobotSimForPA/ErrorAdditionR1/R1_Error3_Toggle,0,0.0,,2228224,2025-08-11 17:12:54
1974,RobotSimForPA/ErrorAdditionR1/R1_Error3_Toggle,0,0.0,,2228224,2025-08-11 17:12:55
1975,RobotSimForPA/ErrorAdditionR1/R1_Error3_Toggle,0,0.0,,2228224,2025-08-11 17:12:56
1976,RobotSimForPA/ErrorAdditionR1/R1_Error3_Toggle,0,0.0,,2228224,2025-08-11 17:12:57
1977,RobotSimForPA/ErrorAdditionR1/R1_Error3_Toggle,0,0.0,,2228224,2025-08-11 17:12:58
1978,RobotSimForPA/ErrorAdditionR1/R1_Error3_Toggle,0,0.0,,2228224,2025-08-11 17:12:59
1979,RobotSimForPA/ErrorAdditionR1/R1_Error3_Toggle,0,0.0,,2228224,2025-08-11 17:13:00
1980,RobotSimForPA/ErrorAdditionR1/R1_Error3_Toggle,0,0.0,,2228224,2025-08-11 17:13:01
1981,RobotSimForPA/ErrorAdditionR1/R1_Error3_Toggle,0,0.0,,2228224,2025-08-11 17:13:02
1982,RobotSimForPA/ErrorAdditionR1/R1_Error3_Toggle,0,0.0,,2228224,2025-08-11 17:13:03
1983,RobotSimForPA/ErrorAdditionR1/R1_Error3_Toggle,0,0.0,,2228224,2025-08-11 17:13:04
1984,RobotSimForPA/ErrorAdditionR1/R1_Error3_Toggle,0,0.0,,2228224,2025-08-11 17:13:05
1985,RobotSimForPA/ErrorAdditionR1/R1_Error3_Toggle,0,0.0,,2228224,2025-08-11 17:13:06
1986,RobotSimForPA/ErrorAdditionR1/R1_Error3_Toggle,0,0.0,,2228224,2025-08-11 17:13:07
1987,RobotSimForPA/ErrorAdditionR1/R1_Error3_Toggle,0,0.0,,2228224,2025-08-11 17:13:08
1988,RobotSimForPA/ErrorAdditionR1/R1_Error3_Toggle,0,0.0,,2228224,2025-08-11 17:13:09
1989,RobotSimForPA/ErrorAdditionR1/R1_Error3_Toggle,0,0.0,,2228224,2025-08-11 17:13:10
1990,RobotSimForPA/ErrorAdditionR1/R1_Error3_Toggle,0,0.0,,2228224,2025-08-11 17:13:11
1991,RobotSimForPA/ErrorAdditionR1/R1_Error3_Toggle,0,0.0,,2228224,2025-08-11 17:13:12
1992,RobotSimForPA/ErrorAdditionR1/R1_Error3_Toggle,0,0.0,,2228224,2025-08-11 17:13:13
1993,RobotSimForPA/ErrorAdditionR1/R1_Error3_Toggle,0,0.0,,2228224,2025-08-11 17:13:14
1994,RobotSimForPA/ErrorAdditionR1/R1_Error3_Toggle,0,0.0,,2228224,2025-08-11 17:13:15
1995,RobotSimForPA/ErrorAdditionR1/R1_Error3_Toggle,0,0.0,,2228224,2025-08-11 17:13:16
1996,RobotSimForPA/ErrorAdditionR1/R1_Error3_Toggle,0,0.0,,2228224,2025-08-11 17:13:17
1997,RobotSimForPA/ErrorAdditionR1/R1_Error3_Toggle,0,0.0,,2228224,2025-08-11 17:13:18
1998,RobotSimForPA/ErrorAdditionR1/R1_Error3_Toggle,0,0.0,,2228224,2025-08-11 17:13:19
1999,RobotSimForPA/ErrorAdditionR1/R1_Error3_Toggle,0,0.0,,2228224,2025-08-11 17:13:20
2000,RobotSimForPA/ErrorAdditionR1/R1_Error3_Toggle,0,0.0,,2228224,2025-08-11 17:13:21
2001,RobotSimForPA/ErrorAdditionR1/R1_Error3_Toggle,0,0.0,,2228224,2025-08-11 17:13:22
2002,RobotSimForPA/ErrorAdditionR1/R1_Error3_Toggle,0,0.0,,2228224,2025-08-11 17:13:23
2003,RobotSimForPA/ErrorAdditionR1/R1_Error3_Toggle,0,0.0,,2228224,2025-08-11 17:13:24
2004,RobotSimForPA/ErrorAdditionR1/R1_Error3_Toggle,0,0.0,,2228224,2025-08-11 17:13:25
2005,RobotSimForPA/ErrorAdditionR1/R1_Error3_Toggle,0,0.0,,2228224,2025-08-11 17:13:26
2006,RobotSimForPA/ErrorAdditionR1/R1_Error3_Toggle,0,0.0,,2228224,2025-08-11 17:13:27
2007,RobotSimForPA/ErrorAdditionR1/R1_Error3_Toggle,0,0.0,,2228224,2025-08-11 17:13:28
2008,RobotSimForPA/ErrorAdditionR1/R1_Error3_Toggle,0,0.0,,2228224,2025-08-11 17:13:29
2009,RobotSimForPA/ErrorAdditionR1/R1_Error3_Toggle,0,0.0,,2228224,2025-08-11 17:13:30
2010,RobotSimForPA/ErrorAdditionR1/R1_Error3_Toggle,0,0.0,,2228224,2025-08-11 17:13:31
2011,RobotSimForPA/ErrorAdditionR1/R1_Error3_Toggle,0,0.0,,2228224,2025-08-11 17:13:32
2012,RobotSimForPA/ErrorAdditionR1/R1_Error3_Toggle,0,0.0,,2228224,2025-08-11 17:13:33
2013,RobotSimForPA/ErrorAdditionR1/R1_Error3_Toggle,0,0.0,,2228224,2025-08-11 17:13:34
2014,RobotSimForPA/ErrorAdditionR1/R1_Error3_Toggle,0,0.0,,2228224,2025-08-11 17:13:35
2015,RobotSimForPA/ErrorAdditionR1/R1_Error3_Toggle,0,0.0,,2228224,2025-08-11 17:13:36
2016,RobotSimForPA/ErrorAdditionR1/R1_Error3_Toggle,0,0.0,,2228224,2025-08-11 17:13:37
2017,RobotSimForPA/ErrorAdditionR1/R1_Error3_Toggle,0,0.0,,2228224,2025-08-11 17:13:38
2018,RobotSimForPA/ErrorAdditionR1/R1_Error3_Toggle,0,0.0,,2228224,2025-08-11 17:13:39
2019,RobotSimForPA/ErrorAdditionR1/R1_Error3_Toggle,0,0.0,,2228224,2025-08-11 17:13:40
2020,RobotSimForPA/ErrorAdditionR1/R1_Error3_Toggle,0,0.0,,2228224,2025-08-11 17:13:41
2021,RobotSimForPA/ErrorAdditionR1/R1_Error3_Toggle,0,0.0,,2228224,2025-08-11 17:13:42
2022,RobotSimForPA/ErrorAdditionR1/R1_Error3_Toggle,0,0.0,,2228224,2025-08-11 17:13:43
2023,RobotSimForPA/ErrorAdditionR1/R1_Error3_Toggle,0,0.0,,2228224,2025-08-11 17:13:44
2024,RobotSimForPA/ErrorAdditionR1/R1_Error3_Toggle,0,0.0,,2228224,2025-08-11 17:13:45
2025,RobotSimForPA/ErrorAdditionR1/R1_Error3_Toggle,0,0.0,,2228224,2025-08-11 17:13:46
2026,RobotSimForPA/ErrorAdditionR1/R1_Error3_Toggle,0,0.0,,2228224,2025-08-11 17:13:47
2027,RobotSimForPA/ErrorAdditionR1/R1_Error3_Toggle,0,0.0,,2228224,2025-08-11 17:13:48
2028,RobotSimForPA/ErrorAdditionR1/R1_Error3_Toggle,0,0.0,,2228224,2025-08-11 17:13:49
2029,RobotSimForPA/ErrorAdditionR1/R1_Error3_Toggle,0,0.0,,2228224,2025-08-11 17:13:50
2030,RobotSimForPA/ErrorAdditionR1/R1_Error3_Toggle,0,0.0,,2228224,2025-08-11 17:13:51
2031,RobotSimForPA/ErrorAdditionR1/R1_Error3_Toggle,0,0.0,,2228224,2025-08-11 17:13:52
2032,RobotSimForPA/ErrorAdditionR1/R1_Error3_Toggle,0,0.0,,2228224,2025-08-11 17:13:53
2033,RobotSimForPA/ErrorAdditionR1/R1_Error3_Toggle,0,0.0,,2228224,2025-08-11 17:13:54
2034,RobotSimForPA/ErrorAdditionR1/R1_Error3_Toggle,0,0.0,,2228224,2025-08-11 17:13:55
2035,RobotSimForPA/ErrorAdditionR1/R1_Error3_Toggle,0,0.0,,2228224,2025-08-11 17:13:56
2036,RobotSimForPA/ErrorAdditionR1/R1_Error3_Toggle,0,0.0,,2228224,2025-08-11 17:13:57
2037,RobotSimForPA/ErrorAdditionR1/R1_Error3_Toggle,0,0.0,,2228224,2025-08-11 17:13:58
2038,RobotSimForPA/ErrorAdditionR1/R1_Error3_Toggle,0,0.0,,2228224,2025-08-11 17:13:59
2039,RobotSimForPA/ErrorAdditionR1/R1_Error3_Toggle,0,0.0,,2228224,2025-08-11 17:14:00
2040,RobotSimForPA/ErrorAdditionR1/R1_Error3_Toggle,0,0.0,,2228224,2025-08-11 17:14:01
2041,RobotSimForPA/ErrorAdditionR1/R1_Error3_Toggle,0,0.0,,2228224,2025-08-11 17:14:02
2042,RobotSimForPA/ErrorAdditionR1/R1_Error3_Toggle,0,0.0,,2228224,2025-08-11 17:14:03
2043,RobotSimForPA/ErrorAdditionR1/R1_Error3_Toggle,0,0.0,,2228224,2025-08-11 17:14:04
2044,RobotSimForPA/ErrorAdditionR1/R1_Error3_Toggle,0,0.0,,2228224,2025-08-11 17:14:05
2045,RobotSimForPA/ErrorAdditionR1/R1_Error3_Toggle,0,0.0,,2228224,2025-08-11 17:14:06
2046,RobotSimForPA/ErrorAdditionR1/R1_Error3_Toggle,0,0.0,,2228224,2025-08-11 17:14:07
2047,RobotSimForPA/ErrorAdditionR1/R1_Error3_Toggle,0,0.0,,2228224,2025-08-11 17:14:08
2048,RobotSimForPA/ErrorAdditionR1/R1_Error3_Toggle,0,0.0,,2228224,2025-08-11 17:14:09
2049,RobotSimForPA/ErrorAdditionR1/R1_Error3_Toggle,0,0.0,,2228224,2025-08-11 17:14:10
2050,RobotSimForPA/ErrorAdditionR1/R1_Error3_Toggle,0,0.0,,2228224,2025-08-11 17:14:11
2051,RobotSimForPA/ErrorAdditionR1/R1_Error3_Toggle,0,0.0,,2228224,2025-08-11 17:14:12
2052,RobotSimForPA/ErrorAdditionR1/R1_Error3_Toggle,0,0.0,,2228224,2025-08-11 17:14:13
2053,RobotSimForPA/ErrorAdditionR1/R1_Error3_Toggle,0,0.0,,2228224,2025-08-11 17:14:14
2054,RobotSimForPA/ErrorAdditionR1/R1_Error3_Toggle,0,0.0,,2228224,2025-08-11 17:14:15
2055,RobotSimForPA/ErrorAdditionR1/R1_Error3_Toggle,0,0.0,,2228224,2025-08-11 17:14:16
2056,RobotSimForPA/ErrorAdditionR1/R1_Error3_Toggle,0,0.0,,2228224,2025-08-11 17:14:17
2057,RobotSimForPA/ErrorAdditionR1/R1_Error3_Toggle,0,0.0,,2228224,2025-08-11 17:14:18
2058,RobotSimForPA/ErrorAdditionR1/R1_Error3_Toggle,0,0.0,,2228224,2025-08-11 17:14:19
2059,RobotSimForPA/ErrorAdditionR1/R1_Error3_Toggle,0,0.0,,2228224,2025-08-11 17:14:20
2060,RobotSimForPA/ErrorAdditionR1/R1_Error3_Toggle,0,0.0,,2228224,2025-08-11 17:14:21
2061,RobotSimForPA/ErrorAdditionR1/R1_Error3_Toggle,0,0.0,,2228224,2025-08-11 17:14:22
2062,RobotSimForPA/ErrorAdditionR1/R1_Error3_Toggle,0,0.0,,2228224,2025-08-11 17:14:23
2063,RobotSimForPA/ErrorAdditionR1/R1_Error3_Toggle,0,0.0,,2228224,2025-08-11 17:14:24
2064,RobotSimForPA/ErrorAdditionR1/R1_Error3_Toggle,0,0.0,,2228224,2025-08-11 17:14:25
2065,RobotSimForPA/ErrorAdditionR1/R1_Error3_Toggle,0,0.0,,2228224,2025-08-11 17:14:26
2066,RobotSimForPA/ErrorAdditionR1/R1_Error3_Toggle,0,0.0,,2228224,2025-08-11 17:14:27
2067,RobotSimForPA/ErrorAdditionR1/R1_Error3_Toggle,0,0.0,,2228224,2025-08-11 17:14:28
2068,RobotSimForPA/ErrorAdditionR1/R1_Error3_Toggle,0,0.0,,2228224,2025-08-11 17:14:29
2069,RobotSimForPA/ErrorAdditionR1/R1_Error3_Toggle,0,0.0,,2228224,2025-08-11 17:14:30
2070,RobotSimForPA/ErrorAdditionR1/R1_Error3_Toggle,0,0.0,,2228224,2025-08-11 17:14:31
2071,RobotSimForPA/ErrorAdditionR1/R1_Error3_Toggle,0,0.0,,2228224,2025-08-11 17:14:32
2072,RobotSimForPA/ErrorAdditionR1/R1_Error3_Toggle,0,0.0,,2228224,2025-08-11 17:14:33
2073,RobotSimForPA/ErrorAdditionR1/R1_Error3_Toggle,0,0.0,,2228224,2025-08-11 17:14:34
2074,RobotSimForPA/ErrorAdditionR1/R1_Error3_Toggle,0,0.0,,2228224,2025-08-11 17:14:35
2075,RobotSimForPA/ErrorAdditionR1/R1_Error3_Toggle,0,0.0,,2228224,2025-08-11 17:14:36
2076,RobotSimForPA/ErrorAdditionR1/R1_Error3_Toggle,0,0.0,,2228224,2025-08-11 17:14:37
2077,RobotSimForPA/ErrorAdditionR1/R1_Error3_Toggle,0,0.0,,2228224,2025-08-11 17:14:38
2078,RobotSimForPA/ErrorAdditionR1/R1_Error3_Toggle,0,0.0,,2228224,2025-08-11 17:14:39
2079,RobotSimForPA/ErrorAdditionR1/R1_Error3_Toggle,0,0.0,,2228224,2025-08-11 17:14:40
2080,RobotSimForPA/ErrorAdditionR1/R1_Error3_Toggle,0,0.0,,2228224,2025-08-11 17:14:41
2081,RobotSimForPA/ErrorAdditionR1/R1_Error3_Toggle,0,0.0,,2228224,2025-08-11 17:14:42
2082,RobotSimForPA/ErrorAdditionR1/R1_Error3_Toggle,0,0.0,,2228224,2025-08-11 17:14:43
2083,RobotSimForPA/ErrorAdditionR1/R1_Error3_Toggle,0,0.0,,2228224,2025-08-11 17:14:44
2084,RobotSimForPA/ErrorAdditionR1/R1_Error3_Toggle,0,0.0,,2228224,2025-08-11 17:14:45
2085,RobotSimForPA/ErrorAdditionR1/R1_Error3_Toggle,0,0.0,,2228224,2025-08-11 17:14:46
2086,RobotSimForPA/ErrorAdditionR1/R1_Error3_Toggle,0,0.0,,2228224,2025-08-11 17:14:47
2087,RobotSimForPA/ErrorAdditionR1/R1_Error3_Toggle,0,0.0,,2228224,2025-08-11 17:14:48
2088,RobotSimForPA/ErrorAdditionR1/R1_Error3_Toggle,0,0.0,,2228224,2025-08-11 17:14:49
2089,RobotSimForPA/ErrorAdditionR1/R1_Error3_Toggle,0,0.0,,2228224,2025-08-11 17:14:50
2090,RobotSimForPA/ErrorAdditionR1/R1_Error3_Toggle,0,0.0,,2228224,2025-08-11 17:14:51
2091,RobotSimForPA/ErrorAdditionR1/R1_Error3_Toggle,0,0.0,,2228224,2025-08-11 17:14:52
2092,RobotSimForPA/ErrorAdditionR1/R1_Error3_Toggle,0,0.0,,2228224,2025-08-11 17:14:53
2093,RobotSimForPA/ErrorAdditionR1/R1_Error3_Toggle,0,0.0,,2228224,2025-08-11 17:14:54
2094,RobotSimForPA/ErrorAdditionR1/R1_Error3_Toggle,0,0.0,,2228224,2025-08-11 17:14:55
2095,RobotSimForPA/ErrorAdditionR1/R1_Error3_Toggle,0,0.0,,2228224,2025-08-11 17:14:56
2096,RobotSimForPA/ErrorAdditionR1/R1_Error3_Toggle,0,0.0,,2228224,2025-08-11 17:14:57
2097,RobotSimForPA/ErrorAdditionR1/R1_Error3_Toggle,0,0.0,,2228224,2025-08-11 17:14:58
2098,RobotSimForPA/ErrorAdditionR1/R1_Error3_Toggle,0,0.0,,2228224,2025-08-11 17:14:59
2099,RobotSimForPA/ErrorAdditionR1/R1_Error3_Toggle,0,0.0,,2228224,2025-08-11 17:15:00
2100,RobotSimForPA/ErrorAdditionR1/R1_Error3_Toggle,0,0.0,,2228224,2025-08-11 17:15:01
2101,RobotSimForPA/ErrorAdditionR1/R1_Error3_Toggle,0,0.0,,2228224,2025-08-11 17:15:02
2102,RobotSimForPA/ErrorAdditionR1/R1_Error3_Toggle,0,0.0,,2228224,2025-08-11 17:15:03
2103,RobotSimForPA/ErrorAdditionR1/R1_Error3_Toggle,0,0.0,,2228224,2025-08-11 17:15:04
2104,RobotSimForPA/ErrorAdditionR1/R1_Error3_Toggle,0,0.0,,2228224,2025-08-11 17:15:05
2105,RobotSimForPA/ErrorAdditionR1/R1_Error3_Toggle,0,0.0,,2228224,2025-08-11 17:15:06
2106,RobotSimForPA/ErrorAdditionR1/R1_Error3_Toggle,0,0.0,,2228224,2025-08-11 17:15:07
2107,RobotSimForPA/ErrorAdditionR1/R1_Error3_Toggle,0,0.0,,2228224,2025-08-11 17:15:08
2108,RobotSimForPA/ErrorAdditionR1/R1_Error3_Toggle,0,0.0,,2228224,2025-08-11 17:15:09
2109,RobotSimForPA/ErrorAdditionR1/R1_Error3_Toggle,0,0.0,,2228224,2025-08-11 17:15:10
2110,RobotSimForPA/ErrorAdditionR1/R1_Error3_Toggle,0,0.0,,2228224,2025-08-11 17:15:11
2111,RobotSimForPA/ErrorAdditionR1/R1_Error3_Toggle,0,0.0,,2228224,2025-08-11 17:15:12
2112,RobotSimForPA/ErrorAdditionR1/R1_Error3_Toggle,0,0.0,,2228224,2025-08-11 17:15:13
2113,RobotSimForPA/ErrorAdditionR1/R1_Error3_Toggle,0,0.0,,2228224,2025-08-11 17:15:14
2114,RobotSimForPA/ErrorAdditionR1/R1_Error3_Toggle,0,0.0,,2228224,2025-08-11 17:15:15
2115,RobotSimForPA/ErrorAdditionR1/R1_Error3_Toggle,0,0.0,,2228224,2025-08-11 17:15:16
2116,RobotSimForPA/ErrorAdditionR1/R1_Error3_Toggle,0,0.0,,2228224,2025-08-11 17:15:17
2117,RobotSimForPA/ErrorAdditionR1/R1_Error3_Toggle,0,0.0,,2228224,2025-08-11 17:15:18
2118,RobotSimForPA/ErrorAdditionR1/R1_Error3_Toggle,0,0.0,,2228224,2025-08-11 17:15:19
2119,RobotSimForPA/ErrorAdditionR1/R1_Error3_Toggle,0,0.0,,2228224,2025-08-11 17:15:20
2120,RobotSimForPA/ErrorAdditionR1/R1_Error3_Toggle,0,0.0,,2228224,2025-08-11 17:15:21
2121,RobotSimForPA/ErrorAdditionR1/R1_Error3_Toggle,0,0.0,,2228224,2025-08-11 17:15:22
2122,RobotSimForPA/ErrorAdditionR1/R1_Error3_Toggle,0,0.0,,2228224,2025-08-11 17:15:23
2123,RobotSimForPA/ErrorAdditionR1/R1_Error3_Toggle,0,0.0,,2228224,2025-08-11 17:15:24
2124,RobotSimForPA/ErrorAdditionR1/R1_Error3_Toggle,0,0.0,,2228224,2025-08-11 17:15:25
2125,RobotSimForPA/ErrorAdditionR1/R1_Error3_Toggle,0,0.0,,2228224,2025-08-11 17:15:26
2126,RobotSimForPA/ErrorAdditionR1/R1_Error3_Toggle,0,0.0,,2228224,2025-08-11 17:15:27
2127,RobotSimForPA/ErrorAdditionR1/R1_Error3_Toggle,0,0.0,,2228224,2025-08-11 17:15:28
2128,RobotSimForPA/ErrorAdditionR1/R1_Error3_Toggle,0,0.0,,2228224,2025-08-11 17:15:29
2129,RobotSimForPA/ErrorAdditionR1/R1_Error3_Toggle,0,0.0,,2228224,2025-08-11 17:15:30
2130,RobotSimForPA/ErrorAdditionR1/R1_Error3_Toggle,0,0.0,,2228224,2025-08-11 17:15:31
2131,RobotSimForPA/ErrorAdditionR1/R1_Error3_Toggle,0,0.0,,2228224,2025-08-11 17:15:32
2132,RobotSimForPA/ErrorAdditionR1/R1_Error3_Toggle,0,0.0,,2228224,2025-08-11 17:15:33
2133,RobotSimForPA/ErrorAdditionR1/R1_Error3_Toggle,0,0.0,,2228224,2025-08-11 17:15:34
2134,RobotSimForPA/ErrorAdditionR1/R1_Error3_Toggle,0,0.0,,2228224,2025-08-11 17:15:35
2135,RobotSimForPA/ErrorAdditionR1/R1_Error3_Toggle,0,0.0,,2228224,2025-08-11 17:15:36
2136,RobotSimForPA/ErrorAdditionR1/R1_Error3_Toggle,0,0.0,,2228224,2025-08-11 17:15:37
2137,RobotSimForPA/ErrorAdditionR1/R1_Error3_Toggle,0,0.0,,2228224,2025-08-11 17:15:38
2138,RobotSimForPA/ErrorAdditionR1/R1_Error3_Toggle,0,0.0,,2228224,2025-08-11 17:15:39
2139,RobotSimForPA/ErrorAdditionR1/R1_Error3_Toggle,0,0.0,,2228224,2025-08-11 17:15:40
2140,RobotSimForPA/ErrorAdditionR1/R1_Error3_Toggle,0,0.0,,2228224,2025-08-11 17:15:41
2141,RobotSimForPA/ErrorAdditionR1/R1_Error3_Toggle,0,0.0,,2228224,2025-08-11 17:15:42
2142,RobotSimForPA/ErrorAdditionR1/R1_Error3_Toggle,0,0.0,,2228224,2025-08-11 17:15:43
2143,RobotSimForPA/ErrorAdditionR1/R1_Error3_Toggle,0,0.0,,2228224,2025-08-11 17:15:44
2144,RobotSimForPA/ErrorAdditionR1/R1_Error3_Toggle,0,0.0,,2228224,2025-08-11 17:15:45
2145,RobotSimForPA/ErrorAdditionR1/R1_Error3_Toggle,0,0.0,,2228224,2025-08-11 17:15:46
2146,RobotSimForPA/ErrorAdditionR1/R1_Error3_Toggle,0,0.0,,2228224,2025-08-11 17:15:47
2147,RobotSimForPA/ErrorAdditionR1/R1_Error3_Toggle,0,0.0,,2228224,2025-08-11 17:15:48
2148,RobotSimForPA/ErrorAdditionR1/R1_Error3_Toggle,0,0.0,,2228224,2025-08-11 17:15:49
2149,RobotSimForPA/ErrorAdditionR1/R1_Error3_Toggle,0,0.0,,2228224,2025-08-11 17:15:50
2150,RobotSimForPA/ErrorAdditionR1/R1_Error3_Toggle,0,0.0,,2228224,2025-08-11 17:15:51
2151,RobotSimForPA/ErrorAdditionR1/R1_Error3_Toggle,0,0.0,,2228224,2025-08-11 17:15:52
2152,RobotSimForPA/ErrorAdditionR1/R1_Error3_Toggle,0,0.0,,2228224,2025-08-11 17:15:53
2153,RobotSimForPA/ErrorAdditionR1/R1_Error3_Toggle,0,0.0,,2228224,2025-08-11 17:15:54
2154,RobotSimForPA/ErrorAdditionR1/R1_Error3_Toggle,0,0.0,,2228224,2025-08-11 17:15:55
2155,RobotSimForPA/ErrorAdditionR1/R1_Error3_Toggle,0,0.0,,2228224,2025-08-11 17:15:56
2156,RobotSimForPA/ErrorAdditionR1/R1_Error3_Toggle,0,0.0,,2228224,2025-08-11 17:15:57
2157,RobotSimForPA/ErrorAdditionR1/R1_Error3_Toggle,0,0.0,,2228224,2025-08-11 17:15:58
2158,RobotSimForPA/ErrorAdditionR1/R1_Error3_Toggle,0,0.0,,2228224,2025-08-11 17:15:59
2159,RobotSimForPA/ErrorAdditionR1/R1_Error3_Toggle,0,0.0,,2228224,2025-08-11 17:16:00
2160,RobotSimForPA/ErrorAdditionR1/R1_Error3_Toggle,0,0.0,,2228224,2025-08-11 17:16:01
2161,RobotSimForPA/ErrorAdditionR1/R1_Error3_Toggle,0,0.0,,2228224,2025-08-11 17:16:02
2162,RobotSimForPA/ErrorAdditionR1/R1_Error3_Toggle,0,0.0,,2228224,2025-08-11 17:16:03
2163,RobotSimForPA/ErrorAdditionR1/R1_Error3_Toggle,0,0.0,,2228224,2025-08-11 17:16:04
2164,RobotSimForPA/ErrorAdditionR1/R1_Error3_Toggle,0,0.0,,2228224,2025-08-11 17:16:05
2165,RobotSimForPA/ErrorAdditionR1/R1_Error3_Toggle,0,0.0,,2228224,2025-08-11 17:16:06
2166,RobotSimForPA/ErrorAdditionR1/R1_Error3_Toggle,0,0.0,,2228224,2025-08-11 17:16:07
2167,RobotSimForPA/ErrorAdditionR1/R1_Error3_Toggle,0,0.0,,2228224,2025-08-11 17:16:08
2168,RobotSimForPA/ErrorAdditionR1/R1_Error3_Toggle,0,0.0,,2228224,2025-08-11 17:16:09
2169,RobotSimForPA/ErrorAdditionR1/R1_Error3_Toggle,0,0.0,,2228224,2025-08-11 17:16:10
2170,RobotSimForPA/ErrorAdditionR1/R1_Error3_Toggle,0,0.0,,2228224,2025-08-11 17:16:11
2171,RobotSimForPA/ErrorAdditionR1/R1_Error3_Toggle,0,0.0,,2228224,2025-08-11 17:16:12
2172,RobotSimForPA/ErrorAdditionR1/R1_Error3_Toggle,0,0.0,,2228224,2025-08-11 17:16:13
2173,RobotSimForPA/ErrorAdditionR1/R1_Error3_Toggle,0,0.0,,2228224,2025-08-11 17:16:14
2174,RobotSimForPA/ErrorAdditionR1/R1_Error3_Toggle,0,0.0,,2228224,2025-08-11 17:16:15
2175,RobotSimForPA/ErrorAdditionR1/R1_Error3_Toggle,0,0.0,,2228224,2025-08-11 17:16:16
2176,RobotSimForPA/ErrorAdditionR1/R1_Error3_Toggle,0,0.0,,2228224,2025-08-11 17:16:17
2177,RobotSimForPA/ErrorAdditionR1/R1_Error3_Toggle,0,0.0,,2228224,2025-08-11 17:16:18
2178,RobotSimForPA/ErrorAdditionR1/R1_Error3_Toggle,0,0.0,,2228224,2025-08-11 17:16:19
2179,RobotSimForPA/ErrorAdditionR1/R1_Error3_Toggle,0,0.0,,2228224,2025-08-11 17:16:20
2180,RobotSimForPA/ErrorAdditionR1/R1_Error3_Toggle,0,0.0,,2228224,2025-08-11 17:16:21
2181,RobotSimForPA/ErrorAdditionR1/R1_Error3_Toggle,0,0.0,,2228224,2025-08-11 17:16:22
2182,RobotSimForPA/ErrorAdditionR1/R1_Error3_Toggle,0,0.0,,2228224,2025-08-11 17:16:23
2183,RobotSimForPA/ErrorAdditionR1/R1_Error3_Toggle,0,0.0,,2228224,2025-08-11 17:16:24
2184,RobotSimForPA/ErrorAdditionR1/R1_Error3_Toggle,0,0.0,,2228224,2025-08-11 17:16:25
2185,RobotSimForPA/ErrorAdditionR1/R1_Error3_Toggle,0,0.0,,2228224,2025-08-11 17:16:26
2186,RobotSimForPA/ErrorAdditionR1/R1_Error3_Toggle,0,0.0,,2228224,2025-08-11 17:16:27
2187,RobotSimForPA/ErrorAdditionR1/R1_Error3_Toggle,0,0.0,,2228224,2025-08-11 17:16:28
2188,RobotSimForPA/ErrorAdditionR1/R1_Error3_Toggle,0,0.0,,2228224,2025-08-11 17:16:29
2189,RobotSimForPA/ErrorAdditionR1/R1_Error3_Toggle,0,0.0,,2228224,2025-08-11 17:16:30
2190,RobotSimForPA/ErrorAdditionR1/R1_Error3_Toggle,0,0.0,,2228224,2025-08-11 17:16:31
2191,RobotSimForPA/ErrorAdditionR1/R1_Error3_Toggle,0,0.0,,2228224,2025-08-11 17:16:32
2192,RobotSimForPA/ErrorAdditionR1/R1_Error3_Toggle,0,0.0,,2228224,2025-08-11 17:16:33
2193,RobotSimForPA/ErrorAdditionR1/R1_Error3_Toggle,0,0.0,,2228224,2025-08-11 17:16:34
2194,RobotSimForPA/ErrorAdditionR1/R1_Error3_Toggle,0,0.0,,2228224,2025-08-11 17:16:35
2195,RobotSimForPA/ErrorAdditionR1/R1_Error3_Toggle,0,0.0,,2228224,2025-08-11 17:16:36
2196,RobotSimForPA/ErrorAdditionR1/R1_Error3_Toggle,0,0.0,,2228224,2025-08-11 17:16:37
2197,RobotSimForPA/ErrorAdditionR1/R1_Error3_Toggle,0,0.0,,2228224,2025-08-11 17:16:38
2198,RobotSimForPA/ErrorAdditionR1/R1_Error3_Toggle,0,0.0,,2228224,2025-08-11 17:16:39
2199,RobotSimForPA/ErrorAdditionR1/R1_Error3_Toggle,0,0.0,,2228224,2025-08-11 17:16:40
2200,RobotSimForPA/ErrorAdditionR1/R1_Error3_Toggle,0,0.0,,2228224,2025-08-11 17:16:41
2201,RobotSimForPA/ErrorAdditionR1/R1_Error3_Toggle,0,0.0,,2228224,2025-08-11 17:16:42
2202,RobotSimForPA/ErrorAdditionR1/R1_Error3_Toggle,0,0.0,,2228224,2025-08-11 17:16:43
2203,RobotSimForPA/ErrorAdditionR1/R1_Error3_Toggle,0,0.0,,2228224,2025-08-11 17:16:44
2204,RobotSimForPA/ErrorAdditionR1/R1_Error3_Toggle,0,0.0,,2228224,2025-08-11 17:16:45
2205,RobotSimForPA/ErrorAdditionR1/R1_Error3_Toggle,0,0.0,,2228224,2025-08-11 17:16:46
2206,RobotSimForPA/ErrorAdditionR1/R1_Error3_Toggle,0,0.0,,2228224,2025-08-11 17:16:47
2207,RobotSimForPA/ErrorAdditionR1/R1_Error3_Toggle,0,0.0,,2228224,2025-08-11 17:16:48
2208,RobotSimForPA/ErrorAdditionR1/R1_Error3_Toggle,0,0.0,,2228224,2025-08-11 17:16:49
2209,RobotSimForPA/ErrorAdditionR1/R1_Error3_Toggle,0,0.0,,2228224,2025-08-11 17:16:50
2210,RobotSimForPA/ErrorAdditionR1/R1_Error3_Toggle,0,0.0,,2228224,2025-08-11 17:16:51
2211,RobotSimForPA/ErrorAdditionR1/R1_Error3_Toggle,0,0.0,,2228224,2025-08-11 17:16:52
2212,RobotSimForPA/ErrorAdditionR1/R1_Error3_Toggle,0,0.0,,2228224,2025-08-11 17:16:53
2213,RobotSimForPA/ErrorAdditionR1/R1_Error3_Toggle,0,0.0,,2228224,2025-08-11 17:16:54
2214,RobotSimForPA/ErrorAdditionR1/R1_Error3_Toggle,0,0.0,,2228224,2025-08-11 17:16:55
2215,RobotSimForPA/ErrorAdditionR1/R1_Error3_Toggle,0,0.0,,2228224,2025-08-11 17:16:56
2216,RobotSimForPA/ErrorAdditionR1/R1_Error3_Toggle,0,0.0,,2228224,2025-08-11 17:16:57
2217,RobotSimForPA/ErrorAdditionR1/R1_Error3_Toggle,0,0.0,,2228224,2025-08-11 17:16:58
2218,RobotSimForPA/ErrorAdditionR1/R1_Error3_Toggle,0,0.0,,2228224,2025-08-11 17:16:59
2219,RobotSimForPA/ErrorAdditionR1/R1_Error3_Toggle,0,0.0,,2228224,2025-08-11 17:17:00
2220,RobotSimForPA/ErrorAdditionR1/R1_Error3_Toggle,0,0.0,,2228224,2025-08-11 17:17:01
2221,RobotSimForPA/ErrorAdditionR1/R1_Error3_Toggle,0,0.0,,2228224,2025-08-11 17:17:02
2222,RobotSimForPA/ErrorAdditionR1/R1_Error3_Toggle,0,0.0,,2228224,2025-08-11 17:17:03
2223,RobotSimForPA/ErrorAdditionR1/R1_Error3_Toggle,0,0.0,,2228224,2025-08-11 17:17:04
2224,RobotSimForPA/ErrorAdditionR1/R1_Error3_Toggle,0,0.0,,2228224,2025-08-11 17:17:05
2225,RobotSimForPA/ErrorAdditionR1/R1_Error3_Toggle,0,0.0,,2228224,2025-08-11 17:17:06
2226,RobotSimForPA/ErrorAdditionR1/R1_Error3_Toggle,0,0.0,,2228224,2025-08-11 17:17:07
2227,RobotSimForPA/ErrorAdditionR1/R1_Error3_Toggle,0,0.0,,2228224,2025-08-11 17:17:08
2228,RobotSimForPA/ErrorAdditionR1/R1_Error3_Toggle,0,0.0,,2228224,2025-08-11 17:17:09
2229,RobotSimForPA/ErrorAdditionR1/R1_Error3_Toggle,0,0.0,,2228224,2025-08-11 17:17:10
2230,RobotSimForPA/ErrorAdditionR1/R1_Error3_Toggle,0,0.0,,2228224,2025-08-11 17:17:11
2231,RobotSimForPA/ErrorAdditionR1/R1_Error3_Toggle,0,0.0,,2228224,2025-08-11 17:17:12
2232,RobotSimForPA/ErrorAdditionR1/R1_Error3_Toggle,0,0.0,,2228224,2025-08-11 17:17:13
2233,RobotSimForPA/ErrorAdditionR1/R1_Error3_Toggle,0,0.0,,2228224,2025-08-11 17:17:14
2234,RobotSimForPA/ErrorAdditionR1/R1_Error3_Toggle,0,0.0,,2228224,2025-08-11 17:17:15
2235,RobotSimForPA/ErrorAdditionR1/R1_Error3_Toggle,0,0.0,,2228224,2025-08-11 17:17:16
2236,RobotSimForPA/ErrorAdditionR1/R1_Error3_Toggle,0,0.0,,2228224,2025-08-11 17:17:17
2237,RobotSimForPA/ErrorAdditionR1/R1_Error3_Toggle,0,0.0,,2228224,2025-08-11 17:17:18
2238,RobotSimForPA/ErrorAdditionR1/R1_Error3_Toggle,0,0.0,,2228224,2025-08-11 17:17:19
2239,RobotSimForPA/ErrorAdditionR1/R1_Error3_Toggle,0,0.0,,2228224,2025-08-11 17:17:20
2240,RobotSimForPA/ErrorAdditionR1/R1_Error3_Toggle,0,0.0,,2228224,2025-08-11 17:17:21
2241,RobotSimForPA/ErrorAdditionR1/R1_Error3_Toggle,0,0.0,,2228224,2025-08-11 17:17:22
2242,RobotSimForPA/ErrorAdditionR1/R1_Error3_Toggle,0,0.0,,2228224,2025-08-11 17:17:23
2243,RobotSimForPA/ErrorAdditionR1/R1_Error3_Toggle,0,0.0,,2228224,2025-08-11 17:17:24
2244,RobotSimForPA/ErrorAdditionR1/R1_Error3_Toggle,0,0.0,,2228224,2025-08-11 17:17:25
2245,RobotSimForPA/ErrorAdditionR1/R1_Error3_Toggle,0,0.0,,2228224,2025-08-11 17:17:26
2246,RobotSimForPA/ErrorAdditionR1/R1_Error3_Toggle,0,0.0,,2228224,2025-08-11 17:17:27
2247,RobotSimForPA/ErrorAdditionR1/R1_Error3_Toggle,0,0.0,,2228224,2025-08-11 17:17:28
2248,RobotSimForPA/ErrorAdditionR1/R1_Error3_Toggle,0,0.0,,2228224,2025-08-11 17:17:29
2249,RobotSimForPA/ErrorAdditionR1/R1_Error3_Toggle,0,0.0,,2228224,2025-08-11 17:17:30
2250,RobotSimForPA/ErrorAdditionR1/R1_Error3_Toggle,0,0.0,,2228224,2025-08-11 17:17:31
2251,RobotSimForPA/ErrorAdditionR1/R1_Error3_Toggle,0,0.0,,2228224,2025-08-11 17:17:32
2252,RobotSimForPA/ErrorAdditionR1/R1_Error3_Toggle,0,0.0,,2228224,2025-08-11 17:17:33
2253,RobotSimForPA/ErrorAdditionR1/R1_Error3_Toggle,0,0.0,,2228224,2025-08-11 17:17:34
2254,RobotSimForPA/ErrorAdditionR1/R1_Error3_Toggle,0,0.0,,2228224,2025-08-11 17:17:35
2255,RobotSimForPA/ErrorAdditionR1/R1_Error3_Toggle,0,0.0,,2228224,2025-08-11 17:17:36
2256,RobotSimForPA/ErrorAdditionR1/R1_Error3_Toggle,0,0.0,,2228224,2025-08-11 17:17:37
2257,RobotSimForPA/ErrorAdditionR1/R1_Error3_Toggle,0,0.0,,2228224,2025-08-11 17:17:38
2258,RobotSimForPA/ErrorAdditionR1/R1_Error3_Toggle,0,0.0,,2228224,2025-08-11 17:17:39
2259,RobotSimForPA/ErrorAdditionR1/R1_Error3_Toggle,0,0.0,,2228224,2025-08-11 17:17:40
2260,RobotSimForPA/ErrorAdditionR1/R1_Error3_Toggle,0,0.0,,2228224,2025-08-11 17:17:41
2261,RobotSimForPA/ErrorAdditionR1/R1_Error3_Toggle,0,0.0,,2228224,2025-08-11 17:17:42
2262,RobotSimForPA/ErrorAdditionR1/R1_Error3_Toggle,0,0.0,,2228224,2025-08-11 17:17:43
2263,RobotSimForPA/ErrorAdditionR1/R1_Error3_Toggle,0,0.0,,2228224,2025-08-11 17:17:44
2264,RobotSimForPA/ErrorAdditionR1/R1_Error3_Toggle,0,0.0,,2228224,2025-08-11 17:17:45
2265,RobotSimForPA/ErrorAdditionR1/R1_Error3_Toggle,0,0.0,,2228224,2025-08-11 17:17:46
2266,RobotSimForPA/ErrorAdditionR1/R1_Error3_Toggle,0,0.0,,2228224,2025-08-11 17:17:47
2267,RobotSimForPA/ErrorAdditionR1/R1_Error3_Toggle,0,0.0,,2228224,2025-08-11 17:17:48
2268,RobotSimForPA/ErrorAdditionR1/R1_Error3_Toggle,0,0.0,,2228224,2025-08-11 17:17:49
2269,RobotSimForPA/ErrorAdditionR1/R1_Error3_Toggle,0,0.0,,2228224,2025-08-11 17:17:50
2270,RobotSimForPA/ErrorAdditionR1/R1_Error3_Toggle,0,0.0,,2228224,2025-08-11 17:17:51
2271,RobotSimForPA/ErrorAdditionR1/R1_Error3_Toggle,0,0.0,,2228224,2025-08-11 17:17:52
2272,RobotSimForPA/ErrorAdditionR1/R1_Error3_Toggle,0,0.0,,2228224,2025-08-11 17:17:53
2273,RobotSimForPA/ErrorAdditionR1/R1_Error3_Toggle,0,0.0,,2228224,2025-08-11 17:17:54
2274,RobotSimForPA/ErrorAdditionR1/R1_Error3_Toggle,0,0.0,,2228224,2025-08-11 17:17:55
2275,RobotSimForPA/ErrorAdditionR1/R1_Error3_Toggle,0,0.0,,2228224,2025-08-11 17:17:56
2276,RobotSimForPA/ErrorAdditionR1/R1_Error3_Toggle,0,0.0,,2228224,2025-08-11 17:17:57
2277,RobotSimForPA/ErrorAdditionR1/R1_Error3_Toggle,0,0.0,,2228224,2025-08-11 17:17:58
2278,RobotSimForPA/ErrorAdditionR1/R1_Error3_Toggle,0,0.0,,2228224,2025-08-11 17:17:59
2279,RobotSimForPA/ErrorAdditionR1/R1_Error3_Toggle,0,0.0,,2228224,2025-08-11 17:18:00
2280,RobotSimForPA/ErrorAdditionR1/R1_Error3_Toggle,0,0.0,,2228224,2025-08-11 17:18:01
2281,RobotSimForPA/ErrorAdditionR1/R1_Error3_Toggle,0,0.0,,2228224,2025-08-11 17:18:02
2282,RobotSimForPA/ErrorAdditionR1/R1_Error3_Toggle,0,0.0,,2228224,2025-08-11 17:18:03
2283,RobotSimForPA/ErrorAdditionR1/R1_Error3_Toggle,0,0.0,,2228224,2025-08-11 17:18:04
2284,RobotSimForPA/ErrorAdditionR1/R1_Error3_Toggle,0,0.0,,2228224,2025-08-11 17:18:05
2285,RobotSimForPA/ErrorAdditionR1/R1_Error3_Toggle,0,0.0,,2228224,2025-08-11 17:18:06
2286,RobotSimForPA/ErrorAdditionR1/R1_Error3_Toggle,0,0.0,,2228224,2025-08-11 17:18:07
2287,RobotSimForPA/ErrorAdditionR1/R1_Error3_Toggle,0,0.0,,2228224,2025-08-11 17:18:08
2288,RobotSimForPA/ErrorAdditionR1/R1_Error3_Toggle,0,0.0,,2228224,2025-08-11 17:18:09
2289,RobotSimForPA/ErrorAdditionR1/R1_Error3_Toggle,0,0.0,,2228224,2025-08-11 17:18:10
2290,RobotSimForPA/ErrorAdditionR1/R1_Error3_Toggle,0,0.0,,2228224,2025-08-11 17:18:11
2291,RobotSimForPA/ErrorAdditionR1/R1_Error3_Toggle,0,0.0,,2228224,2025-08-11 17:18:12
2292,RobotSimForPA/ErrorAdditionR1/R1_Error3_Toggle,0,0.0,,2228224,2025-08-11 17:18:13
2293,RobotSimForPA/ErrorAdditionR1/R1_Error3_Toggle,0,0.0,,2228224,2025-08-11 17:18:14
2294,RobotSimForPA/ErrorAdditionR1/R1_Error3_Toggle,0,0.0,,2228224,2025-08-11 17:18:15
2295,RobotSimForPA/ErrorAdditionR1/R1_Error3_Toggle,0,0.0,,2228224,2025-08-11 17:18:16
2296,RobotSimForPA/ErrorAdditionR1/R1_Error3_Toggle,0,0.0,,2228224,2025-08-11 17:18:17
2297,RobotSimForPA/ErrorAdditionR1/R1_Error3_Toggle,0,0.0,,2228224,2025-08-11 17:18:18
2298,RobotSimForPA/ErrorAdditionR1/R1_Error3_Toggle,0,0.0,,2228224,2025-08-11 17:18:19
2299,RobotSimForPA/ErrorAdditionR1/R1_Error3_Toggle,0,0.0,,2228224,2025-08-11 17:18:20
2300,RobotSimForPA/ErrorAdditionR1/R1_Error3_Toggle,0,0.0,,2228224,2025-08-11 17:18:21
2301,RobotSimForPA/ErrorAdditionR1/R1_Error3_Toggle,0,0.0,,2228224,2025-08-11 17:18:22
2302,RobotSimForPA/ErrorAdditionR1/R1_Error3_Toggle,0,0.0,,2228224,2025-08-11 17:18:23
2303,RobotSimForPA/ErrorAdditionR1/R1_Error3_Toggle,0,0.0,,2228224,2025-08-11 17:18:24
2304,RobotSimForPA/ErrorAdditionR1/R1_Error3_Toggle,0,0.0,,2228224,2025-08-11 17:18:25
2305,RobotSimForPA/ErrorAdditionR1/R1_Error3_Toggle,0,0.0,,2228224,2025-08-11 17:18:26
2306,RobotSimForPA/ErrorAdditionR1/R1_Error3_Toggle,0,0.0,,2228224,2025-08-11 17:18:27
2307,RobotSimForPA/ErrorAdditionR1/R1_Error3_Toggle,0,0.0,,2228224,2025-08-11 17:18:28
2308,RobotSimForPA/ErrorAdditionR1/R1_Error3_Toggle,0,0.0,,2228224,2025-08-11 17:18:29
2309,RobotSimForPA/ErrorAdditionR1/R1_Error3_Toggle,0,0.0,,2228224,2025-08-11 17:18:30
2310,RobotSimForPA/ErrorAdditionR1/R1_Error3_Toggle,0,0.0,,2228224,2025-08-11 17:18:31
2311,RobotSimForPA/ErrorAdditionR1/R1_Error3_Toggle,0,0.0,,2228224,2025-08-11 17:18:32
2312,RobotSimForPA/ErrorAdditionR1/R1_Error3_Toggle,0,0.0,,2228224,2025-08-11 17:18:33
2313,RobotSimForPA/ErrorAdditionR1/R1_Error3_Toggle,0,0.0,,2228224,2025-08-11 17:18:34
2314,RobotSimForPA/ErrorAdditionR1/R1_Error3_Toggle,0,0.0,,2228224,2025-08-11 17:18:35
2315,RobotSimForPA/ErrorAdditionR1/R1_Error3_Toggle,0,0.0,,2228224,2025-08-11 17:18:36
2316,RobotSimForPA/ErrorAdditionR1/R1_Error3_Toggle,0,0.0,,2228224,2025-08-11 17:18:37
2317,RobotSimForPA/ErrorAdditionR1/R1_Error3_Toggle,0,0.0,,2228224,2025-08-11 17:18:38
2318,RobotSimForPA/ErrorAdditionR1/R1_Error3_Toggle,0,0.0,,2228224,2025-08-11 17:18:39
2319,RobotSimForPA/ErrorAdditionR1/R1_Error3_Toggle,0,0.0,,2228224,2025-08-11 17:18:40
2320,RobotSimForPA/ErrorAdditionR1/R1_Error3_Toggle,0,0.0,,2228224,2025-08-11 17:18:41
2321,RobotSimForPA/ErrorAdditionR1/R1_Error3_Toggle,0,0.0,,2228224,2025-08-11 17:18:42
2322,RobotSimForPA/ErrorAdditionR1/R1_Error3_Toggle,0,0.0,,2228224,2025-08-11 17:18:43
2323,RobotSimForPA/ErrorAdditionR1/R1_Error3_Toggle,0,0.0,,2228224,2025-08-11 17:18:44
2324,RobotSimForPA/ErrorAdditionR1/R1_Error3_Toggle,0,0.0,,2228224,2025-08-11 17:18:45
2325,RobotSimForPA/ErrorAdditionR1/R1_Error3_Toggle,0,0.0,,2228224,2025-08-11 17:18:46
2326,RobotSimForPA/ErrorAdditionR1/R1_Error3_Toggle,0,0.0,,2228224,2025-08-11 17:18:47
2327,RobotSimForPA/ErrorAdditionR1/R1_Error3_Toggle,0,0.0,,2228224,2025-08-11 17:18:48
2328,RobotSimForPA/ErrorAdditionR1/R1_Error3_Toggle,0,0.0,,2228224,2025-08-11 17:18:49
2329,RobotSimForPA/ErrorAdditionR1/R1_Error3_Toggle,0,0.0,,2228224,2025-08-11 17:18:50
2330,RobotSimForPA/ErrorAdditionR1/R1_Error3_Toggle,0,0.0,,2228224,2025-08-11 17:18:51
2331,RobotSimForPA/ErrorAdditionR1/R1_Error3_Toggle,0,0.0,,2228224,2025-08-11 17:18:52
2332,RobotSimForPA/ErrorAdditionR1/R1_Error3_Toggle,0,0.0,,2228224,2025-08-11 17:18:53
2333,RobotSimForPA/ErrorAdditionR1/R1_Error3_Toggle,0,0.0,,2228224,2025-08-11 17:18:54
2334,RobotSimForPA/ErrorAdditionR1/R1_Error3_Toggle,0,0.0,,2228224,2025-08-11 17:18:55
2335,RobotSimForPA/ErrorAdditionR1/R1_Error3_Toggle,0,0.0,,2228224,2025-08-11 17:18:56
2336,RobotSimForPA/ErrorAdditionR1/R1_Error3_Toggle,0,0.0,,2228224,2025-08-11 17:18:57
2337,RobotSimForPA/ErrorAdditionR1/R1_Error3_Toggle,0,0.0,,2228224,2025-08-11 17:18:58
2338,RobotSimForPA/ErrorAdditionR1/R1_Error3_Toggle,0,0.0,,2228224,2025-08-11 17:18:59
2339,RobotSimForPA/ErrorAdditionR1/R1_Error3_Toggle,0,0.0,,2228224,2025-08-11 17:19:00
2340,RobotSimForPA/ErrorAdditionR1/R1_Error3_Toggle,0,0.0,,2228224,2025-08-11 17:19:01
2341,RobotSimForPA/ErrorAdditionR1/R1_Error3_Toggle,0,0.0,,2228224,2025-08-11 17:19:02
2342,RobotSimForPA/ErrorAdditionR1/R1_Error3_Toggle,0,0.0,,2228224,2025-08-11 17:19:03
2343,RobotSimForPA/ErrorAdditionR1/R1_Error3_Toggle,0,0.0,,2228224,2025-08-11 17:19:04
2344,RobotSimForPA/ErrorAdditionR1/R1_Error3_Toggle,0,0.0,,2228224,2025-08-11 17:19:05
2345,RobotSimForPA/ErrorAdditionR1/R1_Error3_Toggle,0,0.0,,2228224,2025-08-11 17:19:06
2346,RobotSimForPA/ErrorAdditionR1/R1_Error3_Toggle,0,0.0,,2228224,2025-08-11 17:19:07
2347,RobotSimForPA/ErrorAdditionR1/R1_Error3_Toggle,0,0.0,,2228224,2025-08-11 17:19:08
2348,RobotSimForPA/ErrorAdditionR1/R1_Error3_Toggle,0,0.0,,2228224,2025-08-11 17:19:09
2349,RobotSimForPA/ErrorAdditionR1/R1_Error3_Toggle,0,0.0,,2228224,2025-08-11 17:19:10
2350,RobotSimForPA/ErrorAdditionR1/R1_Error3_Toggle,0,0.0,,2228224,2025-08-11 17:19:11
2351,RobotSimForPA/ErrorAdditionR1/R1_Error3_Toggle,0,0.0,,2228224,2025-08-11 17:19:12
2352,RobotSimForPA/ErrorAdditionR1/R1_Error3_Toggle,0,0.0,,2228224,2025-08-11 17:19:13
2353,RobotSimForPA/ErrorAdditionR1/R1_Error3_Toggle,0,0.0,,2228224,2025-08-11 17:19:14
2354,RobotSimForPA/ErrorAdditionR1/R1_Error3_Toggle,0,0.0,,2228224,2025-08-11 17:19:15
2355,RobotSimForPA/ErrorAdditionR1/R1_Error3_Toggle,0,0.0,,2228224,2025-08-11 17:19:16
2356,RobotSimForPA/ErrorAdditionR1/R1_Error3_Toggle,0,0.0,,2228224,2025-08-11 17:19:17
2357,RobotSimForPA/ErrorAdditionR1/R1_Error3_Toggle,0,0.0,,2228224,2025-08-11 17:19:18
2358,RobotSimForPA/ErrorAdditionR1/R1_Error3_Toggle,0,0.0,,2228224,2025-08-11 17:19:19
2359,RobotSimForPA/ErrorAdditionR1/R1_Error3_Toggle,0,0.0,,2228224,2025-08-11 17:19:20
2360,RobotSimForPA/ErrorAdditionR1/R1_Error3_Toggle,0,0.0,,2228224,2025-08-11 17:19:21
2361,RobotSimForPA/ErrorAdditionR1/R1_Error3_Toggle,0,0.0,,2228224,2025-08-11 17:19:22
2362,RobotSimForPA/ErrorAdditionR1/R1_Error3_Toggle,0,0.0,,2228224,2025-08-11 17:19:23
2363,RobotSimForPA/ErrorAdditionR1/R1_Error3_Toggle,0,0.0,,2228224,2025-08-11 17:19:24
2364,RobotSimForPA/ErrorAdditionR1/R1_Error3_Toggle,0,0.0,,2228224,2025-08-11 17:19:25
2365,RobotSimForPA/ErrorAdditionR1/R1_Error3_Toggle,0,0.0,,2228224,2025-08-11 17:19:26
2366,RobotSimForPA/ErrorAdditionR1/R1_Error3_Toggle,0,0.0,,2228224,2025-08-11 17:19:27
2367,RobotSimForPA/ErrorAdditionR1/R1_Error3_Toggle,0,0.0,,2228224,2025-08-11 17:19:28
2368,RobotSimForPA/ErrorAdditionR1/R1_Error3_Toggle,0,0.0,,2228224,2025-08-11 17:19:29
2369,RobotSimForPA/ErrorAdditionR1/R1_Error3_Toggle,0,0.0,,2228224,2025-08-11 17:19:30
2370,RobotSimForPA/ErrorAdditionR1/R1_Error3_Toggle,0,0.0,,2228224,2025-08-11 17:19:31
2371,RobotSimForPA/ErrorAdditionR1/R1_Error3_Toggle,0,0.0,,2228224,2025-08-11 17:19:32
2372,RobotSimForPA/ErrorAdditionR1/R1_Error3_Toggle,0,0.0,,2228224,2025-08-11 17:19:33
2373,RobotSimForPA/ErrorAdditionR1/R1_Error3_Toggle,0,0.0,,2228224,2025-08-11 17:19:34
2374,RobotSimForPA/ErrorAdditionR1/R1_Error3_Toggle,0,0.0,,2228224,2025-08-11 17:19:35
2375,RobotSimForPA/ErrorAdditionR1/R1_Error3_Toggle,0,0.0,,2228224,2025-08-11 17:19:36
2376,RobotSimForPA/ErrorAdditionR1/R1_Error3_Toggle,0,0.0,,2228224,2025-08-11 17:19:37
2377,RobotSimForPA/ErrorAdditionR1/R1_Error3_Toggle,0,0.0,,2228224,2025-08-11 17:19:38
2378,RobotSimForPA/ErrorAdditionR1/R1_Error3_Toggle,0,0.0,,2228224,2025-08-11 17:19:39
2379,RobotSimForPA/ErrorAdditionR1/R1_Error3_Toggle,0,0.0,,2228224,2025-08-11 17:19:40
2380,RobotSimForPA/ErrorAdditionR1/R1_Error3_Toggle,0,0.0,,2228224,2025-08-11 17:19:41
2381,RobotSimForPA/ErrorAdditionR1/R1_Error3_Toggle,0,0.0,,2228224,2025-08-11 17:19:42
2382,RobotSimForPA/ErrorAdditionR1/R1_Error3_Toggle,0,0.0,,2228224,2025-08-11 17:19:43
2383,RobotSimForPA/ErrorAdditionR1/R1_Error3_Toggle,0,0.0,,2228224,2025-08-11 17:19:44
2384,RobotSimForPA/ErrorAdditionR1/R1_Error3_Toggle,0,0.0,,2228224,2025-08-11 17:19:45
2385,RobotSimForPA/ErrorAdditionR1/R1_Error3_Toggle,0,0.0,,2228224,2025-08-11 17:19:46
2386,RobotSimForPA/ErrorAdditionR1/R1_Error3_Toggle,0,0.0,,2228224,2025-08-11 17:19:47
2387,RobotSimForPA/ErrorAdditionR1/R1_Error3_Toggle,0,0.0,,2228224,2025-08-11 17:19:48
2388,RobotSimForPA/ErrorAdditionR1/R1_Error3_Toggle,0,0.0,,2228224,2025-08-11 17:19:49
2389,RobotSimForPA/ErrorAdditionR1/R1_Error3_Toggle,0,0.0,,2228224,2025-08-11 17:19:50
2390,RobotSimForPA/ErrorAdditionR1/R1_Error3_Toggle,0,0.0,,2228224,2025-08-11 17:19:51
2391,RobotSimForPA/ErrorAdditionR1/R1_Error3_Toggle,0,0.0,,2228224,2025-08-11 17:19:52
2392,RobotSimForPA/ErrorAdditionR1/R1_Error3_Toggle,0,0.0,,2228224,2025-08-11 17:19:53
2393,RobotSimForPA/ErrorAdditionR1/R1_Error3_Toggle,0,0.0,,2228224,2025-08-11 17:19:54
2394,RobotSimForPA/ErrorAdditionR1/R1_Error3_Toggle,0,0.0,,2228224,2025-08-11 17:19:55
2395,RobotSimForPA/ErrorAdditionR1/R1_Error3_Toggle,0,0.0,,2228224,2025-08-11 17:19:56
2396,RobotSimForPA/ErrorAdditionR1/R1_Error3_Toggle,0,0.0,,2228224,2025-08-11 17:19:57
2397,RobotSimForPA/ErrorAdditionR1/R1_Error3_Toggle,0,0.0,,2228224,2025-08-11 17:19:58
2398,RobotSimForPA/ErrorAdditionR1/R1_Error3_Toggle,0,0.0,,2228224,2025-08-11 17:19:59
2399,RobotSimForPA/ErrorAdditionR1/R1_Error3_Toggle,0,0.0,,2228224,2025-08-11 17:20:00
2400,RobotSimForPA/ErrorAdditionR1/R1_Error3_Toggle,0,0.0,,2228224,2025-08-11 17:20:01
2401,RobotSimForPA/ErrorAdditionR1/R1_Error3_Toggle,0,0.0,,2228224,2025-08-11 17:20:02
2402,RobotSimForPA/ErrorAdditionR1/R1_Error3_Toggle,0,0.0,,2228224,2025-08-11 17:20:03
2403,RobotSimForPA/ErrorAdditionR1/R1_Error3_Toggle,0,0.0,,2228224,2025-08-11 17:20:04
2404,RobotSimForPA/ErrorAdditionR1/R1_Error3_Toggle,0,0.0,,2228224,2025-08-11 17:20:05
2405,RobotSimForPA/ErrorAdditionR1/R1_Error3_Toggle,0,0.0,,2228224,2025-08-11 17:20:06
2406,RobotSimForPA/ErrorAdditionR1/R1_Error3_Toggle,0,0.0,,2228224,2025-08-11 17:20:07
2407,RobotSimForPA/ErrorAdditionR1/R1_Error3_Toggle,0,0.0,,2228224,2025-08-11 17:20:08
2408,RobotSimForPA/ErrorAdditionR1/R1_Error3_Toggle,0,0.0,,2228224,2025-08-11 17:20:09
2409,RobotSimForPA/ErrorAdditionR1/R1_Error3_Toggle,0,0.0,,2228224,2025-08-11 17:20:10
2410,RobotSimForPA/ErrorAdditionR1/R1_Error3_Toggle,0,0.0,,2228224,2025-08-11 17:20:11
2411,RobotSimForPA/ErrorAdditionR1/R1_Error3_Toggle,0,0.0,,2228224,2025-08-11 17:20:12
2412,RobotSimForPA/ErrorAdditionR1/R1_Error3_Toggle,0,0.0,,2228224,2025-08-11 17:20:13
2413,RobotSimForPA/ErrorAdditionR1/R1_Error3_Toggle,0,0.0,,2228224,2025-08-11 17:20:14
2414,RobotSimForPA/ErrorAdditionR1/R1_Error3_Toggle,0,0.0,,2228224,2025-08-11 17:20:15
2415,RobotSimForPA/ErrorAdditionR1/R1_Error3_Toggle,0,0.0,,2228224,2025-08-11 17:20:16
2416,RobotSimForPA/ErrorAdditionR1/R1_Error3_Toggle,0,0.0,,2228224,2025-08-11 17:20:17
2417,RobotSimForPA/ErrorAdditionR1/R1_Error3_Toggle,0,0.0,,2228224,2025-08-11 17:20:18
2418,RobotSimForPA/ErrorAdditionR1/R1_Error3_Toggle,0,0.0,,2228224,2025-08-11 17:20:19
2419,RobotSimForPA/ErrorAdditionR1/R1_Error3_Toggle,0,0.0,,2228224,2025-08-11 17:20:20
2420,RobotSimForPA/ErrorAdditionR1/R1_Error3_Toggle,0,0.0,,2228224,2025-08-11 17:20:21
2421,RobotSimForPA/ErrorAdditionR1/R1_Error3_Toggle,0,0.0,,2228224,2025-08-11 17:20:22
2422,RobotSimForPA/ErrorAdditionR1/R1_Error3_Toggle,0,0.0,,2228224,2025-08-11 17:20:23
2423,RobotSimForPA/ErrorAdditionR1/R1_Error3_Toggle,0,0.0,,2228224,2025-08-11 17:20:24
2424,RobotSimForPA/ErrorAdditionR1/R1_Error3_Toggle,0,0.0,,2228224,2025-08-11 17:20:25
2425,RobotSimForPA/ErrorAdditionR1/R1_Error3_Toggle,0,0.0,,2228224,2025-08-11 17:20:26
2426,RobotSimForPA/ErrorAdditionR1/R1_Error3_Toggle,0,0.0,,2228224,2025-08-11 17:20:27
2427,RobotSimForPA/ErrorAdditionR1/R1_Error3_Toggle,0,0.0,,2228224,2025-08-11 17:20:28
2428,RobotSimForPA/ErrorAdditionR1/R1_Error3_Toggle,0,0.0,,2228224,2025-08-11 17:20:29
2429,RobotSimForPA/ErrorAdditionR1/R1_Error3_Toggle,0,0.0,,2228224,2025-08-11 17:20:30
2430,RobotSimForPA/ErrorAdditionR1/R1_Error3_Toggle,0,0.0,,2228224,2025-08-11 17:20:31
2431,RobotSimForPA/ErrorAdditionR1/R1_Error3_Toggle,0,0.0,,2228224,2025-08-11 17:20:32
2432,RobotSimForPA/ErrorAdditionR1/R1_Error3_Toggle,0,0.0,,2228224,2025-08-11 17:20:33
2433,RobotSimForPA/ErrorAdditionR1/R1_Error3_Toggle,0,0.0,,2228224,2025-08-11 17:20:34
2434,RobotSimForPA/ErrorAdditionR1/R1_Error3_Toggle,0,0.0,,2228224,2025-08-11 17:20:35
2435,RobotSimForPA/ErrorAdditionR1/R1_Error3_Toggle,0,0.0,,2228224,2025-08-11 17:20:36
2436,RobotSimForPA/ErrorAdditionR1/R1_Error3_Toggle,0,0.0,,2228224,2025-08-11 17:20:37
2437,RobotSimForPA/ErrorAdditionR1/R1_Error3_Toggle,0,0.0,,2228224,2025-08-11 17:20:38
2438,RobotSimForPA/ErrorAdditionR1/R1_Error3_Toggle,0,0.0,,2228224,2025-08-11 17:20:39
2439,RobotSimForPA/ErrorAdditionR1/R1_Error3_Toggle,0,0.0,,2228224,2025-08-11 17:20:40
2440,RobotSimForPA/ErrorAdditionR1/R1_Error3_Toggle,0,0.0,,2228224,2025-08-11 17:20:41
2441,RobotSimForPA/ErrorAdditionR1/R1_Error3_Toggle,0,0.0,,2228224,2025-08-11 17:20:42
2442,RobotSimForPA/ErrorAdditionR1/R1_Error3_Toggle,0,0.0,,2228224,2025-08-11 17:20:43
2443,RobotSimForPA/ErrorAdditionR1/R1_Error3_Toggle,0,0.0,,2228224,2025-08-11 17:20:44
2444,RobotSimForPA/ErrorAdditionR1/R1_Error3_Toggle,0,0.0,,2228224,2025-08-11 17:20:45
2445,RobotSimForPA/ErrorAdditionR1/R1_Error3_Toggle,0,0.0,,2228224,2025-08-11 17:20:46
2446,RobotSimForPA/ErrorAdditionR1/R1_Error3_Toggle,0,0.0,,2228224,2025-08-11 17:20:47
2447,RobotSimForPA/ErrorAdditionR1/R1_Error3_Toggle,0,0.0,,2228224,2025-08-11 17:20:48
2448,RobotSimForPA/ErrorAdditionR1/R1_Error3_Toggle,0,0.0,,2228224,2025-08-11 17:20:49
2449,RobotSimForPA/ErrorAdditionR1/R1_Error3_Toggle,0,0.0,,2228224,2025-08-11 17:20:50
2450,RobotSimForPA/ErrorAdditionR1/R1_Error3_Toggle,0,0.0,,2228224,2025-08-11 17:20:51
2451,RobotSimForPA/ErrorAdditionR1/R1_Error3_Toggle,0,0.0,,2228224,2025-08-11 17:20:52
2452,RobotSimForPA/ErrorAdditionR1/R1_Error3_Toggle,0,0.0,,2228224,2025-08-11 17:20:53
2453,RobotSimForPA/ErrorAdditionR1/R1_Error3_Toggle,0,0.0,,2228224,2025-08-11 17:20:54
2454,RobotSimForPA/ErrorAdditionR1/R1_Error3_Toggle,0,0.0,,2228224,2025-08-11 17:20:55
2455,RobotSimForPA/ErrorAdditionR1/R1_Error3_Toggle,0,0.0,,2228224,2025-08-11 17:20:56
2456,RobotSimForPA/ErrorAdditionR1/R1_Error3_Toggle,0,0.0,,2228224,2025-08-11 17:20:57
2457,RobotSimForPA/ErrorAdditionR1/R1_Error3_Toggle,0,0.0,,2228224,2025-08-11 17:20:58
2458,RobotSimForPA/ErrorAdditionR1/R1_Error3_Toggle,0,0.0,,2228224,2025-08-11 17:20:59
2459,RobotSimForPA/ErrorAdditionR1/R1_Error3_Toggle,0,0.0,,2228224,2025-08-11 17:21:00
2460,RobotSimForPA/ErrorAdditionR1/R1_Error3_Toggle,0,0.0,,2228224,2025-08-11 17:21:01
2461,RobotSimForPA/ErrorAdditionR1/R1_Error3_Toggle,0,0.0,,2228224,2025-08-11 17:21:02
2462,RobotSimForPA/ErrorAdditionR1/R1_Error3_Toggle,0,0.0,,2228224,2025-08-11 17:21:03
2463,RobotSimForPA/ErrorAdditionR1/R1_Error3_Toggle,0,0.0,,2228224,2025-08-11 17:21:04
2464,RobotSimForPA/ErrorAdditionR1/R1_Error3_Toggle,0,0.0,,2228224,2025-08-11 17:21:05
2465,RobotSimForPA/ErrorAdditionR1/R1_Error3_Toggle,0,0.0,,2228224,2025-08-11 17:21:06
2466,RobotSimForPA/ErrorAdditionR1/R1_Error3_Toggle,0,0.0,,2228224,2025-08-11 17:21:07
2467,RobotSimForPA/ErrorAdditionR1/R1_Error3_Toggle,0,0.0,,2228224,2025-08-11 17:21:08
2468,RobotSimForPA/ErrorAdditionR1/R1_Error3_Toggle,0,0.0,,2228224,2025-08-11 17:21:09
2469,RobotSimForPA/ErrorAdditionR1/R1_Error3_Toggle,0,0.0,,2228224,2025-08-11 17:21:10
2470,RobotSimForPA/ErrorAdditionR1/R1_Error3_Toggle,0,0.0,,2228224,2025-08-11 17:21:11
2471,RobotSimForPA/ErrorAdditionR1/R1_Error3_Toggle,0,0.0,,2228224,2025-08-11 17:21:12
2472,RobotSimForPA/ErrorAdditionR1/R1_Error3_Toggle,0,0.0,,2228224,2025-08-11 17:21:13
2473,RobotSimForPA/ErrorAdditionR1/R1_Error3_Toggle,0,0.0,,2228224,2025-08-11 17:21:14
2474,RobotSimForPA/ErrorAdditionR1/R1_Error3_Toggle,0,0.0,,2228224,2025-08-11 17:21:15
2475,RobotSimForPA/ErrorAdditionR1/R1_Error3_Toggle,0,0.0,,2228224,2025-08-11 17:21:16
2476,RobotSimForPA/ErrorAdditionR1/R1_Error3_Toggle,0,0.0,,2228224,2025-08-11 17:21:17
2477,RobotSimForPA/ErrorAdditionR1/R1_Error3_Toggle,0,0.0,,2228224,2025-08-11 17:21:18
2478,RobotSimForPA/ErrorAdditionR1/R1_Error3_Toggle,0,0.0,,2228224,2025-08-11 17:21:19
2479,RobotSimForPA/ErrorAdditionR1/R1_Error3_Toggle,0,0.0,,2228224,2025-08-11 17:21:20
2480,RobotSimForPA/ErrorAdditionR1/R1_Error3_Toggle,0,0.0,,2228224,2025-08-11 17:21:21
2481,RobotSimForPA/ErrorAdditionR1/R1_Error3_Toggle,0,0.0,,2228224,2025-08-11 17:21:22
2482,RobotSimForPA/ErrorAdditionR1/R1_Error3_Toggle,0,0.0,,2228224,2025-08-11 17:21:23
2483,RobotSimForPA/ErrorAdditionR1/R1_Error3_Toggle,0,0.0,,2228224,2025-08-11 17:21:24
2484,RobotSimForPA/ErrorAdditionR1/R1_Error3_Toggle,0,0.0,,2228224,2025-08-11 17:21:25
2485,RobotSimForPA/ErrorAdditionR1/R1_Error3_Toggle,0,0.0,,2228224,2025-08-11 17:21:26
2486,RobotSimForPA/ErrorAdditionR1/R1_Error3_Toggle,0,0.0,,2228224,2025-08-11 17:21:27
2487,RobotSimForPA/ErrorAdditionR1/R1_Error3_Toggle,0,0.0,,2228224,2025-08-11 17:21:28
2488,RobotSimForPA/ErrorAdditionR1/R1_Error3_Toggle,0,0.0,,2228224,2025-08-11 17:21:29
2489,RobotSimForPA/ErrorAdditionR1/R1_Error3_Toggle,0,0.0,,2228224,2025-08-11 17:21:30
2490,RobotSimForPA/ErrorAdditionR1/R1_Error3_Toggle,0,0.0,,2228224,2025-08-11 17:21:31
2491,RobotSimForPA/ErrorAdditionR1/R1_Error3_Toggle,0,0.0,,2228224,2025-08-11 17:21:32
2492,RobotSimForPA/ErrorAdditionR1/R1_Error3_Toggle,0,0.0,,2228224,2025-08-11 17:21:33
2493,RobotSimForPA/ErrorAdditionR1/R1_Error3_Toggle,0,0.0,,2228224,2025-08-11 17:21:34
2494,RobotSimForPA/ErrorAdditionR1/R1_Error3_Toggle,0,0.0,,2228224,2025-08-11 17:21:35
2495,RobotSimForPA/ErrorAdditionR1/R1_Error3_Toggle,0,0.0,,2228224,2025-08-11 17:21:36
2496,RobotSimForPA/ErrorAdditionR1/R1_Error3_Toggle,0,0.0,,2228224,2025-08-11 17:21:37
2497,RobotSimForPA/ErrorAdditionR1/R1_Error3_Toggle,0,0.0,,2228224,2025-08-11 17:21:38
2498,RobotSimForPA/ErrorAdditionR1/R1_Error3_Toggle,0,0.0,,2228224,2025-08-11 17:21:39
2499,RobotSimForPA/ErrorAdditionR1/R1_Error3_Toggle,0,0.0,,2228224,2025-08-11 17:21:40
2500,RobotSimForPA/ErrorAdditionR1/R1_Error3_Toggle,0,0.0,,2228224,2025-08-11 17:21:41
2501,RobotSimForPA/ErrorAdditionR1/R1_Error3_Toggle,0,0.0,,2228224,2025-08-11 17:21:42
2502,RobotSimForPA/ErrorAdditionR1/R1_Error3_Toggle,0,0.0,,2228224,2025-08-11 17:21:43
2503,RobotSimForPA/ErrorAdditionR1/R1_Error3_Toggle,0,0.0,,2228224,2025-08-11 17:21:44
2504,RobotSimForPA/ErrorAdditionR1/R1_Error3_Toggle,0,0.0,,2228224,2025-08-11 17:21:45
2505,RobotSimForPA/ErrorAdditionR1/R1_Error3_Toggle,0,0.0,,2228224,2025-08-11 17:21:46
2506,RobotSimForPA/ErrorAdditionR1/R1_Error3_Toggle,0,0.0,,2228224,2025-08-11 17:21:47
2507,RobotSimForPA/ErrorAdditionR1/R1_Error3_Toggle,0,0.0,,2228224,2025-08-11 17:21:48
2508,RobotSimForPA/ErrorAdditionR1/R1_Error3_Toggle,0,0.0,,2228224,2025-08-11 17:21:49
2509,RobotSimForPA/ErrorAdditionR1/R1_Error3_Toggle,0,0.0,,2228224,2025-08-11 17:21:50
2510,RobotSimForPA/ErrorAdditionR1/R1_Error3_Toggle,0,0.0,,2228224,2025-08-11 17:21:51
2511,RobotSimForPA/ErrorAdditionR1/R1_Error3_Toggle,0,0.0,,2228224,2025-08-11 17:21:52
2512,RobotSimForPA/ErrorAdditionR1/R1_Error3_Toggle,0,0.0,,2228224,2025-08-11 17:21:53
2513,RobotSimForPA/ErrorAdditionR1/R1_Error3_Toggle,0,0.0,,2228224,2025-08-11 17:21:54
2514,RobotSimForPA/ErrorAdditionR1/R1_Error3_Toggle,0,0.0,,2228224,2025-08-11 17:21:55
2515,RobotSimForPA/ErrorAdditionR1/R1_Error3_Toggle,0,0.0,,2228224,2025-08-11 17:21:56
2516,RobotSimForPA/ErrorAdditionR1/R1_Error3_Toggle,0,0.0,,2228224,2025-08-11 17:21:57
2517,RobotSimForPA/ErrorAdditionR1/R1_Error3_Toggle,0,0.0,,2228224,2025-08-11 17:21:58
2518,RobotSimForPA/ErrorAdditionR1/R1_Error3_Toggle,0,0.0,,2228224,2025-08-11 17:21:59
2519,RobotSimForPA/ErrorAdditionR1/R1_Error3_Toggle,0,0.0,,2228224,2025-08-11 17:22:00
2520,RobotSimForPA/ErrorAdditionR1/R1_Error3_Toggle,0,0.0,,2228224,2025-08-11 17:22:01
2521,RobotSimForPA/ErrorAdditionR1/R1_Error3_Toggle,0,0.0,,2228224,2025-08-11 17:22:02
2522,RobotSimForPA/ErrorAdditionR1/R1_Error3_Toggle,0,0.0,,2228224,2025-08-11 17:22:03
2523,RobotSimForPA/ErrorAdditionR1/R1_Error3_Toggle,0,0.0,,2228224,2025-08-11 17:22:04
2524,RobotSimForPA/ErrorAdditionR1/R1_Error3_Toggle,0,0.0,,2228224,2025-08-11 17:22:05
2525,RobotSimForPA/ErrorAdditionR1/R1_Error3_Toggle,0,0.0,,2228224,2025-08-11 17:22:06
2526,RobotSimForPA/ErrorAdditionR1/R1_Error3_Toggle,0,0.0,,2228224,2025-08-11 17:22:07
2527,RobotSimForPA/ErrorAdditionR1/R1_Error3_Toggle,0,0.0,,2228224,2025-08-11 17:22:08
2528,RobotSimForPA/ErrorAdditionR1/R1_Error3_Toggle,0,0.0,,2228224,2025-08-11 17:22:09
2529,RobotSimForPA/ErrorAdditionR1/R1_Error3_Toggle,0,0.0,,2228224,2025-08-11 17:22:10
2530,RobotSimForPA/ErrorAdditionR1/R1_Error3_Toggle,0,0.0,,2228224,2025-08-11 17:22:11
2531,RobotSimForPA/ErrorAdditionR1/R1_Error3_Toggle,0,0.0,,2228224,2025-08-11 17:22:12
2532,RobotSimForPA/ErrorAdditionR1/R1_Error3_Toggle,0,0.0,,2228224,2025-08-11 17:22:13
2533,RobotSimForPA/ErrorAdditionR1/R1_Error3_Toggle,0,0.0,,2228224,2025-08-11 17:22:14
2534,RobotSimForPA/ErrorAdditionR1/R1_Error3_Toggle,0,0.0,,2228224,2025-08-11 17:22:15
2535,RobotSimForPA/ErrorAdditionR1/R1_Error3_Toggle,0,0.0,,2228224,2025-08-11 17:22:16
2536,RobotSimForPA/ErrorAdditionR1/R1_Error3_Toggle,0,0.0,,2228224,2025-08-11 17:22:17
2537,RobotSimForPA/ErrorAdditionR1/R1_Error3_Toggle,0,0.0,,2228224,2025-08-11 17:22:18
2538,RobotSimForPA/ErrorAdditionR1/R1_Error3_Toggle,0,0.0,,2228224,2025-08-11 17:22:19
2539,RobotSimForPA/ErrorAdditionR1/R1_Error3_Toggle,0,0.0,,2228224,2025-08-11 17:22:20
2540,RobotSimForPA/ErrorAdditionR1/R1_Error3_Toggle,0,0.0,,2228224,2025-08-11 17:22:21
2541,RobotSimForPA/ErrorAdditionR1/R1_Error3_Toggle,0,0.0,,2228224,2025-08-11 17:22:22
2542,RobotSimForPA/ErrorAdditionR1/R1_Error3_Toggle,0,0.0,,2228224,2025-08-11 17:22:23
2543,RobotSimForPA/ErrorAdditionR1/R1_Error3_Toggle,0,0.0,,2228224,2025-08-11 17:22:24
2544,RobotSimForPA/ErrorAdditionR1/R1_Error3_Toggle,0,0.0,,2228224,2025-08-11 17:22:25
2545,RobotSimForPA/ErrorAdditionR1/R1_Error3_Toggle,0,0.0,,2228224,2025-08-11 17:22:26
2546,RobotSimForPA/ErrorAdditionR1/R1_Error3_Toggle,0,0.0,,2228224,2025-08-11 17:22:27
2547,RobotSimForPA/ErrorAdditionR1/R1_Error3_Toggle,0,0.0,,2228224,2025-08-11 17:22:28
2548,RobotSimForPA/ErrorAdditionR1/R1_Error3_Toggle,0,0.0,,2228224,2025-08-11 17:22:29
2549,RobotSimForPA/ErrorAdditionR1/R1_Error3_Toggle,0,0.0,,2228224,2025-08-11 17:22:30
2550,RobotSimForPA/ErrorAdditionR1/R1_Error3_Toggle,0,0.0,,2228224,2025-08-11 17:22:31
2551,RobotSimForPA/ErrorAdditionR1/R1_Error3_Toggle,0,0.0,,2228224,2025-08-11 17:22:32
2552,RobotSimForPA/ErrorAdditionR1/R1_Error3_Toggle,0,0.0,,2228224,2025-08-11 17:22:33
2553,RobotSimForPA/ErrorAdditionR1/R1_Error3_Toggle,0,0.0,,2228224,2025-08-11 17:22:34
2554,RobotSimForPA/ErrorAdditionR1/R1_Error3_Toggle,0,0.0,,2228224,2025-08-11 17:22:35
2555,RobotSimForPA/ErrorAdditionR1/R1_Error3_Toggle,0,0.0,,2228224,2025-08-11 17:22:36
2556,RobotSimForPA/ErrorAdditionR1/R1_Error3_Toggle,0,0.0,,2228224,2025-08-11 17:22:37
2557,RobotSimForPA/ErrorAdditionR1/R1_Error3_Toggle,0,0.0,,2228224,2025-08-11 17:22:38
2558,RobotSimForPA/ErrorAdditionR1/R1_Error3_Toggle,0,0.0,,2228224,2025-08-11 17:22:39
2559,RobotSimForPA/ErrorAdditionR1/R1_Error3_Toggle,0,0.0,,2228224,2025-08-11 17:22:40
2560,RobotSimForPA/ErrorAdditionR1/R1_Error3_Toggle,0,0.0,,2228224,2025-08-11 17:22:41
2561,RobotSimForPA/ErrorAdditionR1/R1_Error3_Toggle,0,0.0,,2228224,2025-08-11 17:22:42
2562,RobotSimForPA/ErrorAdditionR1/R1_Error3_Toggle,0,0.0,,2228224,2025-08-11 17:22:43
2563,RobotSimForPA/ErrorAdditionR1/R1_Error3_Toggle,0,0.0,,2228224,2025-08-11 17:22:44
2564,RobotSimForPA/ErrorAdditionR1/R1_Error3_Toggle,0,0.0,,2228224,2025-08-11 17:22:45
2565,RobotSimForPA/ErrorAdditionR1/R1_Error3_Toggle,0,0.0,,2228224,2025-08-11 17:22:46
2566,RobotSimForPA/ErrorAdditionR1/R1_Error3_Toggle,0,0.0,,2228224,2025-08-11 17:22:47
2567,RobotSimForPA/ErrorAdditionR1/R1_Error3_Toggle,0,0.0,,2228224,2025-08-11 17:22:48
2568,RobotSimForPA/ErrorAdditionR1/R1_Error3_Toggle,0,0.0,,2228224,2025-08-11 17:22:49
2569,RobotSimForPA/ErrorAdditionR1/R1_Error3_Toggle,0,0.0,,2228224,2025-08-11 17:22:50
2570,RobotSimForPA/ErrorAdditionR1/R1_Error3_Toggle,0,0.0,,2228224,2025-08-11 17:22:51
2571,RobotSimForPA/ErrorAdditionR1/R1_Error3_Toggle,0,0.0,,2228224,2025-08-11 17:22:52
2572,RobotSimForPA/ErrorAdditionR1/R1_Error3_Toggle,0,0.0,,2228224,2025-08-11 17:22:53
2573,RobotSimForPA/ErrorAdditionR1/R1_Error3_Toggle,0,0.0,,2228224,2025-08-11 17:22:54
2574,RobotSimForPA/ErrorAdditionR1/R1_Error3_Toggle,0,0.0,,2228224,2025-08-11 17:22:55
2575,RobotSimForPA/ErrorAdditionR1/R1_Error3_Toggle,0,0.0,,2228224,2025-08-11 17:22:56
2576,RobotSimForPA/ErrorAdditionR1/R1_Error3_Toggle,0,0.0,,2228224,2025-08-11 17:22:57
2577,RobotSimForPA/ErrorAdditionR1/R1_Error3_Toggle,0,0.0,,2228224,2025-08-11 17:22:58
2578,RobotSimForPA/ErrorAdditionR1/R1_Error3_Toggle,0,0.0,,2228224,2025-08-11 17:22:59
2579,RobotSimForPA/ErrorAdditionR1/R1_Error3_Toggle,0,0.0,,2228224,2025-08-11 17:23:00
2580,RobotSimForPA/ErrorAdditionR1/R1_Error3_Toggle,0,0.0,,2228224,2025-08-11 17:23:01
2581,RobotSimForPA/ErrorAdditionR1/R1_Error3_Toggle,0,0.0,,2228224,2025-08-11 17:23:02
2582,RobotSimForPA/ErrorAdditionR1/R1_Error3_Toggle,0,0.0,,2228224,2025-08-11 17:23:03
2583,RobotSimForPA/ErrorAdditionR1/R1_Error3_Toggle,0,0.0,,2228224,2025-08-11 17:23:04
2584,RobotSimForPA/ErrorAdditionR1/R1_Error3_Toggle,0,0.0,,2228224,2025-08-11 17:23:05
2585,RobotSimForPA/ErrorAdditionR1/R1_Error3_Toggle,0,0.0,,2228224,2025-08-11 17:23:06
2586,RobotSimForPA/ErrorAdditionR1/R1_Error3_Toggle,0,0.0,,2228224,2025-08-11 17:23:07
2587,RobotSimForPA/ErrorAdditionR1/R1_Error3_Toggle,0,0.0,,2228224,2025-08-11 17:23:08
2588,RobotSimForPA/ErrorAdditionR1/R1_Error3_Toggle,0,0.0,,2228224,2025-08-11 17:23:09
2589,RobotSimForPA/ErrorAdditionR1/R1_Error3_Toggle,0,0.0,,2228224,2025-08-11 17:23:10
2590,RobotSimForPA/ErrorAdditionR1/R1_Error3_Toggle,0,0.0,,2228224,2025-08-11 17:23:11
2591,RobotSimForPA/ErrorAdditionR1/R1_Error3_Toggle,0,0.0,,2228224,2025-08-11 17:23:12
2592,RobotSimForPA/ErrorAdditionR1/R1_Error3_Toggle,0,0.0,,2228224,2025-08-11 17:23:13
2593,RobotSimForPA/ErrorAdditionR1/R1_Error3_Toggle,0,0.0,,2228224,2025-08-11 17:23:14
2594,RobotSimForPA/ErrorAdditionR1/R1_Error3_Toggle,0,0.0,,2228224,2025-08-11 17:23:15
2595,RobotSimForPA/ErrorAdditionR1/R1_Error3_Toggle,0,0.0,,2228224,2025-08-11 17:23:16
2596,RobotSimForPA/ErrorAdditionR1/R1_Error3_Toggle,0,0.0,,2228224,2025-08-11 17:23:17
2597,RobotSimForPA/ErrorAdditionR1/R1_Error3_Toggle,0,0.0,,2228224,2025-08-11 17:23:18
2598,RobotSimForPA/ErrorAdditionR1/R1_Error3_Toggle,0,0.0,,2228224,2025-08-11 17:23:19
2599,RobotSimForPA/ErrorAdditionR1/R1_Error3_Toggle,0,0.0,,2228224,2025-08-11 17:23:20
2600,RobotSimForPA/ErrorAdditionR1/R1_Error3_Toggle,0,0.0,,2228224,2025-08-11 17:23:21
2601,RobotSimForPA/ErrorAdditionR1/R1_Error3_Toggle,0,0.0,,2228224,2025-08-11 17:23:22
2602,RobotSimForPA/ErrorAdditionR1/R1_Error3_Toggle,0,0.0,,2228224,2025-08-11 17:23:23
2603,RobotSimForPA/ErrorAdditionR1/R1_Error3_Toggle,0,0.0,,2228224,2025-08-11 17:23:24
2604,RobotSimForPA/ErrorAdditionR1/R1_Error3_Toggle,0,0.0,,2228224,2025-08-11 17:23:25
2605,RobotSimForPA/ErrorAdditionR1/R1_Error3_Toggle,0,0.0,,2228224,2025-08-11 17:23:26
2606,RobotSimForPA/ErrorAdditionR1/R1_Error3_Toggle,0,0.0,,2228224,2025-08-11 17:23:27
2607,RobotSimForPA/ErrorAdditionR1/R1_Error3_Toggle,0,0.0,,2228224,2025-08-11 17:23:28
2608,RobotSimForPA/ErrorAdditionR1/R1_Error3_Toggle,0,0.0,,2228224,2025-08-11 17:23:29
2609,RobotSimForPA/ErrorAdditionR1/R1_Error3_Toggle,0,0.0,,2228224,2025-08-11 17:23:30
2610,RobotSimForPA/ErrorAdditionR1/R1_Error3_Toggle,0,0.0,,2228224,2025-08-11 17:23:31
2611,RobotSimForPA/ErrorAdditionR1/R1_Error3_Toggle,0,0.0,,2228224,2025-08-11 17:23:32
2612,RobotSimForPA/ErrorAdditionR1/R1_Error3_Toggle,0,0.0,,2228224,2025-08-11 17:23:33
2613,RobotSimForPA/ErrorAdditionR1/R1_Error3_Toggle,0,0.0,,2228224,2025-08-11 17:23:34
2614,RobotSimForPA/ErrorAdditionR1/R1_Error3_Toggle,0,0.0,,2228224,2025-08-11 17:23:35
2615,RobotSimForPA/ErrorAdditionR1/R1_Error3_Toggle,0,0.0,,2228224,2025-08-11 17:23:36
2616,RobotSimForPA/ErrorAdditionR1/R1_Error3_Toggle,0,0.0,,2228224,2025-08-11 17:23:37
2617,RobotSimForPA/ErrorAdditionR1/R1_Error3_Toggle,0,0.0,,2228224,2025-08-11 17:23:38
2618,RobotSimForPA/ErrorAdditionR1/R1_Error3_Toggle,0,0.0,,2228224,2025-08-11 17:23:39
2619,RobotSimForPA/ErrorAdditionR1/R1_Error3_Toggle,0,0.0,,2228224,2025-08-11 17:23:40
2620,RobotSimForPA/ErrorAdditionR1/R1_Error3_Toggle,0,0.0,,2228224,2025-08-11 17:23:41
2621,RobotSimForPA/ErrorAdditionR1/R1_Error3_Toggle,0,0.0,,2228224,2025-08-11 17:23:42
2622,RobotSimForPA/ErrorAdditionR1/R1_Error3_Toggle,0,0.0,,2228224,2025-08-11 17:23:43
2623,RobotSimForPA/ErrorAdditionR1/R1_Error3_Toggle,0,0.0,,2228224,2025-08-11 17:23:44
2624,RobotSimForPA/ErrorAdditionR1/R1_Error3_Toggle,0,0.0,,2228224,2025-08-11 17:23:45
2625,RobotSimForPA/ErrorAdditionR1/R1_Error3_Toggle,0,0.0,,2228224,2025-08-11 17:23:46
2626,RobotSimForPA/ErrorAdditionR1/R1_Error3_Toggle,0,0.0,,2228224,2025-08-11 17:23:47
2627,RobotSimForPA/ErrorAdditionR1/R1_Error3_Toggle,0,0.0,,2228224,2025-08-11 17:23:48
2628,RobotSimForPA/ErrorAdditionR1/R1_Error3_Toggle,0,0.0,,2228224,2025-08-11 17:23:49
2629,RobotSimForPA/ErrorAdditionR1/R1_Error3_Toggle,0,0.0,,2228224,2025-08-11 17:23:50
2630,RobotSimForPA/ErrorAdditionR1/R1_Error3_Toggle,0,0.0,,2228224,2025-08-11 17:23:51
2631,RobotSimForPA/ErrorAdditionR1/R1_Error3_Toggle,0,0.0,,2228224,2025-08-11 17:23:52
2632,RobotSimForPA/ErrorAdditionR1/R1_Error3_Toggle,0,0.0,,2228224,2025-08-11 17:23:53
2633,RobotSimForPA/ErrorAdditionR1/R1_Error3_Toggle,0,0.0,,2228224,2025-08-11 17:23:54
2634,RobotSimForPA/ErrorAdditionR1/R1_Error3_Toggle,0,0.0,,2228224,2025-08-11 17:23:55
2635,RobotSimForPA/ErrorAdditionR1/R1_Error3_Toggle,0,0.0,,2228224,2025-08-11 17:23:56
2636,RobotSimForPA/ErrorAdditionR1/R1_Error3_Toggle,0,0.0,,2228224,2025-08-11 17:23:57
2637,RobotSimForPA/ErrorAdditionR1/R1_Error3_Toggle,0,0.0,,2228224,2025-08-11 17:23:58
2638,RobotSimForPA/ErrorAdditionR1/R1_Error3_Toggle,0,0.0,,2228224,2025-08-11 17:23:59
2639,RobotSimForPA/ErrorAdditionR1/R1_Error3_Toggle,0,0.0,,2228224,2025-08-11 17:24:00
2640,RobotSimForPA/ErrorAdditionR1/R1_Error3_Toggle,0,0.0,,2228224,2025-08-11 17:24:01
2641,RobotSimForPA/ErrorAdditionR1/R1_Error3_Toggle,0,0.0,,2228224,2025-08-11 17:24:02
2642,RobotSimForPA/ErrorAdditionR1/R1_Error3_Toggle,0,0.0,,2228224,2025-08-11 17:24:03
2643,RobotSimForPA/ErrorAdditionR1/R1_Error3_Toggle,0,0.0,,2228224,2025-08-11 17:24:04
2644,RobotSimForPA/ErrorAdditionR1/R1_Error3_Toggle,0,0.0,,2228224,2025-08-11 17:24:05
2645,RobotSimForPA/ErrorAdditionR1/R1_Error3_Toggle,0,0.0,,2228224,2025-08-11 17:24:06
2646,RobotSimForPA/ErrorAdditionR1/R1_Error3_Toggle,0,0.0,,2228224,2025-08-11 17:24:07
2647,RobotSimForPA/ErrorAdditionR1/R1_Error3_Toggle,0,0.0,,2228224,2025-08-11 17:24:08
2648,RobotSimForPA/ErrorAdditionR1/R1_Error3_Toggle,0,0.0,,2228224,2025-08-11 17:24:09
2649,RobotSimForPA/ErrorAdditionR1/R1_Error3_Toggle,0,0.0,,2228224,2025-08-11 17:24:10
2650,RobotSimForPA/ErrorAdditionR1/R1_Error3_Toggle,0,0.0,,2228224,2025-08-11 17:24:11
2651,RobotSimForPA/ErrorAdditionR1/R1_Error3_Toggle,0,0.0,,2228224,2025-08-11 17:24:12
2652,RobotSimForPA/ErrorAdditionR1/R1_Error3_Toggle,0,0.0,,2228224,2025-08-11 17:24:13
2653,RobotSimForPA/ErrorAdditionR1/R1_Error3_Toggle,0,0.0,,2228224,2025-08-11 17:24:14
2654,RobotSimForPA/ErrorAdditionR1/R1_Error3_Toggle,0,0.0,,2228224,2025-08-11 17:24:15
2655,RobotSimForPA/ErrorAdditionR1/R1_Error3_Toggle,0,0.0,,2228224,2025-08-11 17:24:16
2656,RobotSimForPA/ErrorAdditionR1/R1_Error3_Toggle,0,0.0,,2228224,2025-08-11 17:24:17
2657,RobotSimForPA/ErrorAdditionR1/R1_Error3_Toggle,0,0.0,,2228224,2025-08-11 17:24:18
2658,RobotSimForPA/ErrorAdditionR1/R1_Error3_Toggle,0,0.0,,2228224,2025-08-11 17:24:19
2659,RobotSimForPA/ErrorAdditionR1/R1_Error3_Toggle,0,0.0,,2228224,2025-08-11 17:24:20
2660,RobotSimForPA/ErrorAdditionR1/R1_Error3_Toggle,0,0.0,,2228224,2025-08-11 17:24:21
2661,RobotSimForPA/ErrorAdditionR1/R1_Error3_Toggle,0,0.0,,2228224,2025-08-11 17:24:22
2662,RobotSimForPA/ErrorAdditionR1/R1_Error3_Toggle,0,0.0,,2228224,2025-08-11 17:24:23
2663,RobotSimForPA/ErrorAdditionR1/R1_Error3_Toggle,0,0.0,,2228224,2025-08-11 17:24:24
2664,RobotSimForPA/ErrorAdditionR1/R1_Error3_Toggle,0,0.0,,2228224,2025-08-11 17:24:25
2665,RobotSimForPA/ErrorAdditionR1/R1_Error3_Toggle,0,0.0,,2228224,2025-08-11 17:24:26
2666,RobotSimForPA/ErrorAdditionR1/R1_Error3_Toggle,0,0.0,,2228224,2025-08-11 17:24:27
2667,RobotSimForPA/ErrorAdditionR1/R1_Error3_Toggle,0,0.0,,2228224,2025-08-11 17:24:28
2668,RobotSimForPA/ErrorAdditionR1/R1_Error3_Toggle,0,0.0,,2228224,2025-08-11 17:24:29
2669,RobotSimForPA/ErrorAdditionR1/R1_Error3_Toggle,0,0.0,,2228224,2025-08-11 17:24:30
2670,RobotSimForPA/ErrorAdditionR1/R1_Error3_Toggle,0,0.0,,2228224,2025-08-11 17:24:31
2671,RobotSimForPA/ErrorAdditionR1/R1_Error3_Toggle,0,0.0,,2228224,2025-08-11 17:24:32
2672,RobotSimForPA/ErrorAdditionR1/R1_Error3_Toggle,0,0.0,,2228224,2025-08-11 17:24:33
2673,RobotSimForPA/ErrorAdditionR1/R1_Error3_Toggle,0,0.0,,2228224,2025-08-11 17:24:34
2674,RobotSimForPA/ErrorAdditionR1/R1_Error3_Toggle,0,0.0,,2228224,2025-08-11 17:24:35
2675,RobotSimForPA/ErrorAdditionR1/R1_Error3_Toggle,0,0.0,,2228224,2025-08-11 17:24:36
2676,RobotSimForPA/ErrorAdditionR1/R1_Error3_Toggle,0,0.0,,2228224,2025-08-11 17:24:37
2677,RobotSimForPA/ErrorAdditionR1/R1_Error3_Toggle,0,0.0,,2228224,2025-08-11 17:24:38
2678,RobotSimForPA/ErrorAdditionR1/R1_Error3_Toggle,0,0.0,,2228224,2025-08-11 17:24:39
2679,RobotSimForPA/ErrorAdditionR1/R1_Error3_Toggle,0,0.0,,2228224,2025-08-11 17:24:40
2680,RobotSimForPA/ErrorAdditionR1/R1_Error3_Toggle,0,0.0,,2228224,2025-08-11 17:24:41
2681,RobotSimForPA/ErrorAdditionR1/R1_Error3_Toggle,0,0.0,,2228224,2025-08-11 17:24:42
2682,RobotSimForPA/ErrorAdditionR1/R1_Error3_Toggle,0,0.0,,2228224,2025-08-11 17:24:43
2683,RobotSimForPA/ErrorAdditionR1/R1_Error3_Toggle,0,0.0,,2228224,2025-08-11 17:24:44
2684,RobotSimForPA/ErrorAdditionR1/R1_Error3_Toggle,0,0.0,,2228224,2025-08-11 17:24:45
2685,RobotSimForPA/ErrorAdditionR1/R1_Error3_Toggle,0,0.0,,2228224,2025-08-11 17:24:46
2686,RobotSimForPA/ErrorAdditionR1/R1_Error3_Toggle,0,0.0,,2228224,2025-08-11 17:24:47
2687,RobotSimForPA/ErrorAdditionR1/R1_Error3_Toggle,0,0.0,,2228224,2025-08-11 17:24:48
2688,RobotSimForPA/ErrorAdditionR1/R1_Error3_Toggle,0,0.0,,2228224,2025-08-11 17:24:49
2689,RobotSimForPA/ErrorAdditionR1/R1_Error3_Toggle,0,0.0,,2228224,2025-08-11 17:24:50
2690,RobotSimForPA/ErrorAdditionR1/R1_Error3_Toggle,0,0.0,,2228224,2025-08-11 17:24:51
2691,RobotSimForPA/ErrorAdditionR1/R1_Error3_Toggle,0,0.0,,2228224,2025-08-11 17:24:52
2692,RobotSimForPA/ErrorAdditionR1/R1_Error3_Toggle,0,0.0,,2228224,2025-08-11 17:24:53
2693,RobotSimForPA/ErrorAdditionR1/R1_Error3_Toggle,0,0.0,,2228224,2025-08-11 17:24:54
2694,RobotSimForPA/ErrorAdditionR1/R1_Error3_Toggle,0,0.0,,2228224,2025-08-11 17:24:55
2695,RobotSimForPA/ErrorAdditionR1/R1_Error3_Toggle,0,0.0,,2228224,2025-08-11 17:24:56
2696,RobotSimForPA/ErrorAdditionR1/R1_Error3_Toggle,0,0.0,,2228224,2025-08-11 17:24:57
2697,RobotSimForPA/ErrorAdditionR1/R1_Error3_Toggle,0,0.0,,2228224,2025-08-11 17:24:58
2698,RobotSimForPA/ErrorAdditionR1/R1_Error3_Toggle,0,0.0,,2228224,2025-08-11 17:24:59
2699,RobotSimForPA/ErrorAdditionR1/R1_Error3_Toggle,0,0.0,,2228224,2025-08-11 17:25:00
2700,RobotSimForPA/ErrorAdditionR1/R1_Error3_Toggle,0,0.0,,2228224,2025-08-11 17:25:01
2701,RobotSimForPA/ErrorAdditionR1/R1_Error3_Toggle,0,0.0,,2228224,2025-08-11 17:25:02
2702,RobotSimForPA/ErrorAdditionR1/R1_Error3_Toggle,0,0.0,,2228224,2025-08-11 17:25:03
2703,RobotSimForPA/ErrorAdditionR1/R1_Error3_Toggle,0,0.0,,2228224,2025-08-11 17:25:04
2704,RobotSimForPA/ErrorAdditionR1/R1_Error3_Toggle,0,0.0,,2228224,2025-08-11 17:25:05
2705,RobotSimForPA/ErrorAdditionR1/R1_Error3_Toggle,0,0.0,,2228224,2025-08-11 17:25:06
2706,RobotSimForPA/ErrorAdditionR1/R1_Error3_Toggle,0,0.0,,2228224,2025-08-11 17:25:07
2707,RobotSimForPA/ErrorAdditionR1/R1_Error3_Toggle,0,0.0,,2228224,2025-08-11 17:25:08
2708,RobotSimForPA/ErrorAdditionR1/R1_Error3_Toggle,0,0.0,,2228224,2025-08-11 17:25:09
2709,RobotSimForPA/ErrorAdditionR1/R1_Error3_Toggle,0,0.0,,2228224,2025-08-11 17:25:10
2710,RobotSimForPA/ErrorAdditionR1/R1_Error3_Toggle,0,0.0,,2228224,2025-08-11 17:25:11
2711,RobotSimForPA/ErrorAdditionR1/R1_Error3_Toggle,0,0.0,,2228224,2025-08-11 17:25:12
2712,RobotSimForPA/ErrorAdditionR1/R1_Error3_Toggle,0,0.0,,2228224,2025-08-11 17:25:13
2713,RobotSimForPA/ErrorAdditionR1/R1_Error3_Toggle,0,0.0,,2228224,2025-08-11 17:25:14
2714,RobotSimForPA/ErrorAdditionR1/R1_Error3_Toggle,0,0.0,,2228224,2025-08-11 17:25:15
2715,RobotSimForPA/ErrorAdditionR1/R1_Error3_Toggle,0,0.0,,2228224,2025-08-11 17:25:16
2716,RobotSimForPA/ErrorAdditionR1/R1_Error3_Toggle,0,0.0,,2228224,2025-08-11 17:25:17
2717,RobotSimForPA/ErrorAdditionR1/R1_Error3_Toggle,0,0.0,,2228224,2025-08-11 17:25:18
2718,RobotSimForPA/ErrorAdditionR1/R1_Error3_Toggle,0,0.0,,2228224,2025-08-11 17:25:19
2719,RobotSimForPA/ErrorAdditionR1/R1_Error3_Toggle,0,0.0,,2228224,2025-08-11 17:25:20
2720,RobotSimForPA/ErrorAdditionR1/R1_Error3_Toggle,0,0.0,,2228224,2025-08-11 17:25:21
2721,RobotSimForPA/ErrorAdditionR1/R1_Error3_Toggle,0,0.0,,2228224,2025-08-11 17:25:22
2722,RobotSimForPA/ErrorAdditionR1/R1_Error3_Toggle,0,0.0,,2228224,2025-08-11 17:25:23
2723,RobotSimForPA/ErrorAdditionR1/R1_Error3_Toggle,0,0.0,,2228224,2025-08-11 17:25:24
2724,RobotSimForPA/ErrorAdditionR1/R1_Error3_Toggle,0,0.0,,2228224,2025-08-11 17:25:25
2725,RobotSimForPA/ErrorAdditionR1/R1_Error3_Toggle,0,0.0,,2228224,2025-08-11 17:25:26
2726,RobotSimForPA/ErrorAdditionR1/R1_Error3_Toggle,0,0.0,,2228224,2025-08-11 17:25:27
2727,RobotSimForPA/ErrorAdditionR1/R1_Error3_Toggle,0,0.0,,2228224,2025-08-11 17:25:28
2728,RobotSimForPA/ErrorAdditionR1/R1_Error3_Toggle,0,0.0,,2228224,2025-08-11 17:25:29
2729,RobotSimForPA/ErrorAdditionR1/R1_Error3_Toggle,0,0.0,,2228224,2025-08-11 17:25:30
2730,RobotSimForPA/ErrorAdditionR1/R1_Error3_Toggle,0,0.0,,2228224,2025-08-11 17:25:31
2731,RobotSimForPA/ErrorAdditionR1/R1_Error3_Toggle,0,0.0,,2228224,2025-08-11 17:25:32
2732,RobotSimForPA/ErrorAdditionR1/R1_Error3_Toggle,0,0.0,,2228224,2025-08-11 17:25:33
2733,RobotSimForPA/ErrorAdditionR1/R1_Error3_Toggle,0,0.0,,2228224,2025-08-11 17:25:34
2734,RobotSimForPA/ErrorAdditionR1/R1_Error3_Toggle,0,0.0,,2228224,2025-08-11 17:25:35
2735,RobotSimForPA/ErrorAdditionR1/R1_Error3_Toggle,0,0.0,,2228224,2025-08-11 17:25:36
2736,RobotSimForPA/ErrorAdditionR1/R1_Error3_Toggle,0,0.0,,2228224,2025-08-11 17:25:37
2737,RobotSimForPA/ErrorAdditionR1/R1_Error3_Toggle,0,0.0,,2228224,2025-08-11 17:25:38
2738,RobotSimForPA/ErrorAdditionR1/R1_Error3_Toggle,0,0.0,,2228224,2025-08-11 17:25:39
2739,RobotSimForPA/ErrorAdditionR1/R1_Error3_Toggle,0,0.0,,2228224,2025-08-11 17:25:40
2740,RobotSimForPA/ErrorAdditionR1/R1_Error3_Toggle,0,0.0,,2228224,2025-08-11 17:25:41
2741,RobotSimForPA/ErrorAdditionR1/R1_Error3_Toggle,0,0.0,,2228224,2025-08-11 17:25:42
2742,RobotSimForPA/ErrorAdditionR1/R1_Error3_Toggle,0,0.0,,2228224,2025-08-11 17:25:43
2743,RobotSimForPA/ErrorAdditionR1/R1_Error3_Toggle,0,0.0,,2228224,2025-08-11 17:25:44
2744,RobotSimForPA/ErrorAdditionR1/R1_Error3_Toggle,0,0.0,,2228224,2025-08-11 17:25:45
2745,RobotSimForPA/ErrorAdditionR1/R1_Error3_Toggle,0,0.0,,2228224,2025-08-11 17:25:46
2746,RobotSimForPA/ErrorAdditionR1/R1_Error3_Toggle,0,0.0,,2228224,2025-08-11 17:25:47
2747,RobotSimForPA/ErrorAdditionR1/R1_Error3_Toggle,0,0.0,,2228224,2025-08-11 17:25:48
2748,RobotSimForPA/ErrorAdditionR1/R1_Error3_Toggle,0,0.0,,2228224,2025-08-11 17:25:49
2749,RobotSimForPA/ErrorAdditionR1/R1_Error3_Toggle,0,0.0,,2228224,2025-08-11 17:25:50
2750,RobotSimForPA/ErrorAdditionR1/R1_Error3_Toggle,0,0.0,,2228224,2025-08-11 17:25:51
2751,RobotSimForPA/ErrorAdditionR1/R1_Error3_Toggle,0,0.0,,2228224,2025-08-11 17:25:52
2752,RobotSimForPA/ErrorAdditionR1/R1_Error3_Toggle,0,0.0,,2228224,2025-08-11 17:25:53
2753,RobotSimForPA/ErrorAdditionR1/R1_Error3_Toggle,0,0.0,,2228224,2025-08-11 17:25:54
2754,RobotSimForPA/ErrorAdditionR1/R1_Error3_Toggle,0,0.0,,2228224,2025-08-11 17:25:55
2755,RobotSimForPA/ErrorAdditionR1/R1_Error3_Toggle,0,0.0,,2228224,2025-08-11 17:25:56
2756,RobotSimForPA/ErrorAdditionR1/R1_Error3_Toggle,0,0.0,,2228224,2025-08-11 17:25:57
2757,RobotSimForPA/ErrorAdditionR1/R1_Error3_Toggle,0,0.0,,2228224,2025-08-11 17:25:58
2758,RobotSimForPA/ErrorAdditionR1/R1_Error3_Toggle,0,0.0,,2228224,2025-08-11 17:25:59
2759,RobotSimForPA/ErrorAdditionR1/R1_Error3_Toggle,0,0.0,,2228224,2025-08-11 17:26:00
2760,RobotSimForPA/ErrorAdditionR1/R1_Error3_Toggle,0,0.0,,2228224,2025-08-11 17:26:01
2761,RobotSimForPA/ErrorAdditionR1/R1_Error3_Toggle,0,0.0,,2228224,2025-08-11 17:26:02
2762,RobotSimForPA/ErrorAdditionR1/R1_Error3_Toggle,0,0.0,,2228224,2025-08-11 17:26:03
2763,RobotSimForPA/ErrorAdditionR1/R1_Error3_Toggle,0,0.0,,2228224,2025-08-11 17:26:04
2764,RobotSimForPA/ErrorAdditionR1/R1_Error3_Toggle,0,0.0,,2228224,2025-08-11 17:26:05
2765,RobotSimForPA/ErrorAdditionR1/R1_Error3_Toggle,0,0.0,,2228224,2025-08-11 17:26:06
2766,RobotSimForPA/ErrorAdditionR1/R1_Error3_Toggle,0,0.0,,2228224,2025-08-11 17:26:07
2767,RobotSimForPA/ErrorAdditionR1/R1_Error3_Toggle,0,0.0,,2228224,2025-08-11 17:26:08
2768,RobotSimForPA/ErrorAdditionR1/R1_Error3_Toggle,0,0.0,,2228224,2025-08-11 17:26:09
2769,RobotSimForPA/ErrorAdditionR1/R1_Error3_Toggle,0,0.0,,2228224,2025-08-11 17:26:10
2770,RobotSimForPA/ErrorAdditionR1/R1_Error3_Toggle,0,0.0,,2228224,2025-08-11 17:26:11
2771,RobotSimForPA/ErrorAdditionR1/R1_Error3_Toggle,0,0.0,,2228224,2025-08-11 17:26:12
2772,RobotSimForPA/ErrorAdditionR1/R1_Error3_Toggle,0,0.0,,2228224,2025-08-11 17:26:13
2773,RobotSimForPA/ErrorAdditionR1/R1_Error3_Toggle,0,0.0,,2228224,2025-08-11 17:26:14
2774,RobotSimForPA/ErrorAdditionR1/R1_Error3_Toggle,0,0.0,,2228224,2025-08-11 17:26:15
2775,RobotSimForPA/ErrorAdditionR1/R1_Error3_Toggle,0,0.0,,2228224,2025-08-11 17:26:16
2776,RobotSimForPA/ErrorAdditionR1/R1_Error3_Toggle,0,0.0,,2228224,2025-08-11 17:26:17
2777,RobotSimForPA/ErrorAdditionR1/R1_Error3_Toggle,0,0.0,,2228224,2025-08-11 17:26:18
2778,RobotSimForPA/ErrorAdditionR1/R1_Error3_Toggle,0,0.0,,2228224,2025-08-11 17:26:19
2779,RobotSimForPA/ErrorAdditionR1/R1_Error3_Toggle,0,0.0,,2228224,2025-08-11 17:26:20
2780,RobotSimForPA/ErrorAdditionR1/R1_Error3_Toggle,0,0.0,,2228224,2025-08-11 17:26:21
2781,RobotSimForPA/ErrorAdditionR1/R1_Error3_Toggle,0,0.0,,2228224,2025-08-11 17:26:22
2782,RobotSimForPA/ErrorAdditionR1/R1_Error3_Toggle,0,0.0,,2228224,2025-08-11 17:26:23
2783,RobotSimForPA/ErrorAdditionR1/R1_Error3_Toggle,0,0.0,,2228224,2025-08-11 17:26:24
2784,RobotSimForPA/ErrorAdditionR1/R1_Error3_Toggle,0,0.0,,2228224,2025-08-11 17:26:25
2785,RobotSimForPA/ErrorAdditionR1/R1_Error3_Toggle,0,0.0,,2228224,2025-08-11 17:26:26
2786,RobotSimForPA/ErrorAdditionR1/R1_Error3_Toggle,0,0.0,,2228224,2025-08-11 17:26:27
2787,RobotSimForPA/ErrorAdditionR1/R1_Error3_Toggle,0,0.0,,2228224,2025-08-11 17:26:28
2788,RobotSimForPA/ErrorAdditionR1/R1_Error3_Toggle,0,0.0,,2228224,2025-08-11 17:26:29
2789,RobotSimForPA/ErrorAdditionR1/R1_Error3_Toggle,0,0.0,,2228224,2025-08-11 17:26:30
2790,RobotSimForPA/ErrorAdditionR1/R1_Error3_Toggle,0,0.0,,2228224,2025-08-11 17:26:31
2791,RobotSimForPA/ErrorAdditionR1/R1_Error3_Toggle,0,0.0,,2228224,2025-08-11 17:26:32
2792,RobotSimForPA/ErrorAdditionR1/R1_Error3_Toggle,0,0.0,,2228224,2025-08-11 17:26:33
2793,RobotSimForPA/ErrorAdditionR1/R1_Error3_Toggle,0,0.0,,2228224,2025-08-11 17:26:34
2794,RobotSimForPA/ErrorAdditionR1/R1_Error3_Toggle,0,0.0,,2228224,2025-08-11 17:26:35
2795,RobotSimForPA/ErrorAdditionR1/R1_Error3_Toggle,0,0.0,,2228224,2025-08-11 17:26:36
2796,RobotSimForPA/ErrorAdditionR1/R1_Error3_Toggle,0,0.0,,2228224,2025-08-11 17:26:37
2797,RobotSimForPA/ErrorAdditionR1/R1_Error3_Toggle,0,0.0,,2228224,2025-08-11 17:26:38
2798,RobotSimForPA/ErrorAdditionR1/R1_Error3_Toggle,0,0.0,,2228224,2025-08-11 17:26:39
2799,RobotSimForPA/ErrorAdditionR1/R1_Error3_Toggle,0,0.0,,2228224,2025-08-11 17:26:40
2800,RobotSimForPA/ErrorAdditionR1/R1_Error3_Toggle,0,0.0,,2228224,2025-08-11 17:26:41
2801,RobotSimForPA/ErrorAdditionR1/R1_Error3_Toggle,0,0.0,,2228224,2025-08-11 17:26:42
2802,RobotSimForPA/ErrorAdditionR1/R1_Error3_Toggle,0,0.0,,2228224,2025-08-11 17:26:43
2803,RobotSimForPA/ErrorAdditionR1/R1_Error3_Toggle,0,0.0,,2228224,2025-08-11 17:26:44
2804,RobotSimForPA/ErrorAdditionR1/R1_Error3_Toggle,0,0.0,,2228224,2025-08-11 17:26:45
2805,RobotSimForPA/ErrorAdditionR1/R1_Error3_Toggle,0,0.0,,2228224,2025-08-11 17:26:46
2806,RobotSimForPA/ErrorAdditionR1/R1_Error3_Toggle,0,0.0,,2228224,2025-08-11 17:26:47
2807,RobotSimForPA/ErrorAdditionR1/R1_Error3_Toggle,0,0.0,,2228224,2025-08-11 17:26:48
2808,RobotSimForPA/ErrorAdditionR1/R1_Error3_Toggle,0,0.0,,2228224,2025-08-11 17:26:49
2809,RobotSimForPA/ErrorAdditionR1/R1_Error3_Toggle,0,0.0,,2228224,2025-08-11 17:26:50
2810,RobotSimForPA/ErrorAdditionR1/R1_Error3_Toggle,0,0.0,,2228224,2025-08-11 17:26:51
2811,RobotSimForPA/ErrorAdditionR1/R1_Error3_Toggle,0,0.0,,2228224,2025-08-11 17:26:52
2812,RobotSimForPA/ErrorAdditionR1/R1_Error3_Toggle,0,0.0,,2228224,2025-08-11 17:26:53
2813,RobotSimForPA/ErrorAdditionR1/R1_Error3_Toggle,0,0.0,,2228224,2025-08-11 17:26:54
2814,RobotSimForPA/ErrorAdditionR1/R1_Error3_Toggle,0,0.0,,2228224,2025-08-11 17:26:55
2815,RobotSimForPA/ErrorAdditionR1/R1_Error3_Toggle,0,0.0,,2228224,2025-08-11 17:26:56
2816,RobotSimForPA/ErrorAdditionR1/R1_Error3_Toggle,0,0.0,,2228224,2025-08-11 17:26:57
2817,RobotSimForPA/ErrorAdditionR1/R1_Error3_Toggle,0,0.0,,2228224,2025-08-11 17:26:58
2818,RobotSimForPA/ErrorAdditionR1/R1_Error3_Toggle,0,0.0,,2228224,2025-08-11 17:26:59
2819,RobotSimForPA/ErrorAdditionR1/R1_Error3_Toggle,0,0.0,,2228224,2025-08-11 17:27:00
2820,RobotSimForPA/ErrorAdditionR1/R1_Error3_Toggle,0,0.0,,2228224,2025-08-11 17:27:01
2821,RobotSimForPA/ErrorAdditionR1/R1_Error3_Toggle,0,0.0,,2228224,2025-08-11 17:27:02
2822,RobotSimForPA/ErrorAdditionR1/R1_Error3_Toggle,0,0.0,,2228224,2025-08-11 17:27:03
2823,RobotSimForPA/ErrorAdditionR1/R1_Error3_Toggle,0,0.0,,2228224,2025-08-11 17:27:04
2824,RobotSimForPA/ErrorAdditionR1/R1_Error3_Toggle,0,0.0,,2228224,2025-08-11 17:27:05
2825,RobotSimForPA/ErrorAdditionR1/R1_Error3_Toggle,0,0.0,,2228224,2025-08-11 17:27:06
2826,RobotSimForPA/ErrorAdditionR1/R1_Error3_Toggle,0,0.0,,2228224,2025-08-11 17:27:07
2827,RobotSimForPA/ErrorAdditionR1/R1_Error3_Toggle,0,0.0,,2228224,2025-08-11 17:27:08
2828,RobotSimForPA/ErrorAdditionR1/R1_Error3_Toggle,0,0.0,,2228224,2025-08-11 17:27:09
2829,RobotSimForPA/ErrorAdditionR1/R1_Error3_Toggle,0,0.0,,2228224,2025-08-11 17:27:10
2830,RobotSimForPA/ErrorAdditionR1/R1_Error3_Toggle,0,0.0,,2228224,2025-08-11 17:27:11
2831,RobotSimForPA/ErrorAdditionR1/R1_Error3_Toggle,0,0.0,,2228224,2025-08-11 17:27:12
2832,RobotSimForPA/ErrorAdditionR1/R1_Error3_Toggle,0,0.0,,2228224,2025-08-11 17:27:13
2833,RobotSimForPA/ErrorAdditionR1/R1_Error3_Toggle,0,0.0,,2228224,2025-08-11 17:27:14
2834,RobotSimForPA/ErrorAdditionR1/R1_Error3_Toggle,0,0.0,,2228224,2025-08-11 17:27:15
2835,RobotSimForPA/ErrorAdditionR1/R1_Error3_Toggle,0,0.0,,2228224,2025-08-11 17:27:16
2836,RobotSimForPA/ErrorAdditionR1/R1_Error3_Toggle,0,0.0,,2228224,2025-08-11 17:27:17
2837,RobotSimForPA/ErrorAdditionR1/R1_Error3_Toggle,0,0.0,,2228224,2025-08-11 17:27:18
2838,RobotSimForPA/ErrorAdditionR1/R1_Error3_Toggle,0,0.0,,2228224,2025-08-11 17:27:19
2839,RobotSimForPA/ErrorAdditionR1/R1_Error3_Toggle,0,0.0,,2228224,2025-08-11 17:27:20
2840,RobotSimForPA/ErrorAdditionR1/R1_Error3_Toggle,0,0.0,,2228224,2025-08-11 17:27:21
2841,RobotSimForPA/ErrorAdditionR1/R1_Error3_Toggle,0,0.0,,2228224,2025-08-11 17:27:22
2842,RobotSimForPA/ErrorAdditionR1/R1_Error3_Toggle,0,0.0,,2228224,2025-08-11 17:27:23
2843,RobotSimForPA/ErrorAdditionR1/R1_Error3_Toggle,0,0.0,,2228224,2025-08-11 17:27:24
2844,RobotSimForPA/ErrorAdditionR1/R1_Error3_Toggle,0,0.0,,2228224,2025-08-11 17:27:25
2845,RobotSimForPA/ErrorAdditionR1/R1_Error3_Toggle,0,0.0,,2228224,2025-08-11 17:27:26
2846,RobotSimForPA/ErrorAdditionR1/R1_Error3_Toggle,0,0.0,,2228224,2025-08-11 17:27:27
2847,RobotSimForPA/ErrorAdditionR1/R1_Error3_Toggle,0,0.0,,2228224,2025-08-11 17:27:28
2848,RobotSimForPA/ErrorAdditionR1/R1_Error3_Toggle,0,0.0,,2228224,2025-08-11 17:27:29
2849,RobotSimForPA/ErrorAdditionR1/R1_Error3_Toggle,0,0.0,,2228224,2025-08-11 17:27:30
2850,RobotSimForPA/ErrorAdditionR1/R1_Error3_Toggle,0,0.0,,2228224,2025-08-11 17:27:31
2851,RobotSimForPA/ErrorAdditionR1/R1_Error3_Toggle,0,0.0,,2228224,2025-08-11 17:27:32
2852,RobotSimForPA/ErrorAdditionR1/R1_Error3_Toggle,0,0.0,,2228224,2025-08-11 17:27:33
2853,RobotSimForPA/ErrorAdditionR1/R1_Error3_Toggle,0,0.0,,2228224,2025-08-11 17:27:34
2854,RobotSimForPA/ErrorAdditionR1/R1_Error3_Toggle,0,0.0,,2228224,2025-08-11 17:27:35
2855,RobotSimForPA/ErrorAdditionR1/R1_Error3_Toggle,0,0.0,,2228224,2025-08-11 17:27:36
2856,RobotSimForPA/ErrorAdditionR1/R1_Error3_Toggle,0,0.0,,2228224,2025-08-11 17:27:37
2857,RobotSimForPA/ErrorAdditionR1/R1_Error3_Toggle,0,0.0,,2228224,2025-08-11 17:27:38
2858,RobotSimForPA/ErrorAdditionR1/R1_Error3_Toggle,0,0.0,,2228224,2025-08-11 17:27:39
2859,RobotSimForPA/ErrorAdditionR1/R1_Error3_Toggle,0,0.0,,2228224,2025-08-11 17:27:40
2860,RobotSimForPA/ErrorAdditionR1/R1_Error3_Toggle,0,0.0,,2228224,2025-08-11 17:27:41
2861,RobotSimForPA/ErrorAdditionR1/R1_Error3_Toggle,0,0.0,,2228224,2025-08-11 17:27:42
2862,RobotSimForPA/ErrorAdditionR1/R1_Error3_Toggle,0,0.0,,2228224,2025-08-11 17:27:43
2863,RobotSimForPA/ErrorAdditionR1/R1_Error3_Toggle,0,0.0,,2228224,2025-08-11 17:27:44
2864,RobotSimForPA/ErrorAdditionR1/R1_Error3_Toggle,0,0.0,,2228224,2025-08-11 17:27:45
2865,RobotSimForPA/ErrorAdditionR1/R1_Error3_Toggle,0,0.0,,2228224,2025-08-11 17:27:46
2866,RobotSimForPA/ErrorAdditionR1/R1_Error3_Toggle,0,0.0,,2228224,2025-08-11 17:27:47
2867,RobotSimForPA/ErrorAdditionR1/R1_Error3_Toggle,0,0.0,,2228224,2025-08-11 17:27:48
2868,RobotSimForPA/ErrorAdditionR1/R1_Error3_Toggle,0,0.0,,2228224,2025-08-11 17:27:49
2869,RobotSimForPA/ErrorAdditionR1/R1_Error3_Toggle,0,0.0,,2228224,2025-08-11 17:27:50
2870,RobotSimForPA/ErrorAdditionR1/R1_Error3_Toggle,0,0.0,,2228224,2025-08-11 17:27:51
2871,RobotSimForPA/ErrorAdditionR1/R1_Error3_Toggle,0,0.0,,2228224,2025-08-11 17:27:52
2872,RobotSimForPA/ErrorAdditionR1/R1_Error3_Toggle,0,0.0,,2228224,2025-08-11 17:27:53
2873,RobotSimForPA/ErrorAdditionR1/R1_Error3_Toggle,0,0.0,,2228224,2025-08-11 17:27:54
2874,RobotSimForPA/ErrorAdditionR1/R1_Error3_Toggle,0,0.0,,2228224,2025-08-11 17:27:55
2875,RobotSimForPA/ErrorAdditionR1/R1_Error3_Toggle,0,0.0,,2228224,2025-08-11 17:27:56
2876,RobotSimForPA/ErrorAdditionR1/R1_Error3_Toggle,0,0.0,,2228224,2025-08-11 17:27:57
2877,RobotSimForPA/ErrorAdditionR1/R1_Error3_Toggle,0,0.0,,2228224,2025-08-11 17:27:58
2878,RobotSimForPA/ErrorAdditionR1/R1_Error3_Toggle,0,0.0,,2228224,2025-08-11 17:27:59
2879,RobotSimForPA/ErrorAdditionR1/R1_Error3_Toggle,0,0.0,,2228224,2025-08-11 17:28:00
2880,RobotSimForPA/ErrorAdditionR1/R1_Error3_Toggle,0,0.0,,2228224,2025-08-11 17:28:01
2881,RobotSimForPA/ErrorAdditionR1/R1_Error3_Toggle,0,0.0,,2228224,2025-08-11 17:28:02
2882,RobotSimForPA/ErrorAdditionR1/R1_Error3_Toggle,0,0.0,,2228224,2025-08-11 17:28:03
2883,RobotSimForPA/ErrorAdditionR1/R1_Error3_Toggle,0,0.0,,2228224,2025-08-11 17:28:04
2884,RobotSimForPA/ErrorAdditionR1/R1_Error3_Toggle,0,0.0,,2228224,2025-08-11 17:28:05
2885,RobotSimForPA/ErrorAdditionR1/R1_Error3_Toggle,0,0.0,,2228224,2025-08-11 17:28:06
2886,RobotSimForPA/ErrorAdditionR1/R1_Error3_Toggle,0,0.0,,2228224,2025-08-11 17:28:07
2887,RobotSimForPA/ErrorAdditionR1/R1_Error3_Toggle,0,0.0,,2228224,2025-08-11 17:28:08
2888,RobotSimForPA/ErrorAdditionR1/R1_Error3_Toggle,0,0.0,,2228224,2025-08-11 17:28:09
2889,RobotSimForPA/ErrorAdditionR1/R1_Error3_Toggle,0,0.0,,2228224,2025-08-11 17:28:10
2890,RobotSimForPA/ErrorAdditionR1/R1_Error3_Toggle,0,0.0,,2228224,2025-08-11 17:28:11
2891,RobotSimForPA/ErrorAdditionR1/R1_Error3_Toggle,0,0.0,,2228224,2025-08-11 17:28:12
2892,RobotSimForPA/ErrorAdditionR1/R1_Error3_Toggle,0,0.0,,2228224,2025-08-11 17:28:13
2893,RobotSimForPA/ErrorAdditionR1/R1_Error3_Toggle,0,0.0,,2228224,2025-08-11 17:28:14
2894,RobotSimForPA/ErrorAdditionR1/R1_Error3_Toggle,0,0.0,,2228224,2025-08-11 17:28:15
2895,RobotSimForPA/ErrorAdditionR1/R1_Error3_Toggle,0,0.0,,2228224,2025-08-11 17:28:16
2896,RobotSimForPA/ErrorAdditionR1/R1_Error3_Toggle,0,0.0,,2228224,2025-08-11 17:28:17
2897,RobotSimForPA/ErrorAdditionR1/R1_Error3_Toggle,0,0.0,,2228224,2025-08-11 17:28:18
2898,RobotSimForPA/ErrorAdditionR1/R1_Error3_Toggle,0,0.0,,2228224,2025-08-11 17:28:19
2899,RobotSimForPA/ErrorAdditionR1/R1_Error3_Toggle,0,0.0,,2228224,2025-08-11 17:28:20
2900,RobotSimForPA/ErrorAdditionR1/R1_Error3_Toggle,0,0.0,,2228224,2025-08-11 17:28:21
2901,RobotSimForPA/ErrorAdditionR1/R1_Error3_Toggle,0,0.0,,2228224,2025-08-11 17:28:22
2902,RobotSimForPA/ErrorAdditionR1/R1_Error3_Toggle,0,0.0,,2228224,2025-08-11 17:28:23
2903,RobotSimForPA/ErrorAdditionR1/R1_Error3_Toggle,0,0.0,,2228224,2025-08-11 17:28:24
2904,RobotSimForPA/ErrorAdditionR1/R1_Error3_Toggle,0,0.0,,2228224,2025-08-11 17:28:25
2905,RobotSimForPA/ErrorAdditionR1/R1_Error3_Toggle,0,0.0,,2228224,2025-08-11 17:28:26
2906,RobotSimForPA/ErrorAdditionR1/R1_Error3_Toggle,0,0.0,,2228224,2025-08-11 17:28:27
2907,RobotSimForPA/ErrorAdditionR1/R1_Error3_Toggle,0,0.0,,2228224,2025-08-11 17:28:28
2908,RobotSimForPA/ErrorAdditionR1/R1_Error3_Toggle,0,0.0,,2228224,2025-08-11 17:28:29
2909,RobotSimForPA/ErrorAdditionR1/R1_Error3_Toggle,0,0.0,,2228224,2025-08-11 17:28:30
2910,RobotSimForPA/ErrorAdditionR1/R1_Error3_Toggle,0,0.0,,2228224,2025-08-11 17:28:31
2911,RobotSimForPA/ErrorAdditionR1/R1_Error3_Toggle,0,0.0,,2228224,2025-08-11 17:28:32
2912,RobotSimForPA/ErrorAdditionR1/R1_Error3_Toggle,0,0.0,,2228224,2025-08-11 17:28:33
2913,RobotSimForPA/ErrorAdditionR1/R1_Error3_Toggle,0,0.0,,2228224,2025-08-11 17:28:34
2914,RobotSimForPA/ErrorAdditionR1/R1_Error3_Toggle,0,0.0,,2228224,2025-08-11 17:28:35
2915,RobotSimForPA/ErrorAdditionR1/R1_Error3_Toggle,0,0.0,,2228224,2025-08-11 17:28:36
2916,RobotSimForPA/ErrorAdditionR1/R1_Error3_Toggle,0,0.0,,2228224,2025-08-11 17:28:37
2917,RobotSimForPA/ErrorAdditionR1/R1_Error3_Toggle,0,0.0,,2228224,2025-08-11 17:28:38
2918,RobotSimForPA/ErrorAdditionR1/R1_Error3_Toggle,0,0.0,,2228224,2025-08-11 17:28:39
2919,RobotSimForPA/ErrorAdditionR1/R1_Error3_Toggle,0,0.0,,2228224,2025-08-11 17:28:40
2920,RobotSimForPA/ErrorAdditionR1/R1_Error3_Toggle,0,0.0,,2228224,2025-08-11 17:28:41
2921,RobotSimForPA/ErrorAdditionR1/R1_Error3_Toggle,0,0.0,,2228224,2025-08-11 17:28:42
2922,RobotSimForPA/ErrorAdditionR1/R1_Error3_Toggle,0,0.0,,2228224,2025-08-11 17:28:43
2923,RobotSimForPA/ErrorAdditionR1/R1_Error3_Toggle,0,0.0,,2228224,2025-08-11 17:28:44
2924,RobotSimForPA/ErrorAdditionR1/R1_Error3_Toggle,0,0.0,,2228224,2025-08-11 17:28:45
2925,RobotSimForPA/ErrorAdditionR1/R1_Error3_Toggle,0,0.0,,2228224,2025-08-11 17:28:46
2926,RobotSimForPA/ErrorAdditionR1/R1_Error3_Toggle,0,0.0,,2228224,2025-08-11 17:28:47
2927,RobotSimForPA/ErrorAdditionR1/R1_Error3_Toggle,0,0.0,,2228224,2025-08-11 17:28:48
2928,RobotSimForPA/ErrorAdditionR1/R1_Error3_Toggle,0,0.0,,2228224,2025-08-11 17:28:49
2929,RobotSimForPA/ErrorAdditionR1/R1_Error3_Toggle,0,0.0,,2228224,2025-08-11 17:28:50
2930,RobotSimForPA/ErrorAdditionR1/R1_Error3_Toggle,0,0.0,,2228224,2025-08-11 17:28:51
2931,RobotSimForPA/ErrorAdditionR1/R1_Error3_Toggle,0,0.0,,2228224,2025-08-11 17:28:52
2932,RobotSimForPA/ErrorAdditionR1/R1_Error3_Toggle,0,0.0,,2228224,2025-08-11 17:28:53
2933,RobotSimForPA/ErrorAdditionR1/R1_Error3_Toggle,0,0.0,,2228224,2025-08-11 17:28:54
2934,RobotSimForPA/ErrorAdditionR1/R1_Error3_Toggle,0,0.0,,2228224,2025-08-11 17:28:55
2935,RobotSimForPA/ErrorAdditionR1/R1_Error3_Toggle,0,0.0,,2228224,2025-08-11 17:28:56
2936,RobotSimForPA/ErrorAdditionR1/R1_Error3_Toggle,0,0.0,,2228224,2025-08-11 17:28:57
2937,RobotSimForPA/ErrorAdditionR1/R1_Error3_Toggle,0,0.0,,2228224,2025-08-11 17:28:58
2938,RobotSimForPA/ErrorAdditionR1/R1_Error3_Toggle,0,0.0,,2228224,2025-08-11 17:28:59
2939,RobotSimForPA/ErrorAdditionR1/R1_Error3_Toggle,0,0.0,,2228224,2025-08-11 17:29:00
2940,RobotSimForPA/ErrorAdditionR1/R1_Error3_Toggle,0,0.0,,2228224,2025-08-11 17:29:01
2941,RobotSimForPA/ErrorAdditionR1/R1_Error3_Toggle,0,0.0,,2228224,2025-08-11 17:29:02
2942,RobotSimForPA/ErrorAdditionR1/R1_Error3_Toggle,0,0.0,,2228224,2025-08-11 17:29:03
2943,RobotSimForPA/ErrorAdditionR1/R1_Error3_Toggle,0,0.0,,2228224,2025-08-11 17:29:04
2944,RobotSimForPA/ErrorAdditionR1/R1_Error3_Toggle,0,0.0,,2228224,2025-08-11 17:29:05
2945,RobotSimForPA/ErrorAdditionR1/R1_Error3_Toggle,0,0.0,,2228224,2025-08-11 17:29:06
2946,RobotSimForPA/ErrorAdditionR1/R1_Error3_Toggle,0,0.0,,2228224,2025-08-11 17:29:07
2947,RobotSimForPA/ErrorAdditionR1/R1_Error3_Toggle,0,0.0,,2228224,2025-08-11 17:29:08
2948,RobotSimForPA/ErrorAdditionR1/R1_Error3_Toggle,0,0.0,,2228224,2025-08-11 17:29:09
2949,RobotSimForPA/ErrorAdditionR1/R1_Error3_Toggle,0,0.0,,2228224,2025-08-11 17:29:10
2950,RobotSimForPA/ErrorAdditionR1/R1_Error3_Toggle,0,0.0,,2228224,2025-08-11 17:29:11
2951,RobotSimForPA/ErrorAdditionR1/R1_Error3_Toggle,0,0.0,,2228224,2025-08-11 17:29:12
2952,RobotSimForPA/ErrorAdditionR1/R1_Error3_Toggle,0,0.0,,2228224,2025-08-11 17:29:13
2953,RobotSimForPA/ErrorAdditionR1/R1_Error3_Toggle,0,0.0,,2228224,2025-08-11 17:29:14
2954,RobotSimForPA/ErrorAdditionR1/R1_Error3_Toggle,0,0.0,,2228224,2025-08-11 17:29:15
2955,RobotSimForPA/ErrorAdditionR1/R1_Error3_Toggle,0,0.0,,2228224,2025-08-11 17:29:16
2956,RobotSimForPA/ErrorAdditionR1/R1_Error3_Toggle,0,0.0,,2228224,2025-08-11 17:29:17
2957,RobotSimForPA/ErrorAdditionR1/R1_Error3_Toggle,0,0.0,,2228224,2025-08-11 17:29:18
2958,RobotSimForPA/ErrorAdditionR1/R1_Error3_Toggle,0,0.0,,2228224,2025-08-11 17:29:19
2959,RobotSimForPA/ErrorAdditionR1/R1_Error3_Toggle,0,0.0,,2228224,2025-08-11 17:29:20
2960,RobotSimForPA/ErrorAdditionR1/R1_Error3_Toggle,0,0.0,,2228224,2025-08-11 17:29:21
2961,RobotSimForPA/ErrorAdditionR1/R1_Error3_Toggle,0,0.0,,2228224,2025-08-11 17:29:22
2962,RobotSimForPA/ErrorAdditionR1/R1_Error3_Toggle,0,0.0,,2228224,2025-08-11 17:29:23
2963,RobotSimForPA/ErrorAdditionR1/R1_Error3_Toggle,0,0.0,,2228224,2025-08-11 17:29:24
2964,RobotSimForPA/ErrorAdditionR1/R1_Error3_Toggle,0,0.0,,2228224,2025-08-11 17:29:25
2965,RobotSimForPA/ErrorAdditionR1/R1_Error3_Toggle,0,0.0,,2228224,2025-08-11 17:29:26
2966,RobotSimForPA/ErrorAdditionR1/R1_Error3_Toggle,0,0.0,,2228224,2025-08-11 17:29:27
2967,RobotSimForPA/ErrorAdditionR1/R1_Error3_Toggle,0,0.0,,2228224,2025-08-11 17:29:28
2968,RobotSimForPA/ErrorAdditionR1/R1_Error3_Toggle,0,0.0,,2228224,2025-08-11 17:29:29
2969,RobotSimForPA/ErrorAdditionR1/R1_Error3_Toggle,0,0.0,,2228224,2025-08-11 17:29:30
2970,RobotSimForPA/ErrorAdditionR1/R1_Error3_Toggle,0,0.0,,2228224,2025-08-11 17:29:31
2971,RobotSimForPA/ErrorAdditionR1/R1_Error3_Toggle,0,0.0,,2228224,2025-08-11 17:29:32
2972,RobotSimForPA/ErrorAdditionR1/R1_Error3_Toggle,0,0.0,,2228224,2025-08-11 17:29:33
2973,RobotSimForPA/ErrorAdditionR1/R1_Error3_Toggle,0,0.0,,2228224,2025-08-11 17:29:34
2974,RobotSimForPA/ErrorAdditionR1/R1_Error3_Toggle,0,0.0,,2228224,2025-08-11 17:29:35
2975,RobotSimForPA/ErrorAdditionR1/R1_Error3_Toggle,0,0.0,,2228224,2025-08-11 17:29:36
2976,RobotSimForPA/ErrorAdditionR1/R1_Error3_Toggle,0,0.0,,2228224,2025-08-11 17:29:37
2977,RobotSimForPA/ErrorAdditionR1/R1_Error3_Toggle,0,0.0,,2228224,2025-08-11 17:29:38
2978,RobotSimForPA/ErrorAdditionR1/R1_Error3_Toggle,0,0.0,,2228224,2025-08-11 17:29:39
2979,RobotSimForPA/ErrorAdditionR1/R1_Error3_Toggle,0,0.0,,2228224,2025-08-11 17:29:40
2980,RobotSimForPA/ErrorAdditionR1/R1_Error3_Toggle,0,0.0,,2228224,2025-08-11 17:29:41
2981,RobotSimForPA/ErrorAdditionR1/R1_Error3_Toggle,0,0.0,,2228224,2025-08-11 17:29:42
2982,RobotSimForPA/ErrorAdditionR1/R1_Error3_Toggle,0,0.0,,2228224,2025-08-11 17:29:43
2983,RobotSimForPA/ErrorAdditionR1/R1_Error3_Toggle,0,0.0,,2228224,2025-08-11 17:29:44
2984,RobotSimForPA/ErrorAdditionR1/R1_Error3_Toggle,0,0.0,,2228224,2025-08-11 17:29:45
2985,RobotSimForPA/ErrorAdditionR1/R1_Error3_Toggle,0,0.0,,2228224,2025-08-11 17:29:46
2986,RobotSimForPA/ErrorAdditionR1/R1_Error3_Toggle,0,0.0,,2228224,2025-08-11 17:29:47
2987,RobotSimForPA/ErrorAdditionR1/R1_Error3_Toggle,0,0.0,,2228224,2025-08-11 17:29:48
2988,RobotSimForPA/ErrorAdditionR1/R1_Error3_Toggle,0,0.0,,2228224,2025-08-11 17:29:49
2989,RobotSimForPA/ErrorAdditionR1/R1_Error3_Toggle,0,0.0,,2228224,2025-08-11 17:29:50
2990,RobotSimForPA/ErrorAdditionR1/R1_Error3_Toggle,0,0.0,,2228224,2025-08-11 17:29:51
2991,RobotSimForPA/ErrorAdditionR1/R1_Error3_Toggle,0,0.0,,2228224,2025-08-11 17:29:52
2992,RobotSimForPA/ErrorAdditionR1/R1_Error3_Toggle,0,0.0,,2228224,2025-08-11 17:29:53
2993,RobotSimForPA/ErrorAdditionR1/R1_Error3_Toggle,0,0.0,,2228224,2025-08-11 17:29:54
2994,RobotSimForPA/ErrorAdditionR1/R1_Error3_Toggle,0,0.0,,2228224,2025-08-11 17:29:55
2995,RobotSimForPA/ErrorAdditionR1/R1_Error3_Toggle,0,0.0,,2228224,2025-08-11 17:29:56
2996,RobotSimForPA/ErrorAdditionR1/R1_Error3_Toggle,0,0.0,,2228224,2025-08-11 17:29:57
2997,RobotSimForPA/ErrorAdditionR1/R1_Error3_Toggle,0,0.0,,2228224,2025-08-11 17:29:58
2998,RobotSimForPA/ErrorAdditionR1/R1_Error3_Toggle,0,0.0,,2228224,2025-08-11 17:29:59
2999,RobotSimForPA/ErrorAdditionR1/R1_Error3_Toggle,0,0.0,,2228224,2025-08-11 17:30:00
3000,RobotSimForPA/ErrorAdditionR1/R1_Error3_Toggle,0,0.0,,2228224,2025-08-11 17:30:01
3001,RobotSimForPA/ErrorAdditionR1/R1_Error3_Toggle,0,0.0,,2228224,2025-08-11 17:30:02
3002,RobotSimForPA/ErrorAdditionR1/R1_Error3_Toggle,0,0.0,,2228224,2025-08-11 17:30:03
3003,RobotSimForPA/ErrorAdditionR1/R1_Error3_Toggle,0,0.0,,2228224,2025-08-11 17:30:04
3004,RobotSimForPA/ErrorAdditionR1/R1_Error3_Toggle,0,0.0,,2228224,2025-08-11 17:30:05
3005,RobotSimForPA/ErrorAdditionR1/R1_Error3_Toggle,0,0.0,,2228224,2025-08-11 17:30:06
3006,RobotSimForPA/ErrorAdditionR1/R1_Error3_Toggle,0,0.0,,2228224,2025-08-11 17:30:07
3007,RobotSimForPA/ErrorAdditionR1/R1_Error3_Toggle,0,0.0,,2228224,2025-08-11 17:30:08
3008,RobotSimForPA/ErrorAdditionR1/R1_Error3_Toggle,0,0.0,,2228224,2025-08-11 17:30:09
3009,RobotSimForPA/ErrorAdditionR1/R1_Error3_Toggle,0,0.0,,2228224,2025-08-11 17:30:10
3010,RobotSimForPA/ErrorAdditionR1/R1_Error3_Toggle,0,0.0,,2228224,2025-08-11 17:30:11
3011,RobotSimForPA/ErrorAdditionR1/R1_Error3_Toggle,0,0.0,,2228224,2025-08-11 17:30:12
3012,RobotSimForPA/ErrorAdditionR1/R1_Error3_Toggle,0,0.0,,2228224,2025-08-11 17:30:13
3013,RobotSimForPA/ErrorAdditionR1/R1_Error3_Toggle,0,0.0,,2228224,2025-08-11 17:30:14
3014,RobotSimForPA/ErrorAdditionR1/R1_Error3_Toggle,0,0.0,,2228224,2025-08-11 17:30:15
3015,RobotSimForPA/ErrorAdditionR1/R1_Error3_Toggle,0,0.0,,2228224,2025-08-11 17:30:16
3016,RobotSimForPA/ErrorAdditionR1/R1_Error3_Toggle,0,0.0,,2228224,2025-08-11 17:30:17
3017,RobotSimForPA/ErrorAdditionR1/R1_Error3_Toggle,0,0.0,,2228224,2025-08-11 17:30:18
3018,RobotSimForPA/ErrorAdditionR1/R1_Error3_Toggle,0,0.0,,2228224,2025-08-11 17:30:19
3019,RobotSimForPA/ErrorAdditionR1/R1_Error3_Toggle,0,0.0,,2228224,2025-08-11 17:30:20
3020,RobotSimForPA/ErrorAdditionR1/R1_Error3_Toggle,0,0.0,,2228224,2025-08-11 17:30:21
3021,RobotSimForPA/ErrorAdditionR1/R1_Error3_Toggle,0,0.0,,2228224,2025-08-11 17:30:22
3022,RobotSimForPA/ErrorAdditionR1/R1_Error3_Toggle,0,0.0,,2228224,2025-08-11 17:30:23
3023,RobotSimForPA/ErrorAdditionR1/R1_Error3_Toggle,0,0.0,,2228224,2025-08-11 17:30:24
3024,RobotSimForPA/ErrorAdditionR1/R1_Error3_Toggle,0,0.0,,2228224,2025-08-11 17:30:25
3025,RobotSimForPA/ErrorAdditionR1/R1_Error3_Toggle,0,0.0,,2228224,2025-08-11 17:30:26
3026,RobotSimForPA/ErrorAdditionR1/R1_Error3_Toggle,0,0.0,,2228224,2025-08-11 17:30:27
3027,RobotSimForPA/ErrorAdditionR1/R1_Error3_Toggle,0,0.0,,2228224,2025-08-11 17:30:28
3028,RobotSimForPA/ErrorAdditionR1/R1_Error3_Toggle,0,0.0,,2228224,2025-08-11 17:30:29
3029,RobotSimForPA/ErrorAdditionR1/R1_Error3_Toggle,0,0.0,,2228224,2025-08-11 17:30:30
3030,RobotSimForPA/ErrorAdditionR1/R1_Error3_Toggle,0,0.0,,2228224,2025-08-11 17:30:31
3031,RobotSimForPA/ErrorAdditionR1/R1_Error3_Toggle,0,0.0,,2228224,2025-08-11 17:30:32
3032,RobotSimForPA/ErrorAdditionR1/R1_Error3_Toggle,0,0.0,,2228224,2025-08-11 17:30:33
3033,RobotSimForPA/ErrorAdditionR1/R1_Error3_Toggle,0,0.0,,2228224,2025-08-11 17:30:34
3034,RobotSimForPA/ErrorAdditionR1/R1_Error3_Toggle,0,0.0,,2228224,2025-08-11 17:30:35
3035,RobotSimForPA/ErrorAdditionR1/R1_Error3_Toggle,0,0.0,,2228224,2025-08-11 17:30:36
3036,RobotSimForPA/ErrorAdditionR1/R1_Error3_Toggle,0,0.0,,2228224,2025-08-11 17:30:37
3037,RobotSimForPA/ErrorAdditionR1/R1_Error3_Toggle,0,0.0,,2228224,2025-08-11 17:30:38
3038,RobotSimForPA/ErrorAdditionR1/R1_Error3_Toggle,0,0.0,,2228224,2025-08-11 17:30:39
3039,RobotSimForPA/ErrorAdditionR1/R1_Error3_Toggle,0,0.0,,2228224,2025-08-11 17:30:40
3040,RobotSimForPA/ErrorAdditionR1/R1_Error3_Toggle,0,0.0,,2228224,2025-08-11 17:30:41
3041,RobotSimForPA/ErrorAdditionR1/R1_Error3_Toggle,0,0.0,,2228224,2025-08-11 17:30:42
3042,RobotSimForPA/ErrorAdditionR1/R1_Error3_Toggle,0,0.0,,2228224,2025-08-11 17:30:43
3043,RobotSimForPA/ErrorAdditionR1/R1_Error3_Toggle,0,0.0,,2228224,2025-08-11 17:30:44
3044,RobotSimForPA/ErrorAdditionR1/R1_Error3_Toggle,0,0.0,,2228224,2025-08-11 17:30:45
3045,RobotSimForPA/ErrorAdditionR1/R1_Error3_Toggle,0,0.0,,2228224,2025-08-11 17:30:46
3046,RobotSimForPA/ErrorAdditionR1/R1_Error3_Toggle,0,0.0,,2228224,2025-08-11 17:30:47
3047,RobotSimForPA/ErrorAdditionR1/R1_Error3_Toggle,0,0.0,,2228224,2025-08-11 17:30:48
3048,RobotSimForPA/ErrorAdditionR1/R1_Error3_Toggle,0,0.0,,2228224,2025-08-11 17:30:49
3049,RobotSimForPA/ErrorAdditionR1/R1_Error3_Toggle,0,0.0,,2228224,2025-08-11 17:30:50
3050,RobotSimForPA/ErrorAdditionR1/R1_Error3_Toggle,0,0.0,,2228224,2025-08-11 17:30:51
3051,RobotSimForPA/ErrorAdditionR1/R1_Error3_Toggle,0,0.0,,2228224,2025-08-11 17:30:52
3052,RobotSimForPA/ErrorAdditionR1/R1_Error3_Toggle,0,0.0,,2228224,2025-08-11 17:30:53
3053,RobotSimForPA/ErrorAdditionR1/R1_Error3_Toggle,0,0.0,,2228224,2025-08-11 17:30:54
3054,RobotSimForPA/ErrorAdditionR1/R1_Error3_Toggle,0,0.0,,2228224,2025-08-11 17:30:55
3055,RobotSimForPA/ErrorAdditionR1/R1_Error3_Toggle,0,0.0,,2228224,2025-08-11 17:30:56
3056,RobotSimForPA/ErrorAdditionR1/R1_Error3_Toggle,0,0.0,,2228224,2025-08-11 17:30:57
3057,RobotSimForPA/ErrorAdditionR1/R1_Error3_Toggle,0,0.0,,2228224,2025-08-11 17:30:58
3058,RobotSimForPA/ErrorAdditionR1/R1_Error3_Toggle,0,0.0,,2228224,2025-08-11 17:30:59
3059,RobotSimForPA/ErrorAdditionR1/R1_Error3_Toggle,0,0.0,,2228224,2025-08-11 17:31:00
3060,RobotSimForPA/ErrorAdditionR1/R1_Error3_Toggle,0,0.0,,2228224,2025-08-11 17:31:01
3061,RobotSimForPA/ErrorAdditionR1/R1_Error3_Toggle,0,0.0,,2228224,2025-08-11 17:31:02
3062,RobotSimForPA/ErrorAdditionR1/R1_Error3_Toggle,0,0.0,,2228224,2025-08-11 17:31:03
3063,RobotSimForPA/ErrorAdditionR1/R1_Error3_Toggle,0,0.0,,2228224,2025-08-11 17:31:04
3064,RobotSimForPA/ErrorAdditionR1/R1_Error3_Toggle,0,0.0,,2228224,2025-08-11 17:31:05
3065,RobotSimForPA/ErrorAdditionR1/R1_Error3_Toggle,0,0.0,,2228224,2025-08-11 17:31:06
3066,RobotSimForPA/ErrorAdditionR1/R1_Error3_Toggle,0,0.0,,2228224,2025-08-11 17:31:07
3067,RobotSimForPA/ErrorAdditionR1/R1_Error3_Toggle,0,0.0,,2228224,2025-08-11 17:31:08
3068,RobotSimForPA/ErrorAdditionR1/R1_Error3_Toggle,0,0.0,,2228224,2025-08-11 17:31:09
3069,RobotSimForPA/ErrorAdditionR1/R1_Error3_Toggle,0,0.0,,2228224,2025-08-11 17:31:10
3070,RobotSimForPA/ErrorAdditionR1/R1_Error3_Toggle,0,0.0,,2228224,2025-08-11 17:31:11
3071,RobotSimForPA/ErrorAdditionR1/R1_Error3_Toggle,0,0.0,,2228224,2025-08-11 17:31:12
3072,RobotSimForPA/ErrorAdditionR1/R1_Error3_Toggle,0,0.0,,2228224,2025-08-11 17:31:13
3073,RobotSimForPA/ErrorAdditionR1/R1_Error3_Toggle,0,0.0,,2228224,2025-08-11 17:31:14
3074,RobotSimForPA/ErrorAdditionR1/R1_Error3_Toggle,0,0.0,,2228224,2025-08-11 17:31:15
3075,RobotSimForPA/ErrorAdditionR1/R1_Error3_Toggle,0,0.0,,2228224,2025-08-11 17:31:16
3076,RobotSimForPA/ErrorAdditionR1/R1_Error3_Toggle,0,0.0,,2228224,2025-08-11 17:31:17
3077,RobotSimForPA/ErrorAdditionR1/R1_Error3_Toggle,0,0.0,,2228224,2025-08-11 17:31:18
3078,RobotSimForPA/ErrorAdditionR1/R1_Error3_Toggle,0,0.0,,2228224,2025-08-11 17:31:19
3079,RobotSimForPA/ErrorAdditionR1/R1_Error3_Toggle,0,0.0,,2228224,2025-08-11 17:31:20
3080,RobotSimForPA/ErrorAdditionR1/R1_Error3_Toggle,0,0.0,,2228224,2025-08-11 17:31:21
3081,RobotSimForPA/ErrorAdditionR1/R1_Error3_Toggle,0,0.0,,2228224,2025-08-11 17:31:22
3082,RobotSimForPA/ErrorAdditionR1/R1_Error3_Toggle,0,0.0,,2228224,2025-08-11 17:31:23
3083,RobotSimForPA/ErrorAdditionR1/R1_Error3_Toggle,0,0.0,,2228224,2025-08-11 17:31:24
3084,RobotSimForPA/ErrorAdditionR1/R1_Error3_Toggle,0,0.0,,2228224,2025-08-11 17:31:25
3085,RobotSimForPA/ErrorAdditionR1/R1_Error3_Toggle,0,0.0,,2228224,2025-08-11 17:31:26
3086,RobotSimForPA/ErrorAdditionR1/R1_Error3_Toggle,0,0.0,,2228224,2025-08-11 17:31:27
3087,RobotSimForPA/ErrorAdditionR1/R1_Error3_Toggle,0,0.0,,2228224,2025-08-11 17:31:28
3088,RobotSimForPA/ErrorAdditionR1/R1_Error3_Toggle,0,0.0,,2228224,2025-08-11 17:31:29
3089,RobotSimForPA/ErrorAdditionR1/R1_Error3_Toggle,0,0.0,,2228224,2025-08-11 17:31:30
3090,RobotSimForPA/ErrorAdditionR1/R1_Error3_Toggle,0,0.0,,2228224,2025-08-11 17:31:31
3091,RobotSimForPA/ErrorAdditionR1/R1_Error3_Toggle,0,0.0,,2228224,2025-08-11 17:31:32
3092,RobotSimForPA/ErrorAdditionR1/R1_Error3_Toggle,0,0.0,,2228224,2025-08-11 17:31:33
3093,RobotSimForPA/ErrorAdditionR1/R1_Error3_Toggle,0,0.0,,2228224,2025-08-11 17:31:34
3094,RobotSimForPA/ErrorAdditionR1/R1_Error3_Toggle,0,0.0,,2228224,2025-08-11 17:31:35
3095,RobotSimForPA/ErrorAdditionR1/R1_Error3_Toggle,0,0.0,,2228224,2025-08-11 17:31:36
3096,RobotSimForPA/ErrorAdditionR1/R1_Error3_Toggle,0,0.0,,2228224,2025-08-11 17:31:37
3097,RobotSimForPA/ErrorAdditionR1/R1_Error3_Toggle,0,0.0,,2228224,2025-08-11 17:31:38
3098,RobotSimForPA/ErrorAdditionR1/R1_Error3_Toggle,0,0.0,,2228224,2025-08-11 17:31:39
3099,RobotSimForPA/ErrorAdditionR1/R1_Error3_Toggle,0,0.0,,2228224,2025-08-11 17:31:40
3100,RobotSimForPA/ErrorAdditionR1/R1_Error3_Toggle,0,0.0,,2228224,2025-08-11 17:31:41
3101,RobotSimForPA/ErrorAdditionR1/R1_Error3_Toggle,0,0.0,,2228224,2025-08-11 17:31:42
3102,RobotSimForPA/ErrorAdditionR1/R1_Error3_Toggle,0,0.0,,2228224,2025-08-11 17:31:43
3103,RobotSimForPA/ErrorAdditionR1/R1_Error3_Toggle,0,0.0,,2228224,2025-08-11 17:31:44
3104,RobotSimForPA/ErrorAdditionR1/R1_Error3_Toggle,0,0.0,,2228224,2025-08-11 17:31:45
3105,RobotSimForPA/ErrorAdditionR1/R1_Error3_Toggle,0,0.0,,2228224,2025-08-11 17:31:46
3106,RobotSimForPA/ErrorAdditionR1/R1_Error3_Toggle,0,0.0,,2228224,2025-08-11 17:31:47
3107,RobotSimForPA/ErrorAdditionR1/R1_Error3_Toggle,0,0.0,,2228224,2025-08-11 17:31:48
3108,RobotSimForPA/ErrorAdditionR1/R1_Error3_Toggle,0,0.0,,2228224,2025-08-11 17:31:49
3109,RobotSimForPA/ErrorAdditionR1/R1_Error3_Toggle,0,0.0,,2228224,2025-08-11 17:31:50
3110,RobotSimForPA/ErrorAdditionR1/R1_Error3_Toggle,0,0.0,,2228224,2025-08-11 17:31:51
3111,RobotSimForPA/ErrorAdditionR1/R1_Error3_Toggle,0,0.0,,2228224,2025-08-11 17:31:52
3112,RobotSimForPA/ErrorAdditionR1/R1_Error3_Toggle,0,0.0,,2228224,2025-08-11 17:31:53
3113,RobotSimForPA/ErrorAdditionR1/R1_Error3_Toggle,0,0.0,,2228224,2025-08-11 17:31:54
3114,RobotSimForPA/ErrorAdditionR1/R1_Error3_Toggle,0,0.0,,2228224,2025-08-11 17:31:55
3115,RobotSimForPA/ErrorAdditionR1/R1_Error3_Toggle,0,0.0,,2228224,2025-08-11 17:31:56
3116,RobotSimForPA/ErrorAdditionR1/R1_Error3_Toggle,0,0.0,,2228224,2025-08-11 17:31:57
3117,RobotSimForPA/ErrorAdditionR1/R1_Error3_Toggle,0,0.0,,2228224,2025-08-11 17:31:58
3118,RobotSimForPA/ErrorAdditionR1/R1_Error3_Toggle,0,0.0,,2228224,2025-08-11 17:31:59
3119,RobotSimForPA/ErrorAdditionR1/R1_Error3_Toggle,0,0.0,,2228224,2025-08-11 17:32:00
3120,RobotSimForPA/ErrorAdditionR1/R1_Error3_Toggle,0,0.0,,2228224,2025-08-11 17:32:01
3121,RobotSimForPA/ErrorAdditionR1/R1_Error3_Toggle,0,0.0,,2228224,2025-08-11 17:32:02
3122,RobotSimForPA/ErrorAdditionR1/R1_Error3_Toggle,0,0.0,,2228224,2025-08-11 17:32:03
3123,RobotSimForPA/ErrorAdditionR1/R1_Error3_Toggle,0,0.0,,2228224,2025-08-11 17:32:04
3124,RobotSimForPA/ErrorAdditionR1/R1_Error3_Toggle,0,0.0,,2228224,2025-08-11 17:32:05
3125,RobotSimForPA/ErrorAdditionR1/R1_Error3_Toggle,0,0.0,,2228224,2025-08-11 17:32:06
3126,RobotSimForPA/ErrorAdditionR1/R1_Error3_Toggle,0,0.0,,2228224,2025-08-11 17:32:07
3127,RobotSimForPA/ErrorAdditionR1/R1_Error3_Toggle,0,0.0,,2228224,2025-08-11 17:32:08
3128,RobotSimForPA/ErrorAdditionR1/R1_Error3_Toggle,0,0.0,,2228224,2025-08-11 17:32:09
3129,RobotSimForPA/ErrorAdditionR1/R1_Error3_Toggle,0,0.0,,2228224,2025-08-11 17:32:10
3130,RobotSimForPA/ErrorAdditionR1/R1_Error3_Toggle,0,0.0,,2228224,2025-08-11 17:32:11
3131,RobotSimForPA/ErrorAdditionR1/R1_Error3_Toggle,0,0.0,,2228224,2025-08-11 17:32:12
3132,RobotSimForPA/ErrorAdditionR1/R1_Error3_Toggle,0,0.0,,2228224,2025-08-11 17:32:13
3133,RobotSimForPA/ErrorAdditionR1/R1_Error3_Toggle,0,0.0,,2228224,2025-08-11 17:32:14
3134,RobotSimForPA/ErrorAdditionR1/R1_Error3_Toggle,0,0.0,,2228224,2025-08-11 17:32:15
3135,RobotSimForPA/ErrorAdditionR1/R1_Error3_Toggle,0,0.0,,2228224,2025-08-11 17:32:16
3136,RobotSimForPA/ErrorAdditionR1/R1_Error3_Toggle,0,0.0,,2228224,2025-08-11 17:32:17
3137,RobotSimForPA/ErrorAdditionR1/R1_Error3_Toggle,0,0.0,,2228224,2025-08-11 17:32:18
3138,RobotSimForPA/ErrorAdditionR1/R1_Error3_Toggle,0,0.0,,2228224,2025-08-11 17:32:19
3139,RobotSimForPA/ErrorAdditionR1/R1_Error3_Toggle,0,0.0,,2228224,2025-08-11 17:32:20
3140,RobotSimForPA/ErrorAdditionR1/R1_Error3_Toggle,0,0.0,,2228224,2025-08-11 17:32:21
3141,RobotSimForPA/ErrorAdditionR1/R1_Error3_Toggle,0,0.0,,2228224,2025-08-11 17:32:22
3142,RobotSimForPA/ErrorAdditionR1/R1_Error3_Toggle,0,0.0,,2228224,2025-08-11 17:32:23
3143,RobotSimForPA/ErrorAdditionR1/R1_Error3_Toggle,0,0.0,,2228224,2025-08-11 17:32:24
3144,RobotSimForPA/ErrorAdditionR1/R1_Error3_Toggle,0,0.0,,2228224,2025-08-11 17:32:25
3145,RobotSimForPA/ErrorAdditionR1/R1_Error3_Toggle,0,0.0,,2228224,2025-08-11 17:32:26
3146,RobotSimForPA/ErrorAdditionR1/R1_Error3_Toggle,0,0.0,,2228224,2025-08-11 17:32:27
3147,RobotSimForPA/ErrorAdditionR1/R1_Error3_Toggle,0,0.0,,2228224,2025-08-11 17:32:28
3148,RobotSimForPA/ErrorAdditionR1/R1_Error3_Toggle,0,0.0,,2228224,2025-08-11 17:32:29
3149,RobotSimForPA/ErrorAdditionR1/R1_Error3_Toggle,0,0.0,,2228224,2025-08-11 17:32:30
3150,RobotSimForPA/ErrorAdditionR1/R1_Error3_Toggle,0,0.0,,2228224,2025-08-11 17:32:31
3151,RobotSimForPA/ErrorAdditionR1/R1_Error3_Toggle,0,0.0,,2228224,2025-08-11 17:32:32
3152,RobotSimForPA/ErrorAdditionR1/R1_Error3_Toggle,0,0.0,,2228224,2025-08-11 17:32:33
3153,RobotSimForPA/ErrorAdditionR1/R1_Error3_Toggle,0,0.0,,2228224,2025-08-11 17:32:34
3154,RobotSimForPA/ErrorAdditionR1/R1_Error3_Toggle,0,0.0,,2228224,2025-08-11 17:32:35
3155,RobotSimForPA/ErrorAdditionR1/R1_Error3_Toggle,0,0.0,,2228224,2025-08-11 17:32:36
3156,RobotSimForPA/ErrorAdditionR1/R1_Error3_Toggle,0,0.0,,2228224,2025-08-11 17:32:37
3157,RobotSimForPA/ErrorAdditionR1/R1_Error3_Toggle,0,0.0,,2228224,2025-08-11 17:32:38
3158,RobotSimForPA/ErrorAdditionR1/R1_Error3_Toggle,0,0.0,,2228224,2025-08-11 17:32:39
3159,RobotSimForPA/ErrorAdditionR1/R1_Error3_Toggle,0,0.0,,2228224,2025-08-11 17:32:40
3160,RobotSimForPA/ErrorAdditionR1/R1_Error3_Toggle,0,0.0,,2228224,2025-08-11 17:32:41
3161,RobotSimForPA/ErrorAdditionR1/R1_Error3_Toggle,0,0.0,,2228224,2025-08-11 17:32:42
3162,RobotSimForPA/ErrorAdditionR1/R1_Error3_Toggle,0,0.0,,2228224,2025-08-11 17:32:43
3163,RobotSimForPA/ErrorAdditionR1/R1_Error3_Toggle,0,0.0,,2228224,2025-08-11 17:32:44
3164,RobotSimForPA/ErrorAdditionR1/R1_Error3_Toggle,0,0.0,,2228224,2025-08-11 17:32:45
3165,RobotSimForPA/ErrorAdditionR1/R1_Error3_Toggle,0,0.0,,2228224,2025-08-11 17:32:46
3166,RobotSimForPA/ErrorAdditionR1/R1_Error3_Toggle,0,0.0,,2228224,2025-08-11 17:32:47
3167,RobotSimForPA/ErrorAdditionR1/R1_Error3_Toggle,0,0.0,,2228224,2025-08-11 17:32:48
3168,RobotSimForPA/ErrorAdditionR1/R1_Error3_Toggle,0,0.0,,2228224,2025-08-11 17:32:49
3169,RobotSimForPA/ErrorAdditionR1/R1_Error3_Toggle,0,0.0,,2228224,2025-08-11 17:32:50
3170,RobotSimForPA/ErrorAdditionR1/R1_Error3_Toggle,0,0.0,,2228224,2025-08-11 17:32:51
3171,RobotSimForPA/ErrorAdditionR1/R1_Error3_Toggle,0,0.0,,2228224,2025-08-11 17:32:52
3172,RobotSimForPA/ErrorAdditionR1/R1_Error3_Toggle,0,0.0,,2228224,2025-08-11 17:32:53
3173,RobotSimForPA/ErrorAdditionR1/R1_Error3_Toggle,0,0.0,,2228224,2025-08-11 17:32:54
3174,RobotSimForPA/ErrorAdditionR1/R1_Error3_Toggle,0,0.0,,2228224,2025-08-11 17:32:55
3175,RobotSimForPA/ErrorAdditionR1/R1_Error3_Toggle,0,0.0,,2228224,2025-08-11 17:32:56
3176,RobotSimForPA/ErrorAdditionR1/R1_Error3_Toggle,0,0.0,,2228224,2025-08-11 17:32:57
3177,RobotSimForPA/ErrorAdditionR1/R1_Error3_Toggle,0,0.0,,2228224,2025-08-11 17:32:58
3178,RobotSimForPA/ErrorAdditionR1/R1_Error3_Toggle,0,0.0,,2228224,2025-08-11 17:32:59
3179,RobotSimForPA/ErrorAdditionR1/R1_Error3_Toggle,0,0.0,,2228224,2025-08-11 17:33:00
3180,RobotSimForPA/ErrorAdditionR1/R1_Error3_Toggle,0,0.0,,2228224,2025-08-11 17:33:01
3181,RobotSimForPA/ErrorAdditionR1/R1_Error3_Toggle,0,0.0,,2228224,2025-08-11 17:33:02
3182,RobotSimForPA/ErrorAdditionR1/R1_Error3_Toggle,0,0.0,,2228224,2025-08-11 17:33:03
3183,RobotSimForPA/ErrorAdditionR1/R1_Error3_Toggle,0,0.0,,2228224,2025-08-11 17:33:04
3184,RobotSimForPA/ErrorAdditionR1/R1_Error3_Toggle,0,0.0,,2228224,2025-08-11 17:33:05
3185,RobotSimForPA/ErrorAdditionR1/R1_Error3_Toggle,0,0.0,,2228224,2025-08-11 17:33:06
3186,RobotSimForPA/ErrorAdditionR1/R1_Error3_Toggle,0,0.0,,2228224,2025-08-11 17:33:07
3187,RobotSimForPA/ErrorAdditionR1/R1_Error3_Toggle,0,0.0,,2228224,2025-08-11 17:33:08
3188,RobotSimForPA/ErrorAdditionR1/R1_Error3_Toggle,0,0.0,,2228224,2025-08-11 17:33:09
3189,RobotSimForPA/ErrorAdditionR1/R1_Error3_Toggle,0,0.0,,2228224,2025-08-11 17:33:10
3190,RobotSimForPA/ErrorAdditionR1/R1_Error3_Toggle,0,0.0,,2228224,2025-08-11 17:33:11
3191,RobotSimForPA/ErrorAdditionR1/R1_Error3_Toggle,0,0.0,,2228224,2025-08-11 17:33:12
3192,RobotSimForPA/ErrorAdditionR1/R1_Error3_Toggle,0,0.0,,2228224,2025-08-11 17:33:13
3193,RobotSimForPA/ErrorAdditionR1/R1_Error3_Toggle,0,0.0,,2228224,2025-08-11 17:33:14
3194,RobotSimForPA/ErrorAdditionR1/R1_Error3_Toggle,0,0.0,,2228224,2025-08-11 17:33:15
3195,RobotSimForPA/ErrorAdditionR1/R1_Error3_Toggle,0,0.0,,2228224,2025-08-11 17:33:16
3196,RobotSimForPA/ErrorAdditionR1/R1_Error3_Toggle,0,0.0,,2228224,2025-08-11 17:33:17
3197,RobotSimForPA/ErrorAdditionR1/R1_Error3_Toggle,0,0.0,,2228224,2025-08-11 17:33:18
3198,RobotSimForPA/ErrorAdditionR1/R1_Error3_Toggle,0,0.0,,2228224,2025-08-11 17:33:19
3199,RobotSimForPA/ErrorAdditionR1/R1_Error3_Toggle,0,0.0,,2228224,2025-08-11 17:33:20
3200,RobotSimForPA/ErrorAdditionR1/R1_Error3_Toggle,0,0.0,,2228224,2025-08-11 17:33:21
3201,RobotSimForPA/ErrorAdditionR1/R1_Error3_Toggle,0,0.0,,2228224,2025-08-11 17:33:22
3202,RobotSimForPA/ErrorAdditionR1/R1_Error3_Toggle,0,0.0,,2228224,2025-08-11 17:33:23
3203,RobotSimForPA/ErrorAdditionR1/R1_Error3_Toggle,0,0.0,,2228224,2025-08-11 17:33:24
3204,RobotSimForPA/ErrorAdditionR1/R1_Error3_Toggle,0,0.0,,2228224,2025-08-11 17:33:25
3205,RobotSimForPA/ErrorAdditionR1/R1_Error3_Toggle,0,0.0,,2228224,2025-08-11 17:33:26
3206,RobotSimForPA/ErrorAdditionR1/R1_Error3_Toggle,0,0.0,,2228224,2025-08-11 17:33:27
3207,RobotSimForPA/ErrorAdditionR1/R1_Error3_Toggle,0,0.0,,2228224,2025-08-11 17:33:28
3208,RobotSimForPA/ErrorAdditionR1/R1_Error3_Toggle,0,0.0,,2228224,2025-08-11 17:33:29
3209,RobotSimForPA/ErrorAdditionR1/R1_Error3_Toggle,0,0.0,,2228224,2025-08-11 17:33:30
3210,RobotSimForPA/ErrorAdditionR1/R1_Error3_Toggle,0,0.0,,2228224,2025-08-11 17:33:31
3211,RobotSimForPA/ErrorAdditionR1/R1_Error3_Toggle,0,0.0,,2228224,2025-08-11 17:33:32
3212,RobotSimForPA/ErrorAdditionR1/R1_Error3_Toggle,0,0.0,,2228224,2025-08-11 17:33:33
3213,RobotSimForPA/ErrorAdditionR1/R1_Error3_Toggle,0,0.0,,2228224,2025-08-11 17:33:34
3214,RobotSimForPA/ErrorAdditionR1/R1_Error3_Toggle,0,0.0,,2228224,2025-08-11 17:33:35
3215,RobotSimForPA/ErrorAdditionR1/R1_Error3_Toggle,0,0.0,,2228224,2025-08-11 17:33:36
3216,RobotSimForPA/ErrorAdditionR1/R1_Error3_Toggle,0,0.0,,2228224,2025-08-11 17:33:37
3217,RobotSimForPA/ErrorAdditionR1/R1_Error3_Toggle,0,0.0,,2228224,2025-08-11 17:33:38
3218,RobotSimForPA/ErrorAdditionR1/R1_Error3_Toggle,0,0.0,,2228224,2025-08-11 17:33:39
3219,RobotSimForPA/ErrorAdditionR1/R1_Error3_Toggle,0,0.0,,2228224,2025-08-11 17:33:40
3220,RobotSimForPA/ErrorAdditionR1/R1_Error3_Toggle,0,0.0,,2228224,2025-08-11 17:33:41
3221,RobotSimForPA/ErrorAdditionR1/R1_Error3_Toggle,0,0.0,,2228224,2025-08-11 17:33:42
3222,RobotSimForPA/ErrorAdditionR1/R1_Error3_Toggle,0,0.0,,2228224,2025-08-11 17:33:43
3223,RobotSimForPA/ErrorAdditionR1/R1_Error3_Toggle,0,0.0,,2228224,2025-08-11 17:33:44
3224,RobotSimForPA/ErrorAdditionR1/R1_Error3_Toggle,0,0.0,,2228224,2025-08-11 17:33:45
3225,RobotSimForPA/ErrorAdditionR1/R1_Error3_Toggle,0,0.0,,2228224,2025-08-11 17:33:46
3226,RobotSimForPA/ErrorAdditionR1/R1_Error3_Toggle,0,0.0,,2228224,2025-08-11 17:33:47
3227,RobotSimForPA/ErrorAdditionR1/R1_Error3_Toggle,0,0.0,,2228224,2025-08-11 17:33:48
3228,RobotSimForPA/ErrorAdditionR1/R1_Error3_Toggle,0,0.0,,2228224,2025-08-11 17:33:49
3229,RobotSimForPA/ErrorAdditionR1/R1_Error3_Toggle,0,0.0,,2228224,2025-08-11 17:33:50
3230,RobotSimForPA/ErrorAdditionR1/R1_Error3_Toggle,0,0.0,,2228224,2025-08-11 17:33:51
3231,RobotSimForPA/ErrorAdditionR1/R1_Error3_Toggle,0,0.0,,2228224,2025-08-11 17:33:52
3232,RobotSimForPA/ErrorAdditionR1/R1_Error3_Toggle,0,0.0,,2228224,2025-08-11 17:33:53
3233,RobotSimForPA/ErrorAdditionR1/R1_Error3_Toggle,0,0.0,,2228224,2025-08-11 17:33:54
3234,RobotSimForPA/ErrorAdditionR1/R1_Error3_Toggle,0,0.0,,2228224,2025-08-11 17:33:55
3235,RobotSimForPA/ErrorAdditionR1/R1_Error3_Toggle,0,0.0,,2228224,2025-08-11 17:33:56
3236,RobotSimForPA/ErrorAdditionR1/R1_Error3_Toggle,0,0.0,,2228224,2025-08-11 17:33:57
3237,RobotSimForPA/ErrorAdditionR1/R1_Error3_Toggle,0,0.0,,2228224,2025-08-11 17:33:58
3238,RobotSimForPA/ErrorAdditionR1/R1_Error3_Toggle,0,0.0,,2228224,2025-08-11 17:33:59
3239,RobotSimForPA/ErrorAdditionR1/R1_Error3_Toggle,0,0.0,,2228224,2025-08-11 17:34:00
3240,RobotSimForPA/ErrorAdditionR1/R1_Error3_Toggle,0,0.0,,2228224,2025-08-11 17:34:01
3241,RobotSimForPA/ErrorAdditionR1/R1_Error3_Toggle,0,0.0,,2228224,2025-08-11 17:34:02
3242,RobotSimForPA/ErrorAdditionR1/R1_Error3_Toggle,0,0.0,,2228224,2025-08-11 17:34:03
3243,RobotSimForPA/ErrorAdditionR1/R1_Error3_Toggle,0,0.0,,2228224,2025-08-11 17:34:04
3244,RobotSimForPA/ErrorAdditionR1/R1_Error3_Toggle,0,0.0,,2228224,2025-08-11 17:34:05
3245,RobotSimForPA/ErrorAdditionR1/R1_Error3_Toggle,0,0.0,,2228224,2025-08-11 17:34:06
3246,RobotSimForPA/ErrorAdditionR1/R1_Error3_Toggle,0,0.0,,2228224,2025-08-11 17:34:07
3247,RobotSimForPA/ErrorAdditionR1/R1_Error3_Toggle,0,0.0,,2228224,2025-08-11 17:34:08
3248,RobotSimForPA/ErrorAdditionR1/R1_Error3_Toggle,0,0.0,,2228224,2025-08-11 17:34:09
3249,RobotSimForPA/ErrorAdditionR1/R1_Error3_Toggle,0,0.0,,2228224,2025-08-11 17:34:10
3250,RobotSimForPA/ErrorAdditionR1/R1_Error3_Toggle,0,0.0,,2228224,2025-08-11 17:34:11
3251,RobotSimForPA/ErrorAdditionR1/R1_Error3_Toggle,0,0.0,,2228224,2025-08-11 17:34:12
3252,RobotSimForPA/ErrorAdditionR1/R1_Error3_Toggle,0,0.0,,2228224,2025-08-11 17:34:13
3253,RobotSimForPA/ErrorAdditionR1/R1_Error3_Toggle,0,0.0,,2228224,2025-08-11 17:34:14
3254,RobotSimForPA/ErrorAdditionR1/R1_Error3_Toggle,0,0.0,,2228224,2025-08-11 17:34:15
3255,RobotSimForPA/ErrorAdditionR1/R1_Error3_Toggle,0,0.0,,2228224,2025-08-11 17:34:16
3256,RobotSimForPA/ErrorAdditionR1/R1_Error3_Toggle,0,0.0,,2228224,2025-08-11 17:34:17
3257,RobotSimForPA/ErrorAdditionR1/R1_Error3_Toggle,0,0.0,,2228224,2025-08-11 17:34:18
3258,RobotSimForPA/ErrorAdditionR1/R1_Error3_Toggle,0,0.0,,2228224,2025-08-11 17:34:19
3259,RobotSimForPA/ErrorAdditionR1/R1_Error3_Toggle,0,0.0,,2228224,2025-08-11 17:34:20
3260,RobotSimForPA/ErrorAdditionR1/R1_Error3_Toggle,0,0.0,,2228224,2025-08-11 17:34:21
3261,RobotSimForPA/ErrorAdditionR1/R1_Error3_Toggle,0,0.0,,2228224,2025-08-11 17:34:22
3262,RobotSimForPA/ErrorAdditionR1/R1_Error3_Toggle,0,0.0,,2228224,2025-08-11 17:34:23
3263,RobotSimForPA/ErrorAdditionR1/R1_Error3_Toggle,0,0.0,,2228224,2025-08-11 17:34:24
3264,RobotSimForPA/ErrorAdditionR1/R1_Error3_Toggle,0,0.0,,2228224,2025-08-11 17:34:25
3265,RobotSimForPA/ErrorAdditionR1/R1_Error3_Toggle,0,0.0,,2228224,2025-08-11 17:34:26
3266,RobotSimForPA/ErrorAdditionR1/R1_Error3_Toggle,0,0.0,,2228224,2025-08-11 17:34:27
3267,RobotSimForPA/ErrorAdditionR1/R1_Error3_Toggle,0,0.0,,2228224,2025-08-11 17:34:28
3268,RobotSimForPA/ErrorAdditionR1/R1_Error3_Toggle,0,0.0,,2228224,2025-08-11 17:34:29
3269,RobotSimForPA/ErrorAdditionR1/R1_Error3_Toggle,0,0.0,,2228224,2025-08-11 17:34:30
3270,RobotSimForPA/ErrorAdditionR1/R1_Error3_Toggle,0,0.0,,2228224,2025-08-11 17:34:31
3271,RobotSimForPA/ErrorAdditionR1/R1_Error3_Toggle,0,0.0,,2228224,2025-08-11 17:34:32
3272,RobotSimForPA/ErrorAdditionR1/R1_Error3_Toggle,0,0.0,,2228224,2025-08-11 17:34:33
3273,RobotSimForPA/ErrorAdditionR1/R1_Error3_Toggle,0,0.0,,2228224,2025-08-11 17:34:34
3274,RobotSimForPA/ErrorAdditionR1/R1_Error3_Toggle,0,0.0,,2228224,2025-08-11 17:34:35
3275,RobotSimForPA/ErrorAdditionR1/R1_Error3_Toggle,0,0.0,,2228224,2025-08-11 17:34:36
3276,RobotSimForPA/ErrorAdditionR1/R1_Error3_Toggle,0,0.0,,2228224,2025-08-11 17:34:37
3277,RobotSimForPA/ErrorAdditionR1/R1_Error3_Toggle,0,0.0,,2228224,2025-08-11 17:34:38
3278,RobotSimForPA/ErrorAdditionR1/R1_Error3_Toggle,0,0.0,,2228224,2025-08-11 17:34:39
3279,RobotSimForPA/ErrorAdditionR1/R1_Error3_Toggle,0,0.0,,2228224,2025-08-11 17:34:40
3280,RobotSimForPA/ErrorAdditionR1/R1_Error3_Toggle,0,0.0,,2228224,2025-08-11 17:34:41
3281,RobotSimForPA/ErrorAdditionR1/R1_Error3_Toggle,0,0.0,,2228224,2025-08-11 17:34:42
3282,RobotSimForPA/ErrorAdditionR1/R1_Error3_Toggle,0,0.0,,2228224,2025-08-11 17:34:43
3283,RobotSimForPA/ErrorAdditionR1/R1_Error3_Toggle,0,0.0,,2228224,2025-08-11 17:34:44
3284,RobotSimForPA/ErrorAdditionR1/R1_Error3_Toggle,0,0.0,,2228224,2025-08-11 17:34:45
3285,RobotSimForPA/ErrorAdditionR1/R1_Error3_Toggle,0,0.0,,2228224,2025-08-11 17:34:46
3286,RobotSimForPA/ErrorAdditionR1/R1_Error3_Toggle,0,0.0,,2228224,2025-08-11 17:34:47
3287,RobotSimForPA/ErrorAdditionR1/R1_Error3_Toggle,0,0.0,,2228224,2025-08-11 17:34:48
3288,RobotSimForPA/ErrorAdditionR1/R1_Error3_Toggle,0,0.0,,2228224,2025-08-11 17:34:49
3289,RobotSimForPA/ErrorAdditionR1/R1_Error3_Toggle,0,0.0,,2228224,2025-08-11 17:34:50
3290,RobotSimForPA/ErrorAdditionR1/R1_Error3_Toggle,0,0.0,,2228224,2025-08-11 17:34:51
3291,RobotSimForPA/ErrorAdditionR1/R1_Error3_Toggle,0,0.0,,2228224,2025-08-11 17:34:52
3292,RobotSimForPA/ErrorAdditionR1/R1_Error3_Toggle,0,0.0,,2228224,2025-08-11 17:34:53
3293,RobotSimForPA/ErrorAdditionR1/R1_Error3_Toggle,0,0.0,,2228224,2025-08-11 17:34:54
3294,RobotSimForPA/ErrorAdditionR1/R1_Error3_Toggle,0,0.0,,2228224,2025-08-11 17:34:55
3295,RobotSimForPA/ErrorAdditionR1/R1_Error3_Toggle,0,0.0,,2228224,2025-08-11 17:34:56
3296,RobotSimForPA/ErrorAdditionR1/R1_Error3_Toggle,0,0.0,,2228224,2025-08-11 17:34:57
3297,RobotSimForPA/ErrorAdditionR1/R1_Error3_Toggle,0,0.0,,2228224,2025-08-11 17:34:58
3298,RobotSimForPA/ErrorAdditionR1/R1_Error3_Toggle,0,0.0,,2228224,2025-08-11 17:34:59
3299,RobotSimForPA/ErrorAdditionR1/R1_Error3_Toggle,0,0.0,,2228224,2025-08-11 17:35:00
3300,RobotSimForPA/ErrorAdditionR1/R1_Error3_Toggle,0,0.0,,2228224,2025-08-11 17:35:01
3301,RobotSimForPA/ErrorAdditionR1/R1_Error3_Toggle,0,0.0,,2228224,2025-08-11 17:35:02
3302,RobotSimForPA/ErrorAdditionR1/R1_Error3_Toggle,0,0.0,,2228224,2025-08-11 17:35:03
3303,RobotSimForPA/ErrorAdditionR1/R1_Error3_Toggle,0,0.0,,2228224,2025-08-11 17:35:04
3304,RobotSimForPA/ErrorAdditionR1/R1_Error3_Toggle,0,0.0,,2228224,2025-08-11 17:35:05
3305,RobotSimForPA/ErrorAdditionR1/R1_Error3_Toggle,0,0.0,,2228224,2025-08-11 17:35:06
3306,RobotSimForPA/ErrorAdditionR1/R1_Error3_Toggle,0,0.0,,2228224,2025-08-11 17:35:07
3307,RobotSimForPA/ErrorAdditionR1/R1_Error3_Toggle,0,0.0,,2228224,2025-08-11 17:35:08
3308,RobotSimForPA/ErrorAdditionR1/R1_Error3_Toggle,0,0.0,,2228224,2025-08-11 17:35:09
3309,RobotSimForPA/ErrorAdditionR1/R1_Error3_Toggle,0,0.0,,2228224,2025-08-11 17:35:10
3310,RobotSimForPA/ErrorAdditionR1/R1_Error3_Toggle,0,0.0,,2228224,2025-08-11 17:35:11
3311,RobotSimForPA/ErrorAdditionR1/R1_Error3_Toggle,0,0.0,,2228224,2025-08-11 17:35:12
3312,RobotSimForPA/ErrorAdditionR1/R1_Error3_Toggle,0,0.0,,2228224,2025-08-11 17:35:13
3313,RobotSimForPA/ErrorAdditionR1/R1_Error3_Toggle,0,0.0,,2228224,2025-08-11 17:35:14
3314,RobotSimForPA/ErrorAdditionR1/R1_Error3_Toggle,0,0.0,,2228224,2025-08-11 17:35:15
3315,RobotSimForPA/ErrorAdditionR1/R1_Error3_Toggle,0,0.0,,2228224,2025-08-11 17:35:16
3316,RobotSimForPA/ErrorAdditionR1/R1_Error3_Toggle,0,0.0,,2228224,2025-08-11 17:35:17
3317,RobotSimForPA/ErrorAdditionR1/R1_Error3_Toggle,0,0.0,,2228224,2025-08-11 17:35:18
3318,RobotSimForPA/ErrorAdditionR1/R1_Error3_Toggle,0,0.0,,2228224,2025-08-11 17:35:19
3319,RobotSimForPA/ErrorAdditionR1/R1_Error3_Toggle,0,0.0,,2228224,2025-08-11 17:35:20
3320,RobotSimForPA/ErrorAdditionR1/R1_Error3_Toggle,0,0.0,,2228224,2025-08-11 17:35:21
3321,RobotSimForPA/ErrorAdditionR1/R1_Error3_Toggle,0,0.0,,2228224,2025-08-11 17:35:22
3322,RobotSimForPA/ErrorAdditionR1/R1_Error3_Toggle,0,0.0,,2228224,2025-08-11 17:35:23
3323,RobotSimForPA/ErrorAdditionR1/R1_Error3_Toggle,0,0.0,,2228224,2025-08-11 17:35:24
3324,RobotSimForPA/ErrorAdditionR1/R1_Error3_Toggle,0,0.0,,2228224,2025-08-11 17:35:25
3325,RobotSimForPA/ErrorAdditionR1/R1_Error3_Toggle,0,0.0,,2228224,2025-08-11 17:35:26
3326,RobotSimForPA/ErrorAdditionR1/R1_Error3_Toggle,0,0.0,,2228224,2025-08-11 17:35:27
3327,RobotSimForPA/ErrorAdditionR1/R1_Error3_Toggle,0,0.0,,2228224,2025-08-11 17:35:28
3328,RobotSimForPA/ErrorAdditionR1/R1_Error3_Toggle,0,0.0,,2228224,2025-08-11 17:35:29
3329,RobotSimForPA/ErrorAdditionR1/R1_Error3_Toggle,0,0.0,,2228224,2025-08-11 17:35:30
3330,RobotSimForPA/ErrorAdditionR1/R1_Error3_Toggle,0,0.0,,2228224,2025-08-11 17:35:31
3331,RobotSimForPA/ErrorAdditionR1/R1_Error3_Toggle,0,0.0,,2228224,2025-08-11 17:35:32
3332,RobotSimForPA/ErrorAdditionR1/R1_Error3_Toggle,0,0.0,,2228224,2025-08-11 17:35:33
3333,RobotSimForPA/ErrorAdditionR1/R1_Error3_Toggle,0,0.0,,2228224,2025-08-11 17:35:34
3334,RobotSimForPA/ErrorAdditionR1/R1_Error3_Toggle,0,0.0,,2228224,2025-08-11 17:35:35
3335,RobotSimForPA/ErrorAdditionR1/R1_Error3_Toggle,0,0.0,,2228224,2025-08-11 17:35:36
3336,RobotSimForPA/ErrorAdditionR1/R1_Error3_Toggle,0,0.0,,2228224,2025-08-11 17:35:37
3337,RobotSimForPA/ErrorAdditionR1/R1_Error3_Toggle,0,0.0,,2228224,2025-08-11 17:35:38
3338,RobotSimForPA/ErrorAdditionR1/R1_Error3_Toggle,0,0.0,,2228224,2025-08-11 17:35:39
3339,RobotSimForPA/ErrorAdditionR1/R1_Error3_Toggle,0,0.0,,2228224,2025-08-11 17:35:40
3340,RobotSimForPA/ErrorAdditionR1/R1_Error3_Toggle,0,0.0,,2228224,2025-08-11 17:35:41
3341,RobotSimForPA/ErrorAdditionR1/R1_Error3_Toggle,0,0.0,,2228224,2025-08-11 17:35:42
3342,RobotSimForPA/ErrorAdditionR1/R1_Error3_Toggle,0,0.0,,2228224,2025-08-11 17:35:43
3343,RobotSimForPA/ErrorAdditionR1/R1_Error3_Toggle,0,0.0,,2228224,2025-08-11 17:35:44
3344,RobotSimForPA/ErrorAdditionR1/R1_Error3_Toggle,0,0.0,,2228224,2025-08-11 17:35:45
3345,RobotSimForPA/ErrorAdditionR1/R1_Error3_Toggle,0,0.0,,2228224,2025-08-11 17:35:46
3346,RobotSimForPA/ErrorAdditionR1/R1_Error3_Toggle,0,0.0,,2228224,2025-08-11 17:35:47
3347,RobotSimForPA/ErrorAdditionR1/R1_Error3_Toggle,0,0.0,,2228224,2025-08-11 17:35:48
3348,RobotSimForPA/ErrorAdditionR1/R1_Error3_Toggle,0,0.0,,2228224,2025-08-11 17:35:49
3349,RobotSimForPA/ErrorAdditionR1/R1_Error3_Toggle,0,0.0,,2228224,2025-08-11 17:35:50
3350,RobotSimForPA/ErrorAdditionR1/R1_Error3_Toggle,0,0.0,,2228224,2025-08-11 17:35:51
3351,RobotSimForPA/ErrorAdditionR1/R1_Error3_Toggle,0,0.0,,2228224,2025-08-11 17:35:52
3352,RobotSimForPA/ErrorAdditionR1/R1_Error3_Toggle,0,0.0,,2228224,2025-08-11 17:35:53
3353,RobotSimForPA/ErrorAdditionR1/R1_Error3_Toggle,0,0.0,,2228224,2025-08-11 17:35:54
3354,RobotSimForPA/ErrorAdditionR1/R1_Error3_Toggle,0,0.0,,2228224,2025-08-11 17:35:55
3355,RobotSimForPA/ErrorAdditionR1/R1_Error3_Toggle,0,0.0,,2228224,2025-08-11 17:35:56
3356,RobotSimForPA/ErrorAdditionR1/R1_Error3_Toggle,0,0.0,,2228224,2025-08-11 17:35:57
3357,RobotSimForPA/ErrorAdditionR1/R1_Error3_Toggle,0,0.0,,2228224,2025-08-11 17:35:58
3358,RobotSimForPA/ErrorAdditionR1/R1_Error3_Toggle,0,0.0,,2228224,2025-08-11 17:35:59
3359,RobotSimForPA/ErrorAdditionR1/R1_Error3_Toggle,0,0.0,,2228224,2025-08-11 17:36:00
3360,RobotSimForPA/ErrorAdditionR1/R1_Error3_Toggle,0,0.0,,2228224,2025-08-11 17:36:01
3361,RobotSimForPA/ErrorAdditionR1/R1_Error3_Toggle,0,0.0,,2228224,2025-08-11 17:36:02
3362,RobotSimForPA/ErrorAdditionR1/R1_Error3_Toggle,0,0.0,,2228224,2025-08-11 17:36:03
3363,RobotSimForPA/ErrorAdditionR1/R1_Error3_Toggle,0,0.0,,2228224,2025-08-11 17:36:04
3364,RobotSimForPA/ErrorAdditionR1/R1_Error3_Toggle,0,0.0,,2228224,2025-08-11 17:36:05
3365,RobotSimForPA/ErrorAdditionR1/R1_Error3_Toggle,0,0.0,,2228224,2025-08-11 17:36:06
3366,RobotSimForPA/ErrorAdditionR1/R1_Error3_Toggle,0,0.0,,2228224,2025-08-11 17:36:07
3367,RobotSimForPA/ErrorAdditionR1/R1_Error3_Toggle,0,0.0,,2228224,2025-08-11 17:36:08
3368,RobotSimForPA/ErrorAdditionR1/R1_Error3_Toggle,0,0.0,,2228224,2025-08-11 17:36:09
3369,RobotSimForPA/ErrorAdditionR1/R1_Error3_Toggle,0,0.0,,2228224,2025-08-11 17:36:10
3370,RobotSimForPA/ErrorAdditionR1/R1_Error3_Toggle,0,0.0,,2228224,2025-08-11 17:36:11
3371,RobotSimForPA/ErrorAdditionR1/R1_Error3_Toggle,0,0.0,,2228224,2025-08-11 17:36:12
3372,RobotSimForPA/ErrorAdditionR1/R1_Error3_Toggle,0,0.0,,2228224,2025-08-11 17:36:13
3373,RobotSimForPA/ErrorAdditionR1/R1_Error3_Toggle,0,0.0,,2228224,2025-08-11 17:36:14
3374,RobotSimForPA/ErrorAdditionR1/R1_Error3_Toggle,0,0.0,,2228224,2025-08-11 17:36:15
3375,RobotSimForPA/ErrorAdditionR1/R1_Error3_Toggle,0,0.0,,2228224,2025-08-11 17:36:16
3376,RobotSimForPA/ErrorAdditionR1/R1_Error3_Toggle,0,0.0,,2228224,2025-08-11 17:36:17
3377,RobotSimForPA/ErrorAdditionR1/R1_Error3_Toggle,0,0.0,,2228224,2025-08-11 17:36:18
3378,RobotSimForPA/ErrorAdditionR1/R1_Error3_Toggle,0,0.0,,2228224,2025-08-11 17:36:19
3379,RobotSimForPA/ErrorAdditionR1/R1_Error3_Toggle,0,0.0,,2228224,2025-08-11 17:36:20
3380,RobotSimForPA/ErrorAdditionR1/R1_Error3_Toggle,0,0.0,,2228224,2025-08-11 17:36:21
3381,RobotSimForPA/ErrorAdditionR1/R1_Error3_Toggle,0,0.0,,2228224,2025-08-11 17:36:22
3382,RobotSimForPA/ErrorAdditionR1/R1_Error3_Toggle,0,0.0,,2228224,2025-08-11 17:36:23
3383,RobotSimForPA/ErrorAdditionR1/R1_Error3_Toggle,0,0.0,,2228224,2025-08-11 17:36:24
3384,RobotSimForPA/ErrorAdditionR1/R1_Error3_Toggle,0,0.0,,2228224,2025-08-11 17:36:25
3385,RobotSimForPA/ErrorAdditionR1/R1_Error3_Toggle,0,0.0,,2228224,2025-08-11 17:36:26
3386,RobotSimForPA/ErrorAdditionR1/R1_Error3_Toggle,0,0.0,,2228224,2025-08-11 17:36:27
3387,RobotSimForPA/ErrorAdditionR1/R1_Error3_Toggle,0,0.0,,2228224,2025-08-11 17:36:28
3388,RobotSimForPA/ErrorAdditionR1/R1_Error3_Toggle,0,0.0,,2228224,2025-08-11 17:36:29
3389,RobotSimForPA/ErrorAdditionR1/R1_Error3_Toggle,0,0.0,,2228224,2025-08-11 17:36:30
3390,RobotSimForPA/ErrorAdditionR1/R1_Error3_Toggle,0,0.0,,2228224,2025-08-11 17:36:31
3391,RobotSimForPA/ErrorAdditionR1/R1_Error3_Toggle,0,0.0,,2228224,2025-08-11 17:36:32
3392,RobotSimForPA/ErrorAdditionR1/R1_Error3_Toggle,0,0.0,,2228224,2025-08-11 17:36:33
3393,RobotSimForPA/ErrorAdditionR1/R1_Error3_Toggle,0,0.0,,2228224,2025-08-11 17:36:34
3394,RobotSimForPA/ErrorAdditionR1/R1_Error3_Toggle,0,0.0,,2228224,2025-08-11 17:36:35
3395,RobotSimForPA/ErrorAdditionR1/R1_Error3_Toggle,0,0.0,,2228224,2025-08-11 17:36:36
3396,RobotSimForPA/ErrorAdditionR1/R1_Error3_Toggle,0,0.0,,2228224,2025-08-11 17:36:37
3397,RobotSimForPA/ErrorAdditionR1/R1_Error3_Toggle,0,0.0,,2228224,2025-08-11 17:36:38
3398,RobotSimForPA/ErrorAdditionR1/R1_Error3_Toggle,0,0.0,,2228224,2025-08-11 17:36:39
3399,RobotSimForPA/ErrorAdditionR1/R1_Error3_Toggle,0,0.0,,2228224,2025-08-11 17:36:40
3400,RobotSimForPA/ErrorAdditionR1/R1_Error3_Toggle,0,0.0,,2228224,2025-08-11 17:36:41
3401,RobotSimForPA/ErrorAdditionR1/R1_Error3_Toggle,0,0.0,,2228224,2025-08-11 17:36:42
3402,RobotSimForPA/ErrorAdditionR1/R1_Error3_Toggle,0,0.0,,2228224,2025-08-11 17:36:43
3403,RobotSimForPA/ErrorAdditionR1/R1_Error3_Toggle,0,0.0,,2228224,2025-08-11 17:36:44
3404,RobotSimForPA/ErrorAdditionR1/R1_Error3_Toggle,0,0.0,,2228224,2025-08-11 17:36:45
3405,RobotSimForPA/ErrorAdditionR1/R1_Error3_Toggle,0,0.0,,2228224,2025-08-11 17:36:46
3406,RobotSimForPA/ErrorAdditionR1/R1_Error3_Toggle,0,0.0,,2228224,2025-08-11 17:36:47
3407,RobotSimForPA/ErrorAdditionR1/R1_Error3_Toggle,0,0.0,,2228224,2025-08-11 17:36:48
3408,RobotSimForPA/ErrorAdditionR1/R1_Error3_Toggle,0,0.0,,2228224,2025-08-11 17:36:49
3409,RobotSimForPA/ErrorAdditionR1/R1_Error3_Toggle,0,0.0,,2228224,2025-08-11 17:36:50
3410,RobotSimForPA/ErrorAdditionR1/R1_Error3_Toggle,0,0.0,,2228224,2025-08-11 17:36:51
3411,RobotSimForPA/ErrorAdditionR1/R1_Error3_Toggle,0,0.0,,2228224,2025-08-11 17:36:52
3412,RobotSimForPA/ErrorAdditionR1/R1_Error3_Toggle,0,0.0,,2228224,2025-08-11 17:36:53
3413,RobotSimForPA/ErrorAdditionR1/R1_Error3_Toggle,0,0.0,,2228224,2025-08-11 17:36:54
3414,RobotSimForPA/ErrorAdditionR1/R1_Error3_Toggle,0,0.0,,2228224,2025-08-11 17:36:55
3415,RobotSimForPA/ErrorAdditionR1/R1_Error3_Toggle,0,0.0,,2228224,2025-08-11 17:36:56
3416,RobotSimForPA/ErrorAdditionR1/R1_Error3_Toggle,0,0.0,,2228224,2025-08-11 17:36:57
3417,RobotSimForPA/ErrorAdditionR1/R1_Error3_Toggle,0,0.0,,2228224,2025-08-11 17:36:58
3418,RobotSimForPA/ErrorAdditionR1/R1_Error3_Toggle,0,0.0,,2228224,2025-08-11 17:36:59
3419,RobotSimForPA/ErrorAdditionR1/R1_Error3_Toggle,0,0.0,,2228224,2025-08-11 17:37:00
3420,RobotSimForPA/ErrorAdditionR1/R1_Error3_Toggle,0,0.0,,2228224,2025-08-11 17:37:01
3421,RobotSimForPA/ErrorAdditionR1/R1_Error3_Toggle,0,0.0,,2228224,2025-08-11 17:37:02
3422,RobotSimForPA/ErrorAdditionR1/R1_Error3_Toggle,0,0.0,,2228224,2025-08-11 17:37:03
3423,RobotSimForPA/ErrorAdditionR1/R1_Error3_Toggle,0,0.0,,2228224,2025-08-11 17:37:04
3424,RobotSimForPA/ErrorAdditionR1/R1_Error3_Toggle,0,0.0,,2228224,2025-08-11 17:37:05
3425,RobotSimForPA/ErrorAdditionR1/R1_Error3_Toggle,0,0.0,,2228224,2025-08-11 17:37:06
3426,RobotSimForPA/ErrorAdditionR1/R1_Error3_Toggle,0,0.0,,2228224,2025-08-11 17:37:07
3427,RobotSimForPA/ErrorAdditionR1/R1_Error3_Toggle,0,0.0,,2228224,2025-08-11 17:37:08
3428,RobotSimForPA/ErrorAdditionR1/R1_Error3_Toggle,0,0.0,,2228224,2025-08-11 17:37:09
3429,RobotSimForPA/ErrorAdditionR1/R1_Error3_Toggle,0,0.0,,2228224,2025-08-11 17:37:10
3430,RobotSimForPA/ErrorAdditionR1/R1_Error3_Toggle,0,0.0,,2228224,2025-08-11 17:37:11
3431,RobotSimForPA/ErrorAdditionR1/R1_Error3_Toggle,0,0.0,,2228224,2025-08-11 17:37:12
3432,RobotSimForPA/ErrorAdditionR1/R1_Error3_Toggle,0,0.0,,2228224,2025-08-11 17:37:13
3433,RobotSimForPA/ErrorAdditionR1/R1_Error3_Toggle,0,0.0,,2228224,2025-08-11 17:37:14
3434,RobotSimForPA/ErrorAdditionR1/R1_Error3_Toggle,0,0.0,,2228224,2025-08-11 17:37:15
3435,RobotSimForPA/ErrorAdditionR1/R1_Error3_Toggle,0,0.0,,2228224,2025-08-11 17:37:16
3436,RobotSimForPA/ErrorAdditionR1/R1_Error3_Toggle,0,0.0,,2228224,2025-08-11 17:37:17
3437,RobotSimForPA/ErrorAdditionR1/R1_Error3_Toggle,0,0.0,,2228224,2025-08-11 17:37:18
3438,RobotSimForPA/ErrorAdditionR1/R1_Error3_Toggle,0,0.0,,2228224,2025-08-11 17:37:19
3439,RobotSimForPA/ErrorAdditionR1/R1_Error3_Toggle,0,0.0,,2228224,2025-08-11 17:37:20
3440,RobotSimForPA/ErrorAdditionR1/R1_Error3_Toggle,0,0.0,,2228224,2025-08-11 17:37:21
3441,RobotSimForPA/ErrorAdditionR1/R1_Error3_Toggle,0,0.0,,2228224,2025-08-11 17:37:22
3442,RobotSimForPA/ErrorAdditionR1/R1_Error3_Toggle,0,0.0,,2228224,2025-08-11 17:37:23
3443,RobotSimForPA/ErrorAdditionR1/R1_Error3_Toggle,0,0.0,,2228224,2025-08-11 17:37:24
3444,RobotSimForPA/ErrorAdditionR1/R1_Error3_Toggle,0,0.0,,2228224,2025-08-11 17:37:25
3445,RobotSimForPA/ErrorAdditionR1/R1_Error3_Toggle,0,0.0,,2228224,2025-08-11 17:37:26
3446,RobotSimForPA/ErrorAdditionR1/R1_Error3_Toggle,0,0.0,,2228224,2025-08-11 17:37:27
3447,RobotSimForPA/ErrorAdditionR1/R1_Error3_Toggle,0,0.0,,2228224,2025-08-11 17:37:28
3448,RobotSimForPA/ErrorAdditionR1/R1_Error3_Toggle,0,0.0,,2228224,2025-08-11 17:37:29
3449,RobotSimForPA/ErrorAdditionR1/R1_Error3_Toggle,0,0.0,,2228224,2025-08-11 17:37:30
3450,RobotSimForPA/ErrorAdditionR1/R1_Error3_Toggle,0,0.0,,2228224,2025-08-11 17:37:31
3451,RobotSimForPA/ErrorAdditionR1/R1_Error3_Toggle,0,0.0,,2228224,2025-08-11 17:37:32
3452,RobotSimForPA/ErrorAdditionR1/R1_Error3_Toggle,0,0.0,,2228224,2025-08-11 17:37:33
3453,RobotSimForPA/ErrorAdditionR1/R1_Error3_Toggle,0,0.0,,2228224,2025-08-11 17:37:34
3454,RobotSimForPA/ErrorAdditionR1/R1_Error3_Toggle,0,0.0,,2228224,2025-08-11 17:37:35
3455,RobotSimForPA/ErrorAdditionR1/R1_Error3_Toggle,0,0.0,,2228224,2025-08-11 17:37:36
3456,RobotSimForPA/ErrorAdditionR1/R1_Error3_Toggle,0,0.0,,2228224,2025-08-11 17:37:37
3457,RobotSimForPA/ErrorAdditionR1/R1_Error3_Toggle,0,0.0,,2228224,2025-08-11 17:37:38
3458,RobotSimForPA/ErrorAdditionR1/R1_Error3_Toggle,0,0.0,,2228224,2025-08-11 17:37:39
3459,RobotSimForPA/ErrorAdditionR1/R1_Error3_Toggle,0,0.0,,2228224,2025-08-11 17:37:40
3460,RobotSimForPA/ErrorAdditionR1/R1_Error3_Toggle,0,0.0,,2228224,2025-08-11 17:37:41
3461,RobotSimForPA/ErrorAdditionR1/R1_Error3_Toggle,0,0.0,,2228224,2025-08-11 17:37:42
3462,RobotSimForPA/ErrorAdditionR1/R1_Error3_Toggle,0,0.0,,2228224,2025-08-11 17:37:43
3463,RobotSimForPA/ErrorAdditionR1/R1_Error3_Toggle,0,0.0,,2228224,2025-08-11 17:37:44
3464,RobotSimForPA/ErrorAdditionR1/R1_Error3_Toggle,0,0.0,,2228224,2025-08-11 17:37:45
3465,RobotSimForPA/ErrorAdditionR1/R1_Error3_Toggle,0,0.0,,2228224,2025-08-11 17:37:46
3466,RobotSimForPA/ErrorAdditionR1/R1_Error3_Toggle,0,0.0,,2228224,2025-08-11 17:37:47
3467,RobotSimForPA/ErrorAdditionR1/R1_Error3_Toggle,0,0.0,,2228224,2025-08-11 17:37:48
3468,RobotSimForPA/ErrorAdditionR1/R1_Error3_Toggle,0,0.0,,2228224,2025-08-11 17:37:49
3469,RobotSimForPA/ErrorAdditionR1/R1_Error3_Toggle,0,0.0,,2228224,2025-08-11 17:37:50
3470,RobotSimForPA/ErrorAdditionR1/R1_Error3_Toggle,0,0.0,,2228224,2025-08-11 17:37:51
3471,RobotSimForPA/ErrorAdditionR1/R1_Error3_Toggle,0,0.0,,2228224,2025-08-11 17:37:52
3472,RobotSimForPA/ErrorAdditionR1/R1_Error3_Toggle,0,0.0,,2228224,2025-08-11 17:37:53
3473,RobotSimForPA/ErrorAdditionR1/R1_Error3_Toggle,0,0.0,,2228224,2025-08-11 17:37:54
3474,RobotSimForPA/ErrorAdditionR1/R1_Error3_Toggle,0,0.0,,2228224,2025-08-11 17:37:55
3475,RobotSimForPA/ErrorAdditionR1/R1_Error3_Toggle,0,0.0,,2228224,2025-08-11 17:37:56
3476,RobotSimForPA/ErrorAdditionR1/R1_Error3_Toggle,0,0.0,,2228224,2025-08-11 17:37:57
3477,RobotSimForPA/ErrorAdditionR1/R1_Error3_Toggle,0,0.0,,2228224,2025-08-11 17:37:58
3478,RobotSimForPA/ErrorAdditionR1/R1_Error3_Toggle,0,0.0,,2228224,2025-08-11 17:37:59
3479,RobotSimForPA/ErrorAdditionR1/R1_Error3_Toggle,0,0.0,,2228224,2025-08-11 17:38:00
3480,RobotSimForPA/ErrorAdditionR1/R1_Error3_Toggle,0,0.0,,2228224,2025-08-11 17:38:01
3481,RobotSimForPA/ErrorAdditionR1/R1_Error3_Toggle,0,0.0,,2228224,2025-08-11 17:38:02
3482,RobotSimForPA/ErrorAdditionR1/R1_Error3_Toggle,0,0.0,,2228224,2025-08-11 17:38:03
3483,RobotSimForPA/ErrorAdditionR1/R1_Error3_Toggle,0,0.0,,2228224,2025-08-11 17:38:04
3484,RobotSimForPA/ErrorAdditionR1/R1_Error3_Toggle,0,0.0,,2228224,2025-08-11 17:38:05
3485,RobotSimForPA/ErrorAdditionR1/R1_Error3_Toggle,0,0.0,,2228224,2025-08-11 17:38:06
3486,RobotSimForPA/ErrorAdditionR1/R1_Error3_Toggle,0,0.0,,2228224,2025-08-11 17:38:07
3487,RobotSimForPA/ErrorAdditionR1/R1_Error3_Toggle,0,0.0,,2228224,2025-08-11 17:38:08
3488,RobotSimForPA/ErrorAdditionR1/R1_Error3_Toggle,0,0.0,,2228224,2025-08-11 17:38:09
3489,RobotSimForPA/ErrorAdditionR1/R1_Error3_Toggle,0,0.0,,2228224,2025-08-11 17:38:10
3490,RobotSimForPA/ErrorAdditionR1/R1_Error3_Toggle,0,0.0,,2228224,2025-08-11 17:38:11
3491,RobotSimForPA/ErrorAdditionR1/R1_Error3_Toggle,0,0.0,,2228224,2025-08-11 17:38:12
3492,RobotSimForPA/ErrorAdditionR1/R1_Error3_Toggle,0,0.0,,2228224,2025-08-11 17:38:13
3493,RobotSimForPA/ErrorAdditionR1/R1_Error3_Toggle,0,0.0,,2228224,2025-08-11 17:38:14
3494,RobotSimForPA/ErrorAdditionR1/R1_Error3_Toggle,0,0.0,,2228224,2025-08-11 17:38:15
3495,RobotSimForPA/ErrorAdditionR1/R1_Error3_Toggle,0,0.0,,2228224,2025-08-11 17:38:16
3496,RobotSimForPA/ErrorAdditionR1/R1_Error3_Toggle,0,0.0,,2228224,2025-08-11 17:38:17
3497,RobotSimForPA/ErrorAdditionR1/R1_Error3_Toggle,0,0.0,,2228224,2025-08-11 17:38:18
3498,RobotSimForPA/ErrorAdditionR1/R1_Error3_Toggle,0,0.0,,2228224,2025-08-11 17:38:19
3499,RobotSimForPA/ErrorAdditionR1/R1_Error3_Toggle,0,0.0,,2228224,2025-08-11 17:38:20
3500,RobotSimForPA/ErrorAdditionR1/R1_Error3_Toggle,0,0.0,,2228224,2025-08-11 17:38:21
3501,RobotSimForPA/ErrorAdditionR1/R1_Error3_Toggle,0,0.0,,2228224,2025-08-11 17:38:22
3502,RobotSimForPA/ErrorAdditionR1/R1_Error3_Toggle,0,0.0,,2228224,2025-08-11 17:38:23
3503,RobotSimForPA/ErrorAdditionR1/R1_Error3_Toggle,0,0.0,,2228224,2025-08-11 17:38:24
3504,RobotSimForPA/ErrorAdditionR1/R1_Error3_Toggle,0,0.0,,2228224,2025-08-11 17:38:25
3505,RobotSimForPA/ErrorAdditionR1/R1_Error3_Toggle,0,0.0,,2228224,2025-08-11 17:38:26
3506,RobotSimForPA/ErrorAdditionR1/R1_Error3_Toggle,0,0.0,,2228224,2025-08-11 17:38:27
3507,RobotSimForPA/ErrorAdditionR1/R1_Error3_Toggle,0,0.0,,2228224,2025-08-11 17:38:28
3508,RobotSimForPA/ErrorAdditionR1/R1_Error3_Toggle,0,0.0,,2228224,2025-08-11 17:38:29
3509,RobotSimForPA/ErrorAdditionR1/R1_Error3_Toggle,0,0.0,,2228224,2025-08-11 17:38:30
3510,RobotSimForPA/ErrorAdditionR1/R1_Error3_Toggle,0,0.0,,2228224,2025-08-11 17:38:31
3511,RobotSimForPA/ErrorAdditionR1/R1_Error3_Toggle,0,0.0,,2228224,2025-08-11 17:38:32
3512,RobotSimForPA/ErrorAdditionR1/R1_Error3_Toggle,0,0.0,,2228224,2025-08-11 17:38:33
3513,RobotSimForPA/ErrorAdditionR1/R1_Error3_Toggle,0,0.0,,2228224,2025-08-11 17:38:34
3514,RobotSimForPA/ErrorAdditionR1/R1_Error3_Toggle,0,0.0,,2228224,2025-08-11 17:38:35
3515,RobotSimForPA/ErrorAdditionR1/R1_Error3_Toggle,0,0.0,,2228224,2025-08-11 17:38:36
3516,RobotSimForPA/ErrorAdditionR1/R1_Error3_Toggle,0,0.0,,2228224,2025-08-11 17:38:37
3517,RobotSimForPA/ErrorAdditionR1/R1_Error3_Toggle,0,0.0,,2228224,2025-08-11 17:38:38
3518,RobotSimForPA/ErrorAdditionR1/R1_Error3_Toggle,0,0.0,,2228224,2025-08-11 17:38:39
3519,RobotSimForPA/ErrorAdditionR1/R1_Error3_Toggle,0,0.0,,2228224,2025-08-11 17:38:40
3520,RobotSimForPA/ErrorAdditionR1/R1_Error3_Toggle,0,0.0,,2228224,2025-08-11 17:38:41
3521,RobotSimForPA/ErrorAdditionR1/R1_Error3_Toggle,0,0.0,,2228224,2025-08-11 17:38:42
3522,RobotSimForPA/ErrorAdditionR1/R1_Error3_Toggle,0,0.0,,2228224,2025-08-11 17:38:43
3523,RobotSimForPA/ErrorAdditionR1/R1_Error3_Toggle,0,0.0,,2228224,2025-08-11 17:38:44
3524,RobotSimForPA/ErrorAdditionR1/R1_Error3_Toggle,0,0.0,,2228224,2025-08-11 17:38:45
3525,RobotSimForPA/ErrorAdditionR1/R1_Error3_Toggle,0,0.0,,2228224,2025-08-11 17:38:46
3526,RobotSimForPA/ErrorAdditionR1/R1_Error3_Toggle,0,0.0,,2228224,2025-08-11 17:38:47
3527,RobotSimForPA/ErrorAdditionR1/R1_Error3_Toggle,0,0.0,,2228224,2025-08-11 17:38:48
3528,RobotSimForPA/ErrorAdditionR1/R1_Error3_Toggle,0,0.0,,2228224,2025-08-11 17:38:49
3529,RobotSimForPA/ErrorAdditionR1/R1_Error3_Toggle,0,0.0,,2228224,2025-08-11 17:38:50
3530,RobotSimForPA/ErrorAdditionR1/R1_Error3_Toggle,0,0.0,,2228224,2025-08-11 17:38:51
3531,RobotSimForPA/ErrorAdditionR1/R1_Error3_Toggle,0,0.0,,2228224,2025-08-11 17:38:52
3532,RobotSimForPA/ErrorAdditionR1/R1_Error3_Toggle,0,0.0,,2228224,2025-08-11 17:38:53
3533,RobotSimForPA/ErrorAdditionR1/R1_Error3_Toggle,0,0.0,,2228224,2025-08-11 17:38:54
3534,RobotSimForPA/ErrorAdditionR1/R1_Error3_Toggle,0,0.0,,2228224,2025-08-11 17:38:55
3535,RobotSimForPA/ErrorAdditionR1/R1_Error3_Toggle,0,0.0,,2228224,2025-08-11 17:38:56
3536,RobotSimForPA/ErrorAdditionR1/R1_Error3_Toggle,0,0.0,,2228224,2025-08-11 17:38:57
3537,RobotSimForPA/ErrorAdditionR1/R1_Error3_Toggle,0,0.0,,2228224,2025-08-11 17:38:58
3538,RobotSimForPA/ErrorAdditionR1/R1_Error3_Toggle,0,0.0,,2228224,2025-08-11 17:38:59
3539,RobotSimForPA/ErrorAdditionR1/R1_Error3_Toggle,0,0.0,,2228224,2025-08-11 17:39:00
3540,RobotSimForPA/ErrorAdditionR1/R1_Error3_Toggle,0,0.0,,2228224,2025-08-11 17:39:01
3541,RobotSimForPA/ErrorAdditionR1/R1_Error3_Toggle,0,0.0,,2228224,2025-08-11 17:39:02
3542,RobotSimForPA/ErrorAdditionR1/R1_Error3_Toggle,0,0.0,,2228224,2025-08-11 17:39:03
3543,RobotSimForPA/ErrorAdditionR1/R1_Error3_Toggle,0,0.0,,2228224,2025-08-11 17:39:04
3544,RobotSimForPA/ErrorAdditionR1/R1_Error3_Toggle,0,0.0,,2228224,2025-08-11 17:39:05
3545,RobotSimForPA/ErrorAdditionR1/R1_Error3_Toggle,0,0.0,,2228224,2025-08-11 17:39:06
3546,RobotSimForPA/ErrorAdditionR1/R1_Error3_Toggle,0,0.0,,2228224,2025-08-11 17:39:07
3547,RobotSimForPA/ErrorAdditionR1/R1_Error3_Toggle,0,0.0,,2228224,2025-08-11 17:39:08
3548,RobotSimForPA/ErrorAdditionR1/R1_Error3_Toggle,0,0.0,,2228224,2025-08-11 17:39:09
3549,RobotSimForPA/ErrorAdditionR1/R1_Error3_Toggle,0,0.0,,2228224,2025-08-11 17:39:10
3550,RobotSimForPA/ErrorAdditionR1/R1_Error3_Toggle,0,0.0,,2228224,2025-08-11 17:39:11
3551,RobotSimForPA/ErrorAdditionR1/R1_Error3_Toggle,0,0.0,,2228224,2025-08-11 17:39:12
3552,RobotSimForPA/ErrorAdditionR1/R1_Error3_Toggle,0,0.0,,2228224,2025-08-11 17:39:13
3553,RobotSimForPA/ErrorAdditionR1/R1_Error3_Toggle,0,0.0,,2228224,2025-08-11 17:39:14
3554,RobotSimForPA/ErrorAdditionR1/R1_Error3_Toggle,0,0.0,,2228224,2025-08-11 17:39:15
3555,RobotSimForPA/ErrorAdditionR1/R1_Error3_Toggle,0,0.0,,2228224,2025-08-11 17:39:16
3556,RobotSimForPA/ErrorAdditionR1/R1_Error3_Toggle,0,0.0,,2228224,2025-08-11 17:39:17
3557,RobotSimForPA/ErrorAdditionR1/R1_Error3_Toggle,0,0.0,,2228224,2025-08-11 17:39:18
3558,RobotSimForPA/ErrorAdditionR1/R1_Error3_Toggle,0,0.0,,2228224,2025-08-11 17:39:19
3559,RobotSimForPA/ErrorAdditionR1/R1_Error3_Toggle,0,0.0,,2228224,2025-08-11 17:39:20
3560,RobotSimForPA/ErrorAdditionR1/R1_Error3_Toggle,0,0.0,,2228224,2025-08-11 17:39:21
3561,RobotSimForPA/ErrorAdditionR1/R1_Error3_Toggle,0,0.0,,2228224,2025-08-11 17:39:22
3562,RobotSimForPA/ErrorAdditionR1/R1_Error3_Toggle,0,0.0,,2228224,2025-08-11 17:39:23
3563,RobotSimForPA/ErrorAdditionR1/R1_Error3_Toggle,0,0.0,,2228224,2025-08-11 17:39:24
3564,RobotSimForPA/ErrorAdditionR1/R1_Error3_Toggle,0,0.0,,2228224,2025-08-11 17:39:25
3565,RobotSimForPA/ErrorAdditionR1/R1_Error3_Toggle,0,0.0,,2228224,2025-08-11 17:39:26
3566,RobotSimForPA/ErrorAdditionR1/R1_Error3_Toggle,0,0.0,,2228224,2025-08-11 17:39:27
3567,RobotSimForPA/ErrorAdditionR1/R1_Error3_Toggle,0,0.0,,2228224,2025-08-11 17:39:28
3568,RobotSimForPA/ErrorAdditionR1/R1_Error3_Toggle,0,0.0,,2228224,2025-08-11 17:39:29
3569,RobotSimForPA/ErrorAdditionR1/R1_Error3_Toggle,0,0.0,,2228224,2025-08-11 17:39:30
3570,RobotSimForPA/ErrorAdditionR1/R1_Error3_Toggle,0,0.0,,2228224,2025-08-11 17:39:31
3571,RobotSimForPA/ErrorAdditionR1/R1_Error3_Toggle,0,0.0,,2228224,2025-08-11 17:39:32
3572,RobotSimForPA/ErrorAdditionR1/R1_Error3_Toggle,0,0.0,,2228224,2025-08-11 17:39:33
3573,RobotSimForPA/ErrorAdditionR1/R1_Error3_Toggle,0,0.0,,2228224,2025-08-11 17:39:34
3574,RobotSimForPA/ErrorAdditionR1/R1_Error3_Toggle,0,0.0,,2228224,2025-08-11 17:39:35
3575,RobotSimForPA/ErrorAdditionR1/R1_Error3_Toggle,0,0.0,,2228224,2025-08-11 17:39:36
3576,RobotSimForPA/ErrorAdditionR1/R1_Error3_Toggle,0,0.0,,2228224,2025-08-11 17:39:37
3577,RobotSimForPA/ErrorAdditionR1/R1_Error3_Toggle,0,0.0,,2228224,2025-08-11 17:39:38
3578,RobotSimForPA/ErrorAdditionR1/R1_Error3_Toggle,0,0.0,,2228224,2025-08-11 17:39:39
3579,RobotSimForPA/ErrorAdditionR1/R1_Error3_Toggle,0,0.0,,2228224,2025-08-11 17:39:40
3580,RobotSimForPA/ErrorAdditionR1/R1_Error3_Toggle,0,0.0,,2228224,2025-08-11 17:39:41
3581,RobotSimForPA/ErrorAdditionR1/R1_Error3_Toggle,0,0.0,,2228224,2025-08-11 17:39:42
3582,RobotSimForPA/ErrorAdditionR1/R1_Error3_Toggle,0,0.0,,2228224,2025-08-11 17:39:43
3583,RobotSimForPA/ErrorAdditionR1/R1_Error3_Toggle,0,0.0,,2228224,2025-08-11 17:39:44
3584,RobotSimForPA/ErrorAdditionR1/R1_Error3_Toggle,0,0.0,,2228224,2025-08-11 17:39:45
3585,RobotSimForPA/ErrorAdditionR1/R1_Error3_Toggle,0,0.0,,2228224,2025-08-11 17:39:46
3586,RobotSimForPA/ErrorAdditionR1/R1_Error3_Toggle,0,0.0,,2228224,2025-08-11 17:39:47
3587,RobotSimForPA/ErrorAdditionR1/R1_Error3_Toggle,0,0.0,,2228224,2025-08-11 17:39:48
3588,RobotSimForPA/ErrorAdditionR1/R1_Error3_Toggle,0,0.0,,2228224,2025-08-11 17:39:49
3589,RobotSimForPA/ErrorAdditionR1/R1_Error3_Toggle,0,0.0,,2228224,2025-08-11 17:39:50
3590,RobotSimForPA/ErrorAdditionR1/R1_Error3_Toggle,0,0.0,,2228224,2025-08-11 17:39:51
3591,RobotSimForPA/ErrorAdditionR1/R1_Error3_Toggle,0,0.0,,2228224,2025-08-11 17:39:52
3592,RobotSimForPA/ErrorAdditionR1/R1_Error3_Toggle,0,0.0,,2228224,2025-08-11 17:39:53
3593,RobotSimForPA/ErrorAdditionR1/R1_Error3_Toggle,0,0.0,,2228224,2025-08-11 17:39:54
3594,RobotSimForPA/ErrorAdditionR1/R1_Error3_Toggle,0,0.0,,2228224,2025-08-11 17:39:55
3595,RobotSimForPA/ErrorAdditionR1/R1_Error3_Toggle,0,0.0,,2228224,2025-08-11 17:39:56
3596,RobotSimForPA/ErrorAdditionR1/R1_Error3_Toggle,0,0.0,,2228224,2025-08-11 17:39:57
3597,RobotSimForPA/ErrorAdditionR1/R1_Error3_Toggle,0,0.0,,2228224,2025-08-11 17:39:58
3598,RobotSimForPA/ErrorAdditionR1/R1_Error3_Toggle,0,0.0,,2228224,2025-08-11 17:39:59
3599,RobotSimForPA/ErrorAdditionR1/R1_Error3_Toggle,0,0.0,,2228224,2025-08-11 17:40:00
